[2025/07/12  3:30:03.29] Starting price update with correct Python path... 
[2025/07/12  3:30:03.32] Using Python from Anaconda maki2 environment 
2025-07-12 03:30:04,388 - INFO - === 価格データの自動更新を開始 ===
2025-07-12 03:30:04,388 - INFO - --- 仮想通貨価格の更新 ---
2025-07-12 03:30:09,746 - INFO - 仮想通貨価格の更新が完了しました
2025-07-12 03:30:09,746 - INFO - --- 貴金属価格の更新 ---
2025-07-12 03:30:10,696 - INFO - 貴金属価格の更新が完了しました
2025-07-12 03:30:10,712 - INFO - --- 実行日の更新 ---
2025-07-12 03:30:11,189 - INFO - 実行日の更新が完了しました
2025-07-12 03:30:11,189 - INFO - === 更新完了: 3/3 タスクが成功 ===
2025-07-12 03:30:11,194 - INFO - 全ての更新が正常に完了しました
価格取得エラー: Expecting value: line 1 column 1 (char 0)
ビットコイン価格: 1731.36万円
イーサリウム価格: 44.06万円
J29（ビットコイン価格）を 1731.36万円 に更新しました
J30（イーサリウム価格）を 44.06万円 に更新しました
ファイル 'datasets/maki_250630.xlsx' の更新が完了しました（書式保持）。
田中貴金属買取価格を取得しました:
金: 17208.00円/g
プラチナ: 6968.00円/g
銀: 190.96円/g
R30（金買取価格）を 17208.00円/g に更新しました
R31（銀買取価格）を 190.96円/g に更新しました
R32（プラチナ買取価格）を 6968.00円/g に更新しました
ストックシートの貴金属価格更新が完了しました（書式保持）。
H15に実行日 2025/07/12 を更新しました
H13に実行日 2025/07/12 を更新しました
家計資産シートの実行日更新が完了しました（書式保持）。
[2025/07/12  3:30:11.50] Price update completed successfully 
[2025/07/13  3:30:03.23] Starting price update with correct Python path... 
[2025/07/13  3:30:03.25] Using Python from Anaconda maki2 environment 
2025-07-13 03:30:05,012 - INFO - === 価格データの自動更新を開始 ===
2025-07-13 03:30:05,028 - INFO - --- 仮想通貨価格の更新 ---
2025-07-13 03:30:09,668 - INFO - 仮想通貨価格の更新が完了しました
2025-07-13 03:30:09,669 - INFO - --- 貴金属価格の更新 ---
2025-07-13 03:30:10,472 - INFO - 貴金属価格の更新が完了しました
2025-07-13 03:30:10,472 - INFO - --- 実行日の更新 ---
2025-07-13 03:30:10,982 - INFO - 実行日の更新が完了しました
2025-07-13 03:30:10,982 - INFO - === 更新完了: 3/3 タスクが成功 ===
2025-07-13 03:30:10,992 - INFO - 全ての更新が正常に完了しました
価格取得エラー: Expecting value: line 1 column 1 (char 0)
ビットコイン価格: 1731.26万円
イーサリウム価格: 43.31万円
J29（ビットコイン価格）を 1731.26万円 に更新しました
J30（イーサリウム価格）を 43.31万円 に更新しました
ファイル 'datasets/maki_250630.xlsx' の更新が完了しました（書式保持）。
田中貴金属買取価格を取得しました:
金: 17208.00円/g
プラチナ: 6968.00円/g
銀: 190.96円/g
R30（金買取価格）を 17208.00円/g に更新しました
R31（銀買取価格）を 190.96円/g に更新しました
R32（プラチナ買取価格）を 6968.00円/g に更新しました
ストックシートの貴金属価格更新が完了しました（書式保持）。
H15に実行日 2025/07/13 を更新しました
H13に実行日 2025/07/13 を更新しました
家計資産シートの実行日更新が完了しました（書式保持）。
[2025/07/13  3:30:11.39] Price update completed successfully 
[2025/07/14  3:30:03.45] Starting price update with correct Python path... 
[2025/07/14  3:30:03.50] Using Python from Anaconda maki2 environment 
2025-07-14 03:30:04,556 - INFO - === 価格データの自動更新を開始 ===
2025-07-14 03:30:04,556 - INFO - --- 仮想通貨価格の更新 ---
2025-07-14 03:30:09,169 - INFO - 仮想通貨価格の更新が完了しました
2025-07-14 03:30:09,171 - INFO - --- 貴金属価格の更新 ---
2025-07-14 03:30:10,029 - INFO - 貴金属価格の更新が完了しました
2025-07-14 03:30:10,033 - INFO - --- 実行日の更新 ---
2025-07-14 03:30:10,636 - INFO - 実行日の更新が完了しました
2025-07-14 03:30:10,636 - INFO - === 更新完了: 3/3 タスクが成功 ===
2025-07-14 03:30:10,636 - INFO - 全ての更新が正常に完了しました
価格取得エラー: Expecting value: line 1 column 1 (char 0)
ビットコイン価格: 1743.33万円
イーサリウム価格: 43.94万円
J29（ビットコイン価格）を 1743.33万円 に更新しました
J30（イーサリウム価格）を 43.94万円 に更新しました
ファイル 'datasets/maki_250630.xlsx' の更新が完了しました（書式保持）。
田中貴金属買取価格を取得しました:
金: 17208.00円/g
プラチナ: 6968.00円/g
銀: 190.96円/g
R30（金買取価格）を 17208.00円/g に更新しました
R31（銀買取価格）を 190.96円/g に更新しました
R32（プラチナ買取価格）を 6968.00円/g に更新しました
ストックシートの貴金属価格更新が完了しました（書式保持）。
H15に実行日 2025/07/14 を更新しました
H13に実行日 2025/07/14 を更新しました
家計資産シートの実行日更新が完了しました（書式保持）。
[2025/07/14  3:30:10.86] Price update completed successfully 
[2025/07/14 11:22:00.56] Starting price update (PowerShell version)... 
[2025/07/14 11:22:10.19] PowerShell execution completed 
[2025/07/15  3:30:03.44] Starting price update with correct Python path... 
[2025/07/15  3:30:03.46] Using Python from Anaconda maki2 environment 
2025-07-15 03:30:04,498 - INFO - === 価格データの自動更新を開始 ===
2025-07-15 03:30:04,498 - INFO - --- 仮想通貨価格の更新 ---
2025-07-15 03:30:05,319 - INFO - 仮想通貨価格の更新が完了しました
2025-07-15 03:30:05,319 - INFO - --- 貴金属価格の更新 ---
2025-07-15 03:30:05,850 - INFO - 貴金属価格の更新が完了しました
2025-07-15 03:30:05,853 - INFO - --- 実行日の更新 ---
2025-07-15 03:30:05,996 - INFO - 実行日の更新が完了しました
2025-07-15 03:30:05,996 - INFO - === 更新完了: 3/3 タスクが成功 ===
2025-07-15 03:30:05,996 - INFO - 全ての更新が正常に完了しました
価格取得エラー: Expecting value: line 1 column 1 (char 0)
ビットコイン価格: 1773.57万円
イーサリウム価格: 44.44万円
J29（ビットコイン価格）を 1773.57万円 に更新しました
J30（イーサリウム価格）を 44.44万円 に更新しました
ファイル 'datasets/maki_250630.xlsx' の更新が完了しました（書式保持）。
田中貴金属買取価格を取得しました:
金: 17386.00円/g
プラチナ: 7125.00円/g
銀: 199.87円/g
R30（金買取価格）を 17386.00円/g に更新しました
R31（銀買取価格）を 199.87円/g に更新しました
R32（プラチナ買取価格）を 7125.00円/g に更新しました
ストックシートの貴金属価格更新が完了しました（書式保持）。
H15に実行日 2025/07/15 を更新しました
H13に実行日 2025/07/15 を更新しました
家計資産シートの実行日更新が完了しました（書式保持）。
[2025/07/15  3:30:06.09] Price update completed successfully 
[2025/07/16  3:30:03.46] Starting price update with correct Python path... 
[2025/07/16  3:30:03.49] Using Python from Anaconda maki2 environment 
2025-07-16 03:30:05,052 - INFO - === 価格データの自動更新を開始 ===
2025-07-16 03:30:05,052 - INFO - --- 仮想通貨価格の更新 ---
2025-07-16 03:30:10,969 - INFO - 仮想通貨価格の更新が完了しました
2025-07-16 03:30:10,969 - INFO - --- 貴金属価格の更新 ---
2025-07-16 03:30:12,149 - INFO - 貴金属価格の更新が完了しました
2025-07-16 03:30:12,155 - INFO - --- 実行日の更新 ---
2025-07-16 03:30:12,689 - INFO - 実行日の更新が完了しました
2025-07-16 03:30:12,689 - INFO - === 更新完了: 3/3 タスクが成功 ===
2025-07-16 03:30:12,689 - INFO - 全ての更新が正常に完了しました
価格取得エラー: Expecting value: line 1 column 1 (char 0)
ビットコイン価格: 1741.08万円
イーサリウム価格: 45.90万円
J29（ビットコイン価格）を 1741.08万円 に更新しました
J30（イーサリウム価格）を 45.90万円 に更新しました
ファイル 'datasets/maki_250630.xlsx' の更新が完了しました（書式保持）。
田中貴金属買取価格を取得しました:
金: 17437.00円/g
プラチナ: 7091.00円/g
銀: 196.68円/g
R30（金買取価格）を 17437.00円/g に更新しました
R31（銀買取価格）を 196.68円/g に更新しました
R32（プラチナ買取価格）を 7091.00円/g に更新しました
ストックシートの貴金属価格更新が完了しました（書式保持）。
H15に実行日 2025/07/16 を更新しました
H13に実行日 2025/07/16 を更新しました
家計資産シートの実行日更新が完了しました（書式保持）。
[2025/07/16  3:30:12.91] Price update completed successfully 
[2025/07/17  3:30:03.64] Starting price update with correct Python path... 
[2025/07/17  3:30:03.75] Using Python from Anaconda maki2 environment 
2025-07-17 03:30:04,818 - INFO - === 価格データの自動更新を開始 ===
2025-07-17 03:30:04,834 - INFO - --- 仮想通貨価格の更新 ---
2025-07-17 03:30:05,723 - INFO - 仮想通貨価格の更新が完了しました
2025-07-17 03:30:05,723 - INFO - --- 貴金属価格の更新 ---
2025-07-17 03:30:06,131 - INFO - 貴金属価格の更新が完了しました
2025-07-17 03:30:06,131 - INFO - --- 実行日の更新 ---
2025-07-17 03:30:06,306 - INFO - 実行日の更新が完了しました
2025-07-17 03:30:06,306 - INFO - === 更新完了: 3/3 タスクが成功 ===
2025-07-17 03:30:06,306 - INFO - 全ての更新が正常に完了しました
価格取得エラー: Expecting value: line 1 column 1 (char 0)
ビットコイン価格: 1761.94万円
イーサリウム価格: 49.44万円
J29（ビットコイン価格）を 1761.94万円 に更新しました
J30（イーサリウム価格）を 49.44万円 に更新しました
ファイル 'datasets/maki_250630.xlsx' の更新が完了しました（書式保持）。
田中貴金属買取価格を取得しました:
金: 17466.00円/g
プラチナ: 7163.00円/g
銀: 196.57円/g
R30（金買取価格）を 17466.00円/g に更新しました
R31（銀買取価格）を 196.57円/g に更新しました
R32（プラチナ買取価格）を 7163.00円/g に更新しました
ストックシートの貴金属価格更新が完了しました（書式保持）。
H15に実行日 2025/07/17 を更新しました
H13に実行日 2025/07/17 を更新しました
家計資産シートの実行日更新が完了しました（書式保持）。
[2025/07/17  3:30:06.40] Price update completed successfully 
[2025/07/18  3:30:02.24] Starting price update with correct Python path... 
[2025/07/18  3:30:02.31] Using Python from Anaconda maki2 environment 
2025-07-18 03:30:04,000 - INFO - === 価格データの自動更新を開始 ===
2025-07-18 03:30:04,015 - INFO - --- 仮想通貨価格の更新 ---
2025-07-18 03:30:04,623 - INFO - 仮想通貨価格の更新が完了しました
2025-07-18 03:30:04,623 - INFO - --- 貴金属価格の更新 ---
2025-07-18 03:30:05,054 - INFO - 貴金属価格の更新が完了しました
2025-07-18 03:30:05,054 - INFO - --- 実行日の更新 ---
2025-07-18 03:30:05,209 - INFO - 実行日の更新が完了しました
2025-07-18 03:30:05,209 - INFO - === 更新完了: 3/3 タスクが成功 ===
2025-07-18 03:30:05,215 - INFO - 全ての更新が正常に完了しました
価格取得エラー: Expecting value: line 1 column 1 (char 0)
ビットコイン価格: 1778.58万円
イーサリウム価格: 51.06万円
J29（ビットコイン価格）を 1778.58万円 に更新しました
J30（イーサリウム価格）を 51.06万円 に更新しました
ファイル 'datasets/maki_250630.xlsx' の更新が完了しました（書式保持）。
田中貴金属買取価格を取得しました:
金: 17442.00円/g
プラチナ: 7358.00円/g
銀: 197.01円/g
R30（金買取価格）を 17442.00円/g に更新しました
R31（銀買取価格）を 197.01円/g に更新しました
R32（プラチナ買取価格）を 7358.00円/g に更新しました
ストックシートの貴金属価格更新が完了しました（書式保持）。
H15に実行日 2025/07/18 を更新しました
H13に実行日 2025/07/18 を更新しました
家計資産シートの実行日更新が完了しました（書式保持）。
[2025/07/18  3:30:05.28] Price update completed successfully 
[2025/07/19  3:30:03.17] Starting price update with correct Python path... 
[2025/07/19  3:30:03.22] Using Python from Anaconda maki2 environment 
2025-07-19 03:30:04,283 - INFO - === 価格データの自動更新を開始 ===
2025-07-19 03:30:04,283 - INFO - --- 仮想通貨価格の更新 ---
2025-07-19 03:30:05,085 - INFO - 仮想通貨価格の更新が完了しました
2025-07-19 03:30:05,085 - INFO - --- 貴金属価格の更新 ---
2025-07-19 03:30:05,512 - INFO - 貴金属価格の更新が完了しました
2025-07-19 03:30:05,512 - INFO - --- 実行日の更新 ---
2025-07-19 03:30:05,634 - INFO - 実行日の更新が完了しました
2025-07-19 03:30:05,635 - INFO - === 更新完了: 3/3 タスクが成功 ===
2025-07-19 03:30:05,635 - INFO - 全ての更新が正常に完了しました
価格取得エラー: Expecting value: line 1 column 1 (char 0)
ビットコイン価格: 1749.08万円
イーサリウム価格: 53.48万円
J29（ビットコイン価格）を 1749.08万円 に更新しました
J30（イーサリウム価格）を 53.48万円 に更新しました
ファイル 'datasets/maki_250630.xlsx' の更新が完了しました（書式保持）。
田中貴金属買取価格を取得しました:
金: 17434.00円/g
プラチナ: 7597.00円/g
銀: 197.78円/g
R30（金買取価格）を 17434.00円/g に更新しました
R31（銀買取価格）を 197.78円/g に更新しました
R32（プラチナ買取価格）を 7597.00円/g に更新しました
ストックシートの貴金属価格更新が完了しました（書式保持）。
H15に実行日 2025/07/19 を更新しました
H13に実行日 2025/07/19 を更新しました
家計資産シートの実行日更新が完了しました（書式保持）。
[2025/07/19  3:30:05.69] Price update completed successfully 
[2025/07/20  3:30:03.21] Starting price update with correct Python path... 
[2025/07/20  3:30:03.24] Using Python from Anaconda maki2 environment 
2025-07-20 03:30:12,939 - INFO - === 価格データの自動更新を開始 ===
2025-07-20 03:30:12,939 - INFO - --- 仮想通貨価格の更新 ---
2025-07-20 03:30:14,161 - INFO - 仮想通貨価格の更新が完了しました
2025-07-20 03:30:14,161 - INFO - --- 貴金属価格の更新 ---
2025-07-20 03:30:15,243 - INFO - 貴金属価格の更新が完了しました
2025-07-20 03:30:15,243 - INFO - --- 実行日の更新 ---
2025-07-20 03:30:15,880 - INFO - 実行日の更新が完了しました
2025-07-20 03:30:15,880 - INFO - === 更新完了: 3/3 タスクが成功 ===
2025-07-20 03:30:15,880 - INFO - 全ての更新が正常に完了しました
価格取得エラー: Expecting value: line 1 column 1 (char 0)
ビットコイン価格: 1755.58万円
イーサリウム価格: 52.88万円
J29（ビットコイン価格）を 1755.58万円 に更新しました
J30（イーサリウム価格）を 52.88万円 に更新しました
ファイル 'datasets/maki_250630.xlsx' の更新が完了しました（書式保持）。
田中貴金属買取価格を取得しました:
金: 17434.00円/g
プラチナ: 7597.00円/g
銀: 197.78円/g
R30（金買取価格）を 17434.00円/g に更新しました
R31（銀買取価格）を 197.78円/g に更新しました
R32（プラチナ買取価格）を 7597.00円/g に更新しました
ストックシートの貴金属価格更新が完了しました（書式保持）。
H15に実行日 2025/07/20 を更新しました
H13に実行日 2025/07/20 を更新しました
家計資産シートの実行日更新が完了しました（書式保持）。
[2025/07/20  3:30:16.30] Price update completed successfully 
[2025/07/21  3:30:03.55] Starting price update with correct Python path... 
[2025/07/21  3:30:03.57] Using Python from Anaconda maki2 environment 
2025-07-21 03:30:05,736 - INFO - === 価格データの自動更新を開始 ===
2025-07-21 03:30:05,736 - INFO - --- 仮想通貨価格の更新 ---
2025-07-21 03:30:06,315 - INFO - 仮想通貨価格の更新が完了しました
2025-07-21 03:30:06,315 - INFO - --- 貴金属価格の更新 ---
2025-07-21 03:30:06,903 - INFO - 貴金属価格の更新が完了しました
2025-07-21 03:30:06,903 - INFO - --- 実行日の更新 ---
2025-07-21 03:30:07,408 - INFO - 実行日の更新が完了しました
2025-07-21 03:30:07,408 - INFO - === 更新完了: 3/3 タスクが成功 ===
2025-07-21 03:30:07,408 - INFO - 全ての更新が正常に完了しました
価格取得エラー: Expecting value: line 1 column 1 (char 0)
ビットコイン価格: 1759.10万円
イーサリウム価格: 55.73万円
J29（ビットコイン価格）を 1759.10万円 に更新しました
J30（イーサリウム価格）を 55.73万円 に更新しました
ファイル 'datasets/maki_250630.xlsx' の更新が完了しました（書式保持）。
田中貴金属買取価格を取得しました:
金: 17434.00円/g
プラチナ: 7597.00円/g
銀: 197.78円/g
R30（金買取価格）を 17434.00円/g に更新しました
R31（銀買取価格）を 197.78円/g に更新しました
R32（プラチナ買取価格）を 7597.00円/g に更新しました
ストックシートの貴金属価格更新が完了しました（書式保持）。
H15に実行日 2025/07/21 を更新しました
H13に実行日 2025/07/21 を更新しました
家計資産シートの実行日更新が完了しました（書式保持）。
[2025/07/21  3:30:07.88] Price update completed successfully 
[2025/07/22  3:30:03.71] Starting price update with correct Python path... 
[2025/07/22  3:30:03.80] Using Python from Anaconda maki2 environment 
2025-07-22 03:30:05,494 - INFO - === 価格データの自動更新を開始 ===
2025-07-22 03:30:05,621 - INFO - --- 仮想通貨価格の更新 ---
2025-07-22 03:30:06,267 - INFO - 仮想通貨価格の更新が完了しました
2025-07-22 03:30:06,267 - INFO - --- 貴金属価格の更新 ---
2025-07-22 03:30:06,550 - INFO - 貴金属価格の更新が完了しました
2025-07-22 03:30:06,550 - INFO - --- 実行日の更新 ---
2025-07-22 03:30:06,710 - INFO - 実行日の更新が完了しました
2025-07-22 03:30:06,710 - INFO - === 更新完了: 3/3 タスクが成功 ===
2025-07-22 03:30:06,710 - INFO - 全ての更新が正常に完了しました
価格取得エラー: Expecting value: line 1 column 1 (char 0)
ビットコイン価格: 1738.11万円
イーサリウム価格: 55.81万円
J29（ビットコイン価格）を 1738.11万円 に更新しました
J30（イーサリウム価格）を 55.81万円 に更新しました
ファイル 'datasets/maki_250630.xlsx' の更新が完了しました（書式保持）。
田中貴金属買取価格を取得しました:
金: 17434.00円/g
プラチナ: 7597.00円/g
銀: 197.78円/g
R30（金買取価格）を 17434.00円/g に更新しました
R31（銀買取価格）を 197.78円/g に更新しました
R32（プラチナ買取価格）を 7597.00円/g に更新しました
ストックシートの貴金属価格更新が完了しました（書式保持）。
H15に実行日 2025/07/22 を更新しました
H13に実行日 2025/07/22 を更新しました
家計資産シートの実行日更新が完了しました（書式保持）。
[2025/07/22  3:30:06.78] Price update completed successfully 
[2025/07/23  3:30:03.52] Starting price update with correct Python path... 
[2025/07/23  3:30:03.56] Using Python from Anaconda maki2 environment 
2025-07-23 03:30:05,284 - INFO - === 価格データの自動更新を開始 ===
2025-07-23 03:30:05,310 - INFO - --- 仮想通貨価格の更新 ---
2025-07-23 03:30:10,947 - INFO - 仮想通貨価格の更新が完了しました
2025-07-23 03:30:10,948 - INFO - --- 貴金属価格の更新 ---
2025-07-23 03:30:11,703 - INFO - 貴金属価格の更新が完了しました
2025-07-23 03:30:11,703 - INFO - --- 実行日の更新 ---
2025-07-23 03:30:12,198 - INFO - 実行日の更新が完了しました
2025-07-23 03:30:12,198 - INFO - === 更新完了: 3/3 タスクが成功 ===
2025-07-23 03:30:12,198 - INFO - 全ての更新が正常に完了しました
価格取得エラー: Expecting value: line 1 column 1 (char 0)
ビットコイン価格: 1750.30万円
イーサリウム価格: 54.21万円
J29（ビットコイン価格）を 1750.30万円 に更新しました
J30（イーサリウム価格）を 54.21万円 に更新しました
ファイル 'datasets/maki_250630.xlsx' の更新が完了しました（書式保持）。
田中貴金属買取価格を取得しました:
金: 17577.00円/g
プラチナ: 7457.00円/g
銀: 199.54円/g
R30（金買取価格）を 17577.00円/g に更新しました
R31（銀買取価格）を 199.54円/g に更新しました
R32（プラチナ買取価格）を 7457.00円/g に更新しました
ストックシートの貴金属価格更新が完了しました（書式保持）。
H15に実行日 2025/07/23 を更新しました
H13に実行日 2025/07/23 を更新しました
家計資産シートの実行日更新が完了しました（書式保持）。
[2025/07/23  3:30:12.53] Price update completed successfully 
[2025/07/24  3:30:03.49] Starting price update with correct Python path... 
[2025/07/24  3:30:03.51] Using Python from Anaconda maki2 environment 
2025-07-24 03:30:04,962 - INFO - === 価格データの自動更新を開始 ===
2025-07-24 03:30:04,979 - INFO - --- 仮想通貨価格の更新 ---
2025-07-24 03:30:05,668 - INFO - 仮想通貨価格の更新が完了しました
2025-07-24 03:30:05,683 - INFO - --- 貴金属価格の更新 ---
2025-07-24 03:30:05,994 - INFO - 貴金属価格の更新が完了しました
2025-07-24 03:30:05,994 - INFO - --- 実行日の更新 ---
2025-07-24 03:30:06,146 - INFO - 実行日の更新が完了しました
2025-07-24 03:30:06,146 - INFO - === 更新完了: 3/3 タスクが成功 ===
2025-07-24 03:30:06,147 - INFO - 全ての更新が正常に完了しました
価格取得エラー: Expecting value: line 1 column 1 (char 0)
ビットコイン価格: 1731.01万円
イーサリウム価格: 52.68万円
J29（ビットコイン価格）を 1731.01万円 に更新しました
J30（イーサリウム価格）を 52.68万円 に更新しました
ファイル 'datasets/maki_250630.xlsx' の更新が完了しました（書式保持）。
田中貴金属買取価格を取得しました:
金: 17683.00円/g
プラチナ: 7400.00円/g
銀: 201.08円/g
R30（金買取価格）を 17683.00円/g に更新しました
R31（銀買取価格）を 201.08円/g に更新しました
R32（プラチナ買取価格）を 7400.00円/g に更新しました
ストックシートの貴金属価格更新が完了しました（書式保持）。
H15に実行日 2025/07/24 を更新しました
H13に実行日 2025/07/24 を更新しました
家計資産シートの実行日更新が完了しました（書式保持）。
[2025/07/24  3:30:06.26] Price update completed successfully 
[2025/07/25  3:30:02.50] Starting price update with correct Python path... 
[2025/07/25  3:30:02.54] Using Python from Anaconda maki2 environment 
2025-07-25 03:30:04,446 - INFO - === 価格データの自動更新を開始 ===
2025-07-25 03:30:04,462 - INFO - --- 仮想通貨価格の更新 ---
2025-07-25 03:30:09,666 - INFO - 仮想通貨価格の更新が完了しました
2025-07-25 03:30:09,667 - INFO - --- 貴金属価格の更新 ---
2025-07-25 03:30:10,533 - INFO - 貴金属価格の更新が完了しました
2025-07-25 03:30:10,535 - INFO - --- 実行日の更新 ---
2025-07-25 03:30:11,201 - INFO - 実行日の更新が完了しました
2025-07-25 03:30:11,217 - INFO - === 更新完了: 3/3 タスクが成功 ===
2025-07-25 03:30:11,217 - INFO - 全ての更新が正常に完了しました
価格取得エラー: Expecting value: line 1 column 1 (char 0)
ビットコイン価格: 1752.16万円
イーサリウム価格: 54.81万円
J29（ビットコイン価格）を 1752.16万円 に更新しました
J30（イーサリウム価格）を 54.81万円 に更新しました
ファイル 'datasets/maki_250630.xlsx' の更新が完了しました（書式保持）。
田中貴金属買取価格を取得しました:
金: 17358.00円/g
プラチナ: 7225.00円/g
銀: 199.10円/g
R30（金買取価格）を 17358.00円/g に更新しました
R31（銀買取価格）を 199.10円/g に更新しました
R32（プラチナ買取価格）を 7225.00円/g に更新しました
ストックシートの貴金属価格更新が完了しました（書式保持）。
H15に実行日 2025/07/25 を更新しました
H13に実行日 2025/07/25 を更新しました
家計資産シートの実行日更新が完了しました（書式保持）。
[2025/07/25  3:30:11.47] Price update completed successfully 
[2025/07/26  3:30:03.45] Starting price update with correct Python path... 
[2025/07/26  3:30:03.47] Using Python from Anaconda maki2 environment 
2025-07-26 03:30:05,428 - INFO - === 価格データの自動更新を開始 ===
2025-07-26 03:30:05,428 - INFO - --- 仮想通貨価格の更新 ---
2025-07-26 03:30:10,680 - INFO - 仮想通貨価格の更新が完了しました
2025-07-26 03:30:10,680 - INFO - --- 貴金属価格の更新 ---
2025-07-26 03:30:11,736 - INFO - 貴金属価格の更新が完了しました
2025-07-26 03:30:11,736 - INFO - --- 実行日の更新 ---
2025-07-26 03:30:12,336 - INFO - 実行日の更新が完了しました
2025-07-26 03:30:12,336 - INFO - === 更新完了: 3/3 タスクが成功 ===
2025-07-26 03:30:12,336 - INFO - 全ての更新が正常に完了しました
価格取得エラー: Expecting value: line 1 column 1 (char 0)
ビットコイン価格: 1718.00万円
イーサリウム価格: 53.85万円
J29（ビットコイン価格）を 1718.00万円 に更新しました
J30（イーサリウム価格）を 53.85万円 に更新しました
ファイル 'datasets/maki_250630.xlsx' の更新が完了しました（書式保持）。
田中貴金属買取価格を取得しました:
金: 17372.00円/g
プラチナ: 7221.00円/g
銀: 200.20円/g
R30（金買取価格）を 17372.00円/g に更新しました
R31（銀買取価格）を 200.20円/g に更新しました
R32（プラチナ買取価格）を 7221.00円/g に更新しました
ストックシートの貴金属価格更新が完了しました（書式保持）。
H15に実行日 2025/07/26 を更新しました
H13に実行日 2025/07/26 を更新しました
家計資産シートの実行日更新が完了しました（書式保持）。
[2025/07/26  3:30:12.66] Price update completed successfully 
[2025/07/27  3:30:02.63] Starting price update with correct Python path... 
[2025/07/27  3:30:02.68] Using Python from Anaconda maki2 environment 
2025-07-27 03:30:10,915 - INFO - === 価格データの自動更新を開始 ===
2025-07-27 03:30:10,947 - INFO - --- 仮想通貨価格の更新 ---
2025-07-27 03:30:16,360 - INFO - 仮想通貨価格の更新が完了しました
2025-07-27 03:30:16,360 - INFO - --- 貴金属価格の更新 ---
2025-07-27 03:30:17,958 - INFO - 貴金属価格の更新が完了しました
2025-07-27 03:30:17,958 - INFO - --- 実行日の更新 ---
2025-07-27 03:30:18,694 - INFO - 実行日の更新が完了しました
2025-07-27 03:30:18,694 - INFO - === 更新完了: 3/3 タスクが成功 ===
2025-07-27 03:30:18,701 - INFO - 全ての更新が正常に完了しました
価格取得エラー: Expecting value: line 1 column 1 (char 0)
ビットコイン価格: 1743.34万円
イーサリウム価格: 55.06万円
J29（ビットコイン価格）を 1743.34万円 に更新しました
J30（イーサリウム価格）を 55.06万円 に更新しました
ファイル 'datasets/maki_250630.xlsx' の更新が完了しました（書式保持）。
田中貴金属買取価格を取得しました:
金: 17372.00円/g
プラチナ: 7221.00円/g
銀: 200.20円/g
R30（金買取価格）を 17372.00円/g に更新しました
R31（銀買取価格）を 200.20円/g に更新しました
R32（プラチナ買取価格）を 7221.00円/g に更新しました
ストックシートの貴金属価格更新が完了しました（書式保持）。
H15に実行日 2025/07/27 を更新しました
H13に実行日 2025/07/27 を更新しました
家計資産シートの実行日更新が完了しました（書式保持）。
[2025/07/27  3:30:19.10] Price update completed successfully 
[2025/07/28  3:30:03.87] Starting price update with correct Python path... 
[2025/07/28  3:30:03.90] Using Python from Anaconda maki2 environment 
2025-07-28 03:30:05,622 - INFO - === 価格データの自動更新を開始 ===
2025-07-28 03:30:05,622 - INFO - --- 仮想通貨価格の更新 ---
2025-07-28 03:30:06,356 - INFO - 仮想通貨価格の更新が完了しました
2025-07-28 03:30:06,356 - INFO - --- 貴金属価格の更新 ---
2025-07-28 03:30:06,691 - INFO - 貴金属価格の更新が完了しました
2025-07-28 03:30:06,691 - INFO - --- 実行日の更新 ---
2025-07-28 03:30:06,850 - INFO - 実行日の更新が完了しました
2025-07-28 03:30:06,850 - INFO - === 更新完了: 3/3 タスクが成功 ===
2025-07-28 03:30:06,853 - INFO - 全ての更新が正常に完了しました
価格取得エラー: Expecting value: line 1 column 1 (char 0)
ビットコイン価格: 1761.07万円
イーサリウム価格: 57.01万円
J29（ビットコイン価格）を 1761.07万円 に更新しました
J30（イーサリウム価格）を 57.01万円 に更新しました
ファイル 'datasets/maki_250630.xlsx' の更新が完了しました（書式保持）。
田中貴金属買取価格を取得しました:
金: 17372.00円/g
プラチナ: 7221.00円/g
銀: 200.20円/g
R30（金買取価格）を 17372.00円/g に更新しました
R31（銀買取価格）を 200.20円/g に更新しました
R32（プラチナ買取価格）を 7221.00円/g に更新しました
ストックシートの貴金属価格更新が完了しました（書式保持）。
H15に実行日 2025/07/28 を更新しました
H13に実行日 2025/07/28 を更新しました
家計資産シートの実行日更新が完了しました（書式保持）。
[2025/07/28  3:30:06.92] Price update completed successfully 
[2025/07/29  3:30:01.47] Starting price update with correct Python path... 
[2025/07/29  3:30:01.50] Using Python from Anaconda maki2 environment 
2025-07-29 03:30:03,718 - INFO - === 価格データの自動更新を開始 ===
2025-07-29 03:30:03,844 - INFO - --- 仮想通貨価格の更新 ---
2025-07-29 03:30:04,669 - INFO - 仮想通貨価格の更新が完了しました
2025-07-29 03:30:04,669 - INFO - --- 貴金属価格の更新 ---
2025-07-29 03:30:05,617 - INFO - 貴金属価格の更新が完了しました
2025-07-29 03:30:05,617 - INFO - --- 実行日の更新 ---
2025-07-29 03:30:06,280 - INFO - 実行日の更新が完了しました
2025-07-29 03:30:06,280 - INFO - === 更新完了: 3/3 タスクが成功 ===
2025-07-29 03:30:06,280 - INFO - 全ての更新が正常に完了しました
価格取得エラー: Expecting value: line 1 column 1 (char 0)
ビットコイン価格: 1746.14万円
イーサリウム価格: 55.96万円
J29（ビットコイン価格）を 1746.14万円 に更新しました
J30（イーサリウム価格）を 55.96万円 に更新しました
ファイル 'datasets/maki_250630.xlsx' の更新が完了しました（書式保持）。
田中貴金属買取価格を取得しました:
金: 17340.00円/g
プラチナ: 7287.00円/g
銀: 196.90円/g
R30（金買取価格）を 17340.00円/g に更新しました
R31（銀買取価格）を 196.90円/g に更新しました
R32（プラチナ買取価格）を 7287.00円/g に更新しました
ストックシートの貴金属価格更新が完了しました（書式保持）。
H15に実行日 2025/07/29 を更新しました
H13に実行日 2025/07/29 を更新しました
家計資産シートの実行日更新が完了しました（書式保持）。
[2025/07/29  3:30:06.56] Price update completed successfully 
[2025/07/30  3:30:02.98] Starting price update with correct Python path... 
[2025/07/30  3:30:03.01] Using Python from Anaconda maki2 environment 
2025-07-30 03:30:04,485 - INFO - === 価格データの自動更新を開始 ===
2025-07-30 03:30:04,503 - INFO - --- 仮想通貨価格の更新 ---
2025-07-30 03:30:09,992 - INFO - 仮想通貨価格の更新が完了しました
2025-07-30 03:30:09,993 - INFO - --- 貴金属価格の更新 ---
2025-07-30 03:30:10,892 - INFO - 貴金属価格の更新が完了しました
2025-07-30 03:30:10,892 - INFO - --- 実行日の更新 ---
2025-07-30 03:30:11,530 - INFO - 実行日の更新が完了しました
2025-07-30 03:30:11,530 - INFO - === 更新完了: 3/3 タスクが成功 ===
2025-07-30 03:30:11,530 - INFO - 全ての更新が正常に完了しました
価格取得エラー: Expecting value: line 1 column 1 (char 0)
ビットコイン価格: 1746.08万円
イーサリウム価格: 55.85万円
J29（ビットコイン価格）を 1746.08万円 に更新しました
J30（イーサリウム価格）を 55.85万円 に更新しました
ファイル 'datasets/maki_250630.xlsx' の更新が完了しました（書式保持）。
田中貴金属買取価格を取得しました:
金: 17284.00円/g
プラチナ: 7267.00円/g
銀: 197.34円/g
R30（金買取価格）を 17284.00円/g に更新しました
R31（銀買取価格）を 197.34円/g に更新しました
R32（プラチナ買取価格）を 7267.00円/g に更新しました
ストックシートの貴金属価格更新が完了しました（書式保持）。
H15に実行日 2025/07/30 を更新しました
H13に実行日 2025/07/30 を更新しました
家計資産シートの実行日更新が完了しました（書式保持）。
[2025/07/30  3:30:11.83] Price update completed successfully 
[2025/07/30  4:53:54.09] Starting price update (PowerShell version)... 
[2025/07/30  4:53:57.51] PowerShell execution completed 
[2025/07/31  3:30:01.53] Starting price update with correct Python path... 
[2025/07/31  3:30:01.56] Using Python from Anaconda maki2 environment 
2025-07-31 03:30:02,686 - INFO - === 価格データの自動更新を開始 ===
2025-07-31 03:30:02,750 - INFO - --- 仮想通貨価格の更新 ---
2025-07-31 03:30:09,533 - INFO - 仮想通貨価格の更新が完了しました
2025-07-31 03:30:09,550 - INFO - --- 貴金属価格の更新 ---
2025-07-31 03:30:10,475 - INFO - 貴金属価格の更新が完了しました
2025-07-31 03:30:10,482 - INFO - --- 実行日の更新 ---
2025-07-31 03:30:11,065 - INFO - 実行日の更新が完了しました
2025-07-31 03:30:11,065 - INFO - === 更新完了: 3/3 タスクが成功 ===
2025-07-31 03:30:11,071 - INFO - 全ての更新が正常に完了しました
価格取得エラー: Expecting value: line 1 column 1 (char 0)
ビットコイン価格: 1752.01万円
イーサリウム価格: 56.66万円
J29（ビットコイン価格）を 1752.01万円 に更新しました
J30（イーサリウム価格）を 56.66万円 に更新しました
ファイル 'datasets/maki_250630.xlsx' の更新が完了しました（書式保持）。
田中貴金属買取価格を取得しました:
金: 17316.00円/g
プラチナ: 7181.00円/g
銀: 197.56円/g
R30（金買取価格）を 17316.00円/g に更新しました
R31（銀買取価格）を 197.56円/g に更新しました
R32（プラチナ買取価格）を 7181.00円/g に更新しました
ストックシートの貴金属価格更新が完了しました（書式保持）。
H15に実行日 2025/07/31 を更新しました
H13に実行日 2025/07/31 を更新しました
家計資産シートの実行日更新が完了しました（書式保持）。
[2025/07/31  3:30:11.28] Price update completed successfully 
[2025/08/01  3:30:03.60] Starting price update with correct Python path... 
[2025/08/01  3:30:03.66] Using Python from Anaconda maki2 environment 
2025-08-01 03:30:04,886 - INFO - === 価格データの自動更新を開始 ===
2025-08-01 03:30:04,893 - INFO - --- 仮想通貨価格の更新 ---
2025-08-01 03:30:09,592 - INFO - 仮想通貨価格の更新が完了しました
2025-08-01 03:30:09,592 - INFO - --- 貴金属価格の更新 ---
2025-08-01 03:30:10,574 - INFO - 貴金属価格の更新が完了しました
2025-08-01 03:30:10,574 - INFO - --- 実行日の更新 ---
2025-08-01 03:30:11,221 - INFO - 実行日の更新が完了しました
2025-08-01 03:30:11,221 - INFO - === 更新完了: 3/3 タスクが成功 ===
2025-08-01 03:30:11,221 - INFO - 全ての更新が正常に完了しました
価格取得エラー: Expecting value: line 1 column 1 (char 0)
ビットコイン価格: 1774.96万円
イーサリウム価格: 56.83万円
J29（ビットコイン価格）を 1774.96万円 に更新しました
J30（イーサリウム価格）を 56.83万円 に更新しました
ファイル 'datasets/maki_250630.xlsx' の更新が完了しました（書式保持）。
田中貴金属買取価格を取得しました:
金: 17258.00円/g
プラチナ: 6982.00円/g
銀: 193.71円/g
R30（金買取価格）を 17258.00円/g に更新しました
R31（銀買取価格）を 193.71円/g に更新しました
R32（プラチナ買取価格）を 6982.00円/g に更新しました
ストックシートの貴金属価格更新が完了しました（書式保持）。
H15に実行日 2025/08/01 を更新しました
H13に実行日 2025/08/01 を更新しました
家計資産シートの実行日更新が完了しました（書式保持）。
[2025/08/01  3:30:11.57] Price update completed successfully 
[2025/08/02  3:30:03.61] Starting price update with correct Python path... 
[2025/08/02  3:30:03.65] Using Python from Anaconda maki2 environment 
2025-08-02 03:30:04,824 - INFO - === 価格データの自動更新を開始 ===
2025-08-02 03:30:04,824 - INFO - --- 仮想通貨価格の更新 ---
2025-08-02 03:30:09,918 - INFO - 仮想通貨価格の更新が完了しました
2025-08-02 03:30:09,922 - INFO - --- 貴金属価格の更新 ---
2025-08-02 03:30:10,842 - INFO - 貴金属価格の更新が完了しました
2025-08-02 03:30:10,842 - INFO - --- 実行日の更新 ---
2025-08-02 03:30:11,417 - INFO - 実行日の更新が完了しました
2025-08-02 03:30:11,417 - INFO - === 更新完了: 3/3 タスクが成功 ===
2025-08-02 03:30:11,422 - INFO - 全ての更新が正常に完了しました
価格取得エラー: Expecting value: line 1 column 1 (char 0)
ビットコイン価格: 1685.89万円
イーサリウム価格: 52.69万円
J29（ビットコイン価格）を 1685.89万円 に更新しました
J30（イーサリウム価格）を 52.69万円 に更新しました
ファイル 'datasets/maki_250630.xlsx' の更新が完了しました（書式保持）。
田中貴金属買取価格を取得しました:
金: 17404.00円/g
プラチナ: 6833.00円/g
銀: 192.83円/g
R30（金買取価格）を 17404.00円/g に更新しました
R31（銀買取価格）を 192.83円/g に更新しました
R32（プラチナ買取価格）を 6833.00円/g に更新しました
ストックシートの貴金属価格更新が完了しました（書式保持）。
H15に実行日 2025/08/02 を更新しました
H13に実行日 2025/08/02 を更新しました
家計資産シートの実行日更新が完了しました（書式保持）。
[2025/08/02  3:30:11.68] Price update completed successfully 
[2025/08/03  3:30:03.68] Starting price update with correct Python path... 
[2025/08/03  3:30:03.71] Using Python from Anaconda maki2 environment 
2025-08-03 03:30:05,602 - INFO - === 価格データの自動更新を開始 ===
2025-08-03 03:30:05,602 - INFO - --- 仮想通貨価格の更新 ---
2025-08-03 03:30:10,385 - INFO - 仮想通貨価格の更新が完了しました
2025-08-03 03:30:10,385 - INFO - --- 貴金属価格の更新 ---
2025-08-03 03:30:11,393 - INFO - 貴金属価格の更新が完了しました
2025-08-03 03:30:11,393 - INFO - --- 実行日の更新 ---
2025-08-03 03:30:11,998 - INFO - 実行日の更新が完了しました
2025-08-03 03:30:11,998 - INFO - === 更新完了: 3/3 タスクが成功 ===
2025-08-03 03:30:11,998 - INFO - 全ての更新が正常に完了しました
価格取得エラー: Expecting value: line 1 column 1 (char 0)
ビットコイン価格: 1657.96万円
イーサリウム価格: 50.23万円
J29（ビットコイン価格）を 1657.96万円 に更新しました
J30（イーサリウム価格）を 50.23万円 に更新しました
ファイル 'datasets/maki_250630.xlsx' の更新が完了しました（書式保持）。
田中貴金属買取価格を取得しました:
金: 17404.00円/g
プラチナ: 6833.00円/g
銀: 192.83円/g
R30（金買取価格）を 17404.00円/g に更新しました
R31（銀買取価格）を 192.83円/g に更新しました
R32（プラチナ買取価格）を 6833.00円/g に更新しました
ストックシートの貴金属価格更新が完了しました（書式保持）。
H15に実行日 2025/08/03 を更新しました
H13に実行日 2025/08/03 を更新しました
家計資産シートの実行日更新が完了しました（書式保持）。
[2025/08/03  3:30:12.28] Price update completed successfully 
[2025/08/04  3:30:03.59] Starting price update with correct Python path... 
[2025/08/04  3:30:03.62] Using Python from Anaconda maki2 environment 
2025-08-04 03:30:08,404 - INFO - === 価格データの自動更新を開始 ===
2025-08-04 03:30:08,419 - INFO - --- 仮想通貨価格の更新 ---
2025-08-04 03:30:13,118 - INFO - 仮想通貨価格の更新が完了しました
2025-08-04 03:30:13,119 - INFO - --- 貴金属価格の更新 ---
2025-08-04 03:30:13,955 - INFO - 貴金属価格の更新が完了しました
2025-08-04 03:30:13,955 - INFO - --- 実行日の更新 ---
2025-08-04 03:30:14,478 - INFO - 実行日の更新が完了しました
2025-08-04 03:30:14,478 - INFO - === 更新完了: 3/3 タスクが成功 ===
2025-08-04 03:30:14,478 - INFO - 全ての更新が正常に完了しました
価格取得エラー: Expecting value: line 1 column 1 (char 0)
ビットコイン価格: 1694.86万円
イーサリウム価格: 51.78万円
J29（ビットコイン価格）を 1694.86万円 に更新しました
J30（イーサリウム価格）を 51.78万円 に更新しました
ファイル 'datasets/maki_250630.xlsx' の更新が完了しました（書式保持）。
田中貴金属買取価格を取得しました:
金: 17404.00円/g
プラチナ: 6833.00円/g
銀: 192.83円/g
R30（金買取価格）を 17404.00円/g に更新しました
R31（銀買取価格）を 192.83円/g に更新しました
R32（プラチナ買取価格）を 6833.00円/g に更新しました
ストックシートの貴金属価格更新が完了しました（書式保持）。
H15に実行日 2025/08/04 を更新しました
H13に実行日 2025/08/04 を更新しました
家計資産シートの実行日更新が完了しました（書式保持）。
[2025/08/04  3:30:14.77] Price update completed successfully 
[2025/08/05  3:30:04.25] Starting price update with correct Python path... 
[2025/08/05  3:30:04.37] Using Python from Anaconda maki2 environment 
2025-08-05 03:30:08,399 - INFO - === 価格データの自動更新を開始 ===
2025-08-05 03:30:08,412 - INFO - --- 仮想通貨価格の更新 ---
2025-08-05 03:30:13,086 - INFO - 仮想通貨価格の更新が完了しました
2025-08-05 03:30:13,087 - INFO - --- 貴金属価格の更新 ---
2025-08-05 03:30:14,024 - INFO - 貴金属価格の更新が完了しました
2025-08-05 03:30:14,024 - INFO - --- 実行日の更新 ---
2025-08-05 03:30:14,659 - INFO - 実行日の更新が完了しました
2025-08-05 03:30:14,659 - INFO - === 更新完了: 3/3 タスクが成功 ===
2025-08-05 03:30:14,659 - INFO - 全ての更新が正常に完了しました
価格取得エラー: Expecting value: line 1 column 1 (char 0)
ビットコイン価格: 1693.43万円
イーサリウム価格: 54.17万円
J29（ビットコイン価格）を 1693.43万円 に更新しました
J30（イーサリウム価格）を 54.17万円 に更新しました
ファイル 'datasets/maki_250630.xlsx' の更新が完了しました（書式保持）。
田中貴金属買取価格を取得しました:
金: 17424.00円/g
プラチナ: 6820.00円/g
銀: 191.07円/g
R30（金買取価格）を 17424.00円/g に更新しました
R31（銀買取価格）を 191.07円/g に更新しました
R32（プラチナ買取価格）を 6820.00円/g に更新しました
ストックシートの貴金属価格更新が完了しました（書式保持）。
H15に実行日 2025/08/05 を更新しました
H13に実行日 2025/08/05 を更新しました
家計資産シートの実行日更新が完了しました（書式保持）。
[2025/08/05  3:30:15.01] Price update completed successfully 
[2025/08/06  3:30:03.93] Starting price update with correct Python path... 
[2025/08/06  3:30:03.97] Using Python from Anaconda maki2 environment 
2025-08-06 03:30:06,661 - INFO - === 価格データの自動更新を開始 ===
2025-08-06 03:30:06,668 - INFO - --- 仮想通貨価格の更新 ---
2025-08-06 03:30:11,520 - INFO - 仮想通貨価格の更新が完了しました
2025-08-06 03:30:11,524 - INFO - --- 貴金属価格の更新 ---
2025-08-06 03:30:12,554 - INFO - 貴金属価格の更新が完了しました
2025-08-06 03:30:12,555 - INFO - --- 実行日の更新 ---
2025-08-06 03:30:13,103 - INFO - 実行日の更新が完了しました
2025-08-06 03:30:13,105 - INFO - === 更新完了: 3/3 タスクが成功 ===
2025-08-06 03:30:13,107 - INFO - 全ての更新が正常に完了しました
価格取得エラー: Expecting value: line 1 column 1 (char 0)
ビットコイン価格: 1675.01万円
イーサリウム価格: 53.04万円
J29（ビットコイン価格）を 1675.01万円 に更新しました
J30（イーサリウム価格）を 53.04万円 に更新しました
ファイル 'datasets/maki_250630.xlsx' の更新が完了しました（書式保持）。
田中貴金属買取価格を取得しました:
金: 17412.00円/g
プラチナ: 6848.00円/g
銀: 191.73円/g
R30（金買取価格）を 17412.00円/g に更新しました
R31（銀買取価格）を 191.73円/g に更新しました
R32（プラチナ買取価格）を 6848.00円/g に更新しました
ストックシートの貴金属価格更新が完了しました（書式保持）。
H15に実行日 2025/08/06 を更新しました
H13に実行日 2025/08/06 を更新しました
家計資産シートの実行日更新が完了しました（書式保持）。
[2025/08/06  3:30:13.40] Price update completed successfully 
[2025/08/07  3:30:03.95] Starting price update with correct Python path... 
[2025/08/07  3:30:03.99] Using Python from Anaconda maki2 environment 
2025-08-07 03:30:07,997 - INFO - === 価格データの自動更新を開始 ===
2025-08-07 03:30:08,036 - INFO - --- 仮想通貨価格の更新 ---
2025-08-07 03:30:13,342 - INFO - 仮想通貨価格の更新が完了しました
2025-08-07 03:30:13,344 - INFO - --- 貴金属価格の更新 ---
2025-08-07 03:30:14,330 - INFO - 貴金属価格の更新が完了しました
2025-08-07 03:30:14,331 - INFO - --- 実行日の更新 ---
2025-08-07 03:30:14,993 - INFO - 実行日の更新が完了しました
2025-08-07 03:30:14,995 - INFO - === 更新完了: 3/3 タスクが成功 ===
2025-08-07 03:30:14,996 - INFO - 全ての更新が正常に完了しました
価格取得エラー: Expecting value: line 1 column 1 (char 0)
ビットコイン価格: 1699.35万円
イーサリウム価格: 54.17万円
J29（ビットコイン価格）を 1699.35万円 に更新しました
J30（イーサリウム価格）を 54.17万円 に更新しました
ファイル 'datasets/maki_250630.xlsx' の更新が完了しました（書式保持）。
田中貴金属買取価格を取得しました:
金: 17456.00円/g
プラチナ: 6834.00円/g
銀: 194.70円/g
R30（金買取価格）を 17456.00円/g に更新しました
R31（銀買取価格）を 194.70円/g に更新しました
R32（プラチナ買取価格）を 6834.00円/g に更新しました
ストックシートの貴金属価格更新が完了しました（書式保持）。
H15に実行日 2025/08/07 を更新しました
H13に実行日 2025/08/07 を更新しました
家計資産シートの実行日更新が完了しました（書式保持）。
[2025/08/07  3:30:15.29] Price update completed successfully 
[2025/08/08  3:30:02.24] Starting price update with correct Python path... 
[2025/08/08  3:30:02.27] Using Python from Anaconda maki2 environment 
2025-08-08 03:30:04,748 - INFO - === 価格データの自動更新を開始 ===
2025-08-08 03:30:04,759 - INFO - --- 仮想通貨価格の更新 ---
2025-08-08 03:30:09,707 - INFO - 仮想通貨価格の更新が完了しました
2025-08-08 03:30:09,708 - INFO - --- 貴金属価格の更新 ---
2025-08-08 03:30:10,703 - INFO - 貴金属価格の更新が完了しました
2025-08-08 03:30:10,703 - INFO - --- 実行日の更新 ---
2025-08-08 03:30:11,276 - INFO - 実行日の更新が完了しました
2025-08-08 03:30:11,277 - INFO - === 更新完了: 3/3 タスクが成功 ===
2025-08-08 03:30:11,278 - INFO - 全ての更新が正常に完了しました
価格取得エラー: Expecting value: line 1 column 1 (char 0)
ビットコイン価格: 1714.90万円
イーサリウム価格: 56.29万円
J29（ビットコイン価格）を 1714.90万円 に更新しました
J30（イーサリウム価格）を 56.29万円 に更新しました
ファイル 'datasets/maki_250630.xlsx' の更新が完了しました（書式保持）。
田中貴金属買取価格を取得しました:
金: 17477.00円/g
プラチナ: 6864.00円/g
銀: 195.69円/g
R30（金買取価格）を 17477.00円/g に更新しました
R31（銀買取価格）を 195.69円/g に更新しました
R32（プラチナ買取価格）を 6864.00円/g に更新しました
ストックシートの貴金属価格更新が完了しました（書式保持）。
H15に実行日 2025/08/08 を更新しました
H13に実行日 2025/08/08 を更新しました
家計資産シートの実行日更新が完了しました（書式保持）。
[2025/08/08  3:30:11.62] Price update completed successfully 
[2025/08/09  3:30:03.25] Starting price update with correct Python path... 
[2025/08/09  3:30:03.31] Using Python from Anaconda maki2 environment 
2025-08-09 03:30:04,744 - INFO - === 価格データの自動更新を開始 ===
2025-08-09 03:30:04,755 - INFO - --- 仮想通貨価格の更新 ---
2025-08-09 03:30:10,435 - INFO - 仮想通貨価格の更新が完了しました
2025-08-09 03:30:10,435 - INFO - --- 貴金属価格の更新 ---
2025-08-09 03:30:11,368 - INFO - 貴金属価格の更新が完了しました
2025-08-09 03:30:11,369 - INFO - --- 実行日の更新 ---
2025-08-09 03:30:12,077 - INFO - 実行日の更新が完了しました
2025-08-09 03:30:12,078 - INFO - === 更新完了: 3/3 タスクが成功 ===
2025-08-09 03:30:12,079 - INFO - 全ての更新が正常に完了しました
価格取得エラー: Expecting value: line 1 column 1 (char 0)
ビットコイン価格: 1724.37万円
イーサリウム価格: 59.74万円
J29（ビットコイン価格）を 1724.37万円 に更新しました
J30（イーサリウム価格）を 59.74万円 に更新しました
ファイル 'datasets/maki_250630.xlsx' の更新が完了しました（書式保持）。
田中貴金属買取価格を取得しました:
金: 17561.00円/g
プラチナ: 6814.00円/g
銀: 196.24円/g
R30（金買取価格）を 17561.00円/g に更新しました
R31（銀買取価格）を 196.24円/g に更新しました
R32（プラチナ買取価格）を 6814.00円/g に更新しました
ストックシートの貴金属価格更新が完了しました（書式保持）。
H15に実行日 2025/08/09 を更新しました
H13に実行日 2025/08/09 を更新しました
家計資産シートの実行日更新が完了しました（書式保持）。
[2025/08/09  3:30:12.37] Price update completed successfully 
[2025/08/10  4:00:30.39] Starting price update (PowerShell version)... 
[2025/08/10  4:00:35.90] PowerShell execution completed 
[2025/08/11  3:30:02.45] Starting price update with correct Python path... 
[2025/08/11  3:30:02.49] Using Python from Anaconda maki2 environment 
2025-08-11 03:30:04,210 - INFO - === 価格データの自動更新を開始 ===
2025-08-11 03:30:04,263 - INFO - --- 仮想通貨価格の更新 ---
2025-08-11 03:30:05,265 - INFO - 仮想通貨価格の更新が完了しました
2025-08-11 03:30:05,272 - INFO - --- 貴金属価格の更新 ---
2025-08-11 03:30:06,299 - INFO - 貴金属価格の更新が完了しました
2025-08-11 03:30:06,299 - INFO - --- 実行日の更新 ---
2025-08-11 03:30:06,920 - INFO - 実行日の更新が完了しました
2025-08-11 03:30:06,921 - INFO - === 更新完了: 3/3 タスクが成功 ===
2025-08-11 03:30:06,921 - INFO - 全ての更新が正常に完了しました
価格取得エラー: Expecting value: line 1 column 1 (char 0)
ビットコイン価格: 1748.32万円
イーサリウム価格: 62.34万円
J29（ビットコイン価格）を 1748.32万円 に更新しました
J30（イーサリウム価格）を 62.34万円 に更新しました
ファイル 'datasets/maki_250630.xlsx' の更新が完了しました（書式保持）。
田中貴金属買取価格を取得しました:
金: 17561.00円/g
プラチナ: 6814.00円/g
銀: 196.24円/g
R30（金買取価格）を 17561.00円/g に更新しました
R31（銀買取価格）を 196.24円/g に更新しました
R32（プラチナ買取価格）を 6814.00円/g に更新しました
ストックシートの貴金属価格更新が完了しました（書式保持）。
H15に実行日 2025/08/11 を更新しました
H13に実行日 2025/08/11 を更新しました
家計資産シートの実行日更新が完了しました（書式保持）。
[2025/08/11  3:30:07.23] Price update completed successfully 
[2025/08/12  3:30:02.44] Starting price update with correct Python path... 
[2025/08/12  3:30:02.47] Using Python from Anaconda maki2 environment 
2025-08-12 03:30:04,266 - INFO - === 価格データの自動更新を開始 ===
2025-08-12 03:30:04,334 - INFO - --- 仮想通貨価格の更新 ---
2025-08-12 03:30:05,260 - INFO - 仮想通貨価格の更新が完了しました
2025-08-12 03:30:05,263 - INFO - --- 貴金属価格の更新 ---
2025-08-12 03:30:06,632 - INFO - 貴金属価格の更新が完了しました
2025-08-12 03:30:06,633 - INFO - --- 実行日の更新 ---
2025-08-12 03:30:07,299 - INFO - 実行日の更新が完了しました
2025-08-12 03:30:07,300 - INFO - === 更新完了: 3/3 タスクが成功 ===
2025-08-12 03:30:07,303 - INFO - 全ての更新が正常に完了しました
価格取得エラー: Expecting value: line 1 column 1 (char 0)
ビットコイン価格: 1770.47万円
イーサリウム価格: 63.61万円
J29（ビットコイン価格）を 1770.47万円 に更新しました
J30（イーサリウム価格）を 63.61万円 に更新しました
ファイル 'datasets/maki_250630.xlsx' の更新が完了しました（書式保持）。
田中貴金属買取価格を取得しました:
金: 17561.00円/g
プラチナ: 6814.00円/g
銀: 196.24円/g
R30（金買取価格）を 17561.00円/g に更新しました
R31（銀買取価格）を 196.24円/g に更新しました
R32（プラチナ買取価格）を 6814.00円/g に更新しました
ストックシートの貴金属価格更新が完了しました（書式保持）。
H15に実行日 2025/08/12 を更新しました
H13に実行日 2025/08/12 を更新しました
家計資産シートの実行日更新が完了しました（書式保持）。
[2025/08/12  3:30:07.66] Price update completed successfully 
[2025/08/13  3:30:02.47] Starting price update with correct Python path... 
[2025/08/13  3:30:02.50] Using Python from Anaconda maki2 environment 
2025-08-13 03:30:04,718 - INFO - === 価格データの自動更新を開始 ===
2025-08-13 03:30:04,742 - INFO - --- 仮想通貨価格の更新 ---
2025-08-13 03:30:06,430 - INFO - 仮想通貨価格の更新が完了しました
2025-08-13 03:30:06,431 - INFO - --- 貴金属価格の更新 ---
2025-08-13 03:30:07,730 - INFO - 貴金属価格の更新が完了しました
2025-08-13 03:30:07,733 - INFO - --- 実行日の更新 ---
2025-08-13 03:30:08,437 - INFO - 実行日の更新が完了しました
2025-08-13 03:30:08,442 - INFO - === 更新完了: 3/3 タスクが成功 ===
2025-08-13 03:30:08,443 - INFO - 全ての更新が正常に完了しました
価格取得エラー: Expecting value: line 1 column 1 (char 0)
ビットコイン価格: 1770.72万円
イーサリウム価格: 66.54万円
J29（ビットコイン価格）を 1770.72万円 に更新しました
J30（イーサリウム価格）を 66.54万円 に更新しました
ファイル 'datasets/maki_250630.xlsx' の更新が完了しました（書式保持）。
田中貴金属買取価格を取得しました:
金: 17499.00円/g
プラチナ: 6871.00円/g
銀: 196.24円/g
R30（金買取価格）を 17499.00円/g に更新しました
R31（銀買取価格）を 196.24円/g に更新しました
R32（プラチナ買取価格）を 6871.00円/g に更新しました
ストックシートの貴金属価格更新が完了しました（書式保持）。
H15に実行日 2025/08/13 を更新しました
H13に実行日 2025/08/13 を更新しました
家計資産シートの実行日更新が完了しました（書式保持）。
[2025/08/13  3:30:08.65] Price update completed successfully 
[2025/08/14  3:30:02.28] Starting price update with correct Python path... 
[2025/08/14  3:30:02.32] Using Python from Anaconda maki2 environment 
2025-08-14 03:30:03,912 - INFO - === 価格データの自動更新を開始 ===
2025-08-14 03:30:03,922 - INFO - --- 仮想通貨価格の更新 ---
2025-08-14 03:30:04,662 - INFO - 仮想通貨価格の更新が完了しました
2025-08-14 03:30:04,662 - INFO - --- 貴金属価格の更新 ---
2025-08-14 03:30:05,008 - INFO - 貴金属価格の更新が完了しました
2025-08-14 03:30:05,008 - INFO - --- 実行日の更新 ---
2025-08-14 03:30:05,141 - INFO - 実行日の更新が完了しました
2025-08-14 03:30:05,141 - INFO - === 更新完了: 3/3 タスクが成功 ===
2025-08-14 03:30:05,141 - INFO - 全ての更新が正常に完了しました
価格取得エラー: Expecting value: line 1 column 1 (char 0)
ビットコイン価格: 1794.96万円
イーサリウム価格: 69.58万円
J29（ビットコイン価格）を 1794.96万円 に更新しました
J30（イーサリウム価格）を 69.58万円 に更新しました
ファイル 'datasets/maki_250630.xlsx' の更新が完了しました（書式保持）。
田中貴金属買取価格を取得しました:
金: 17424.00円/g
プラチナ: 6873.00円/g
銀: 197.23円/g
R30（金買取価格）を 17424.00円/g に更新しました
R31（銀買取価格）を 197.23円/g に更新しました
R32（プラチナ買取価格）を 6873.00円/g に更新しました
ストックシートの貴金属価格更新が完了しました（書式保持）。
H15に実行日 2025/08/14 を更新しました
H13に実行日 2025/08/14 を更新しました
家計資産シートの実行日更新が完了しました（書式保持）。
[2025/08/14  3:30:05.22] Price update completed successfully 
[2025/08/15  3:33:06.73] Starting price update (PowerShell version)... 
[2025/08/15  3:33:13.52] PowerShell execution completed 
[2025/08/16  3:30:01.72] Starting price update with correct Python path... 
[2025/08/16  3:30:01.75] Using Python from Anaconda maki2 environment 
2025-08-16 03:30:03,293 - INFO - === 価格データの自動更新を開始 ===
2025-08-16 03:30:03,360 - INFO - --- 仮想通貨価格の更新 ---
2025-08-16 03:30:04,376 - INFO - 仮想通貨価格の更新が完了しました
2025-08-16 03:30:04,376 - INFO - --- 貴金属価格の更新 ---
2025-08-16 03:30:05,463 - INFO - 貴金属価格の更新が完了しました
2025-08-16 03:30:05,472 - INFO - --- 実行日の更新 ---
2025-08-16 03:30:06,851 - INFO - 実行日の更新が完了しました
2025-08-16 03:30:06,855 - INFO - === 更新完了: 3/3 タスクが成功 ===
2025-08-16 03:30:06,863 - INFO - 全ての更新が正常に完了しました
価格取得エラー: Expecting value: line 1 column 1 (char 0)
ビットコイン価格: 1728.52万円
イーサリウム価格: 65.11万円
J29（ビットコイン価格）を 1728.52万円 に更新しました
J30（イーサリウム価格）を 65.11万円 に更新しました
ファイル 'datasets/maki_250630.xlsx' の更新が完了しました（書式保持）。
田中貴金属買取価格を取得しました:
金: 17316.00円/g
プラチナ: 6921.00円/g
銀: 195.58円/g
R30（金買取価格）を 17316.00円/g に更新しました
R31（銀買取価格）を 195.58円/g に更新しました
R32（プラチナ買取価格）を 6921.00円/g に更新しました
ストックシートの貴金属価格更新が完了しました（書式保持）。
H15に実行日 2025/08/16 を更新しました
H13に実行日 2025/08/16 を更新しました
家計資産シートの実行日更新が完了しました（書式保持）。
[2025/08/16  3:30:07.32] Price update completed successfully 
[2025/08/17  3:30:01.74] Starting price update with correct Python path... 
[2025/08/17  3:30:01.77] Using Python from Anaconda maki2 environment 
2025-08-17 03:30:03,401 - INFO - === 価格データの自動更新を開始 ===
2025-08-17 03:30:03,437 - INFO - --- 仮想通貨価格の更新 ---
2025-08-17 03:30:04,398 - INFO - 仮想通貨価格の更新が完了しました
2025-08-17 03:30:04,400 - INFO - --- 貴金属価格の更新 ---
2025-08-17 03:30:05,274 - INFO - 貴金属価格の更新が完了しました
2025-08-17 03:30:05,275 - INFO - --- 実行日の更新 ---
2025-08-17 03:30:05,969 - INFO - 実行日の更新が完了しました
2025-08-17 03:30:05,972 - INFO - === 更新完了: 3/3 タスクが成功 ===
2025-08-17 03:30:05,973 - INFO - 全ての更新が正常に完了しました
価格取得エラー: Expecting value: line 1 column 1 (char 0)
ビットコイン価格: 1732.23万円
イーサリウム価格: 64.93万円
J29（ビットコイン価格）を 1732.23万円 に更新しました
J30（イーサリウム価格）を 64.93万円 に更新しました
ファイル 'datasets/maki_250630.xlsx' の更新が完了しました（書式保持）。
田中貴金属買取価格を取得しました:
金: 17316.00円/g
プラチナ: 6921.00円/g
銀: 195.58円/g
R30（金買取価格）を 17316.00円/g に更新しました
R31（銀買取価格）を 195.58円/g に更新しました
R32（プラチナ買取価格）を 6921.00円/g に更新しました
ストックシートの貴金属価格更新が完了しました（書式保持）。
H15に実行日 2025/08/17 を更新しました
H13に実行日 2025/08/17 を更新しました
家計資産シートの実行日更新が完了しました（書式保持）。
[2025/08/17  3:30:06.32] Price update completed successfully 
[2025/08/18  3:30:02.72] Starting price update with correct Python path... 
[2025/08/18  3:30:02.85] Using Python from Anaconda maki2 environment 
2025-08-18 03:30:05,503 - INFO - === 価格データの自動更新を開始 ===
2025-08-18 03:30:05,526 - INFO - --- 仮想通貨価格の更新 ---
2025-08-18 03:30:06,715 - INFO - 仮想通貨価格の更新が完了しました
2025-08-18 03:30:06,716 - INFO - --- 貴金属価格の更新 ---
2025-08-18 03:30:07,517 - INFO - 貴金属価格の更新が完了しました
2025-08-18 03:30:07,518 - INFO - --- 実行日の更新 ---
2025-08-18 03:30:08,239 - INFO - 実行日の更新が完了しました
2025-08-18 03:30:08,241 - INFO - === 更新完了: 3/3 タスクが成功 ===
2025-08-18 03:30:08,242 - INFO - 全ての更新が正常に完了しました
価格取得エラー: Expecting value: line 1 column 1 (char 0)
ビットコイン価格: 1733.95万円
イーサリウム価格: 66.53万円
J29（ビットコイン価格）を 1733.95万円 に更新しました
J30（イーサリウム価格）を 66.53万円 に更新しました
ファイル 'datasets/maki_250630.xlsx' の更新が完了しました（書式保持）。
田中貴金属買取価格を取得しました:
金: 17316.00円/g
プラチナ: 6921.00円/g
銀: 195.58円/g
R30（金買取価格）を 17316.00円/g に更新しました
R31（銀買取価格）を 195.58円/g に更新しました
R32（プラチナ買取価格）を 6921.00円/g に更新しました
ストックシートの貴金属価格更新が完了しました（書式保持）。
H15に実行日 2025/08/18 を更新しました
H13に実行日 2025/08/18 を更新しました
家計資産シートの実行日更新が完了しました（書式保持）。
[2025/08/18  3:30:08.48] Price update completed successfully 
[2025/08/19  3:30:02.31] Starting price update with correct Python path... 
[2025/08/19  3:30:02.35] Using Python from Anaconda maki2 environment 
2025-08-19 03:30:04,662 - INFO - === 価格データの自動更新を開始 ===
2025-08-19 03:30:04,665 - INFO - --- 仮想通貨価格の更新 ---
2025-08-19 03:30:09,350 - INFO - 仮想通貨価格の更新が完了しました
2025-08-19 03:30:09,356 - INFO - --- 貴金属価格の更新 ---
2025-08-19 03:30:10,255 - INFO - 貴金属価格の更新が完了しました
2025-08-19 03:30:10,256 - INFO - --- 実行日の更新 ---
2025-08-19 03:30:10,918 - INFO - 実行日の更新が完了しました
2025-08-19 03:30:10,918 - INFO - === 更新完了: 3/3 タスクが成功 ===
2025-08-19 03:30:10,920 - INFO - 全ての更新が正常に完了しました
価格取得エラー: Expecting value: line 1 column 1 (char 0)
ビットコイン価格: 1721.10万円
イーサリウム価格: 64.25万円
J29（ビットコイン価格）を 1721.10万円 に更新しました
J30（イーサリウム価格）を 64.25万円 に更新しました
ファイル 'datasets/maki_250630.xlsx' の更新が完了しました（書式保持）。
田中貴金属買取価格を取得しました:
金: 17402.00円/g
プラチナ: 6888.00円/g
銀: 196.57円/g
R30（金買取価格）を 17402.00円/g に更新しました
R31（銀買取価格）を 196.57円/g に更新しました
R32（プラチナ買取価格）を 6888.00円/g に更新しました
ストックシートの貴金属価格更新が完了しました（書式保持）。
H15に実行日 2025/08/19 を更新しました
H13に実行日 2025/08/19 を更新しました
家計資産シートの実行日更新が完了しました（書式保持）。
[2025/08/19  3:30:11.23] Price update completed successfully 
[2025/08/20  3:30:02.22] Starting price update with correct Python path... 
[2025/08/20  3:30:02.24] Using Python from Anaconda maki2 environment 
2025-08-20 03:30:04,314 - INFO - === 価格データの自動更新を開始 ===
2025-08-20 03:30:04,332 - INFO - --- 仮想通貨価格の更新 ---
2025-08-20 03:30:05,088 - INFO - 仮想通貨価格の更新が完了しました
2025-08-20 03:30:05,088 - INFO - --- 貴金属価格の更新 ---
2025-08-20 03:30:05,737 - INFO - 貴金属価格の更新が完了しました
2025-08-20 03:30:05,738 - INFO - --- 実行日の更新 ---
2025-08-20 03:30:06,299 - INFO - 実行日の更新が完了しました
2025-08-20 03:30:06,300 - INFO - === 更新完了: 3/3 タスクが成功 ===
2025-08-20 03:30:06,300 - INFO - 全ての更新が正常に完了しました
価格取得エラー: Expecting value: line 1 column 1 (char 0)
ビットコイン価格: 1671.28万円
イーサリウム価格: 61.54万円
J29（ビットコイン価格）を 1671.28万円 に更新しました
J30（イーサリウム価格）を 61.54万円 に更新しました
ファイル 'datasets/maki_250630.xlsx' の更新が完了しました（書式保持）。
田中貴金属買取価格を取得しました:
金: 17325.00円/g
プラチナ: 6817.00円/g
銀: 195.58円/g
R30（金買取価格）を 17325.00円/g に更新しました
R31（銀買取価格）を 195.58円/g に更新しました
R32（プラチナ買取価格）を 6817.00円/g に更新しました
ストックシートの貴金属価格更新が完了しました（書式保持）。
H15に実行日 2025/08/20 を更新しました
H13に実行日 2025/08/20 を更新しました
家計資産シートの実行日更新が完了しました（書式保持）。
[2025/08/20  3:30:06.57] Price update completed successfully 
[2025/08/21  3:30:02.92] Starting price update with correct Python path... 
[2025/08/21  3:30:02.95] Using Python from Anaconda maki2 environment 
2025-08-21 03:30:04,690 - INFO - === 価格データの自動更新を開始 ===
2025-08-21 03:30:04,697 - INFO - --- 仮想通貨価格の更新 ---
2025-08-21 03:30:09,450 - INFO - 仮想通貨価格の更新が完了しました
2025-08-21 03:30:09,451 - INFO - --- 貴金属価格の更新 ---
2025-08-21 03:30:10,528 - INFO - 貴金属価格の更新が完了しました
2025-08-21 03:30:10,529 - INFO - --- 実行日の更新 ---
2025-08-21 03:30:11,158 - INFO - 実行日の更新が完了しました
2025-08-21 03:30:11,159 - INFO - === 更新完了: 3/3 タスクが成功 ===
2025-08-21 03:30:11,159 - INFO - 全ての更新が正常に完了しました
価格取得エラー: Expecting value: line 1 column 1 (char 0)
ビットコイン価格: 1668.88万円
イーサリウム価格: 62.95万円
J29（ビットコイン価格）を 1668.88万円 に更新しました
J30（イーサリウム価格）を 62.95万円 に更新しました
ファイル 'datasets/maki_250630.xlsx' の更新が完了しました（書式保持）。
田中貴金属買取価格を取得しました:
金: 17234.00円/g
プラチナ: 6748.00円/g
銀: 191.62円/g
R30（金買取価格）を 17234.00円/g に更新しました
R31（銀買取価格）を 191.62円/g に更新しました
R32（プラチナ買取価格）を 6748.00円/g に更新しました
ストックシートの貴金属価格更新が完了しました（書式保持）。
H15に実行日 2025/08/21 を更新しました
H13に実行日 2025/08/21 を更新しました
家計資産シートの実行日更新が完了しました（書式保持）。
[2025/08/21  3:30:11.45] Price update completed successfully 
[2025/08/22  3:30:02.38] Starting price update with correct Python path... 
[2025/08/22  3:30:02.42] Using Python from Anaconda maki2 environment 
2025-08-22 03:30:04,818 - INFO - === 価格データの自動更新を開始 ===
2025-08-22 03:30:04,824 - INFO - --- 仮想通貨価格の更新 ---
2025-08-22 03:30:11,201 - INFO - 仮想通貨価格の更新が完了しました
2025-08-22 03:30:11,207 - INFO - --- 貴金属価格の更新 ---
2025-08-22 03:30:12,158 - INFO - 貴金属価格の更新が完了しました
2025-08-22 03:30:12,159 - INFO - --- 実行日の更新 ---
2025-08-22 03:30:12,716 - INFO - 実行日の更新が完了しました
2025-08-22 03:30:12,717 - INFO - === 更新完了: 3/3 タスクが成功 ===
2025-08-22 03:30:12,718 - INFO - 全ての更新が正常に完了しました
価格取得エラー: Expecting value: line 1 column 1 (char 0)
ビットコイン価格: 1667.99万円
イーサリウム価格: 62.99万円
J29（ビットコイン価格）を 1667.99万円 に更新しました
J30（イーサリウム価格）を 62.99万円 に更新しました
ファイル 'datasets/maki_250630.xlsx' の更新が完了しました（書式保持）。
田中貴金属買取価格を取得しました:
金: 17301.00円/g
プラチナ: 6847.00円/g
銀: 194.81円/g
R30（金買取価格）を 17301.00円/g に更新しました
R31（銀買取価格）を 194.81円/g に更新しました
R32（プラチナ買取価格）を 6847.00円/g に更新しました
ストックシートの貴金属価格更新が完了しました（書式保持）。
H15に実行日 2025/08/22 を更新しました
H13に実行日 2025/08/22 を更新しました
家計資産シートの実行日更新が完了しました（書式保持）。
[2025/08/22  3:30:13.13] Price update completed successfully 
[2025/08/23  3:30:02.88] Starting price update with correct Python path... 
[2025/08/23  3:30:02.90] Using Python from Anaconda maki2 environment 
2025-08-23 03:30:04,811 - INFO - === 価格データの自動更新を開始 ===
2025-08-23 03:30:04,849 - INFO - --- 仮想通貨価格の更新 ---
2025-08-23 03:30:09,649 - INFO - 仮想通貨価格の更新が完了しました
2025-08-23 03:30:09,651 - INFO - --- 貴金属価格の更新 ---
2025-08-23 03:30:10,566 - INFO - 貴金属価格の更新が完了しました
2025-08-23 03:30:10,568 - INFO - --- 実行日の更新 ---
2025-08-23 03:30:11,218 - INFO - 実行日の更新が完了しました
2025-08-23 03:30:11,220 - INFO - === 更新完了: 3/3 タスクが成功 ===
2025-08-23 03:30:11,222 - INFO - 全ての更新が正常に完了しました
価格取得エラー: Expecting value: line 1 column 1 (char 0)
ビットコイン価格: 1716.09万円
イーサリウム価格: 70.13万円
J29（ビットコイン価格）を 1716.09万円 に更新しました
J30（イーサリウム価格）を 70.13万円 に更新しました
ファイル 'datasets/maki_250630.xlsx' の更新が完了しました（書式保持）。
田中貴金属買取価格を取得しました:
金: 17404.00円/g
プラチナ: 6990.00円/g
銀: 197.67円/g
R30（金買取価格）を 17404.00円/g に更新しました
R31（銀買取価格）を 197.67円/g に更新しました
R32（プラチナ買取価格）を 6990.00円/g に更新しました
ストックシートの貴金属価格更新が完了しました（書式保持）。
H15に実行日 2025/08/23 を更新しました
H13に実行日 2025/08/23 を更新しました
家計資産シートの実行日更新が完了しました（書式保持）。
[2025/08/23  3:30:11.52] Price update completed successfully 
[2025/08/24  3:30:03.05] Starting price update with correct Python path... 
[2025/08/24  3:30:03.07] Using Python from Anaconda maki2 environment 
2025-08-24 03:30:05,775 - INFO - === 価格データの自動更新を開始 ===
2025-08-24 03:30:05,794 - INFO - --- 仮想通貨価格の更新 ---
2025-08-24 03:30:10,353 - INFO - 仮想通貨価格の更新が完了しました
2025-08-24 03:30:10,355 - INFO - --- 貴金属価格の更新 ---
2025-08-24 03:30:11,260 - INFO - 貴金属価格の更新が完了しました
2025-08-24 03:30:11,261 - INFO - --- 実行日の更新 ---
2025-08-24 03:30:11,892 - INFO - 実行日の更新が完了しました
2025-08-24 03:30:11,894 - INFO - === 更新完了: 3/3 タスクが成功 ===
2025-08-24 03:30:11,895 - INFO - 全ての更新が正常に完了しました
価格取得エラー: Expecting value: line 1 column 1 (char 0)
ビットコイン価格: 1690.54万円
イーサリウム価格: 69.74万円
J29（ビットコイン価格）を 1690.54万円 に更新しました
J30（イーサリウム価格）を 69.74万円 に更新しました
ファイル 'datasets/maki_250630.xlsx' の更新が完了しました（書式保持）。
田中貴金属買取価格を取得しました:
金: 17404.00円/g
プラチナ: 6990.00円/g
銀: 197.67円/g
R30（金買取価格）を 17404.00円/g に更新しました
R31（銀買取価格）を 197.67円/g に更新しました
R32（プラチナ買取価格）を 6990.00円/g に更新しました
ストックシートの貴金属価格更新が完了しました（書式保持）。
H15に実行日 2025/08/24 を更新しました
H13に実行日 2025/08/24 を更新しました
家計資産シートの実行日更新が完了しました（書式保持）。
[2025/08/24  3:30:12.12] Price update completed successfully 
[2025/08/25  3:30:02.49] Starting price update with correct Python path... 
[2025/08/25  3:30:02.61] Using Python from Anaconda maki2 environment 
2025-08-25 03:30:06,995 - INFO - === 価格データの自動更新を開始 ===
2025-08-25 03:30:07,033 - INFO - --- 仮想通貨価格の更新 ---
2025-08-25 03:30:12,015 - INFO - 仮想通貨価格の更新が完了しました
2025-08-25 03:30:12,018 - INFO - --- 貴金属価格の更新 ---
2025-08-25 03:30:13,003 - INFO - 貴金属価格の更新が完了しました
2025-08-25 03:30:13,004 - INFO - --- 実行日の更新 ---
2025-08-25 03:30:13,594 - INFO - 実行日の更新が完了しました
2025-08-25 03:30:13,596 - INFO - === 更新完了: 3/3 タスクが成功 ===
2025-08-25 03:30:13,597 - INFO - 全ての更新が正常に完了しました
価格取得エラー: Expecting value: line 1 column 1 (char 0)
ビットコイン価格: 1692.02万円
イーサリウム価格: 72.98万円
J29（ビットコイン価格）を 1692.02万円 に更新しました
J30（イーサリウム価格）を 72.98万円 に更新しました
ファイル 'datasets/maki_250630.xlsx' の更新が完了しました（書式保持）。
田中貴金属買取価格を取得しました:
金: 17404.00円/g
プラチナ: 6990.00円/g
銀: 197.67円/g
R30（金買取価格）を 17404.00円/g に更新しました
R31（銀買取価格）を 197.67円/g に更新しました
R32（プラチナ買取価格）を 6990.00円/g に更新しました
ストックシートの貴金属価格更新が完了しました（書式保持）。
H15に実行日 2025/08/25 を更新しました
H13に実行日 2025/08/25 を更新しました
家計資産シートの実行日更新が完了しました（書式保持）。
[2025/08/25  3:30:13.93] Price update completed successfully 
[2025/08/26  3:30:03.05] Starting price update with correct Python path... 
[2025/08/26  3:30:03.08] Using Python from Anaconda maki2 environment 
2025-08-26 03:30:05,134 - INFO - === 価格データの自動更新を開始 ===
2025-08-26 03:30:05,185 - INFO - --- 仮想通貨価格の更新 ---
2025-08-26 03:30:09,868 - INFO - 仮想通貨価格の更新が完了しました
2025-08-26 03:30:09,869 - INFO - --- 貴金属価格の更新 ---
2025-08-26 03:30:10,746 - INFO - 貴金属価格の更新が完了しました
2025-08-26 03:30:10,747 - INFO - --- 実行日の更新 ---
2025-08-26 03:30:11,323 - INFO - 実行日の更新が完了しました
2025-08-26 03:30:11,323 - INFO - === 更新完了: 3/3 タスクが成功 ===
2025-08-26 03:30:11,324 - INFO - 全ての更新が正常に完了しました
価格取得エラー: Expecting value: line 1 column 1 (char 0)
ビットコイン価格: 1662.60万円
イーサリウム価格: 67.69万円
J29（ビットコイン価格）を 1662.60万円 に更新しました
J30（イーサリウム価格）を 67.69万円 に更新しました
ファイル 'datasets/maki_250630.xlsx' の更新が完了しました（書式保持）。
田中貴金属買取価格を取得しました:
金: 17426.00円/g
プラチナ: 7001.00円/g
銀: 199.54円/g
R30（金買取価格）を 17426.00円/g に更新しました
R31（銀買取価格）を 199.54円/g に更新しました
R32（プラチナ買取価格）を 7001.00円/g に更新しました
ストックシートの貴金属価格更新が完了しました（書式保持）。
H15に実行日 2025/08/26 を更新しました
H13に実行日 2025/08/26 を更新しました
家計資産シートの実行日更新が完了しました（書式保持）。
[2025/08/26  3:30:11.59] Price update completed successfully 
[2025/08/27  3:30:03.79] Starting price update with correct Python path... 
[2025/08/27  3:30:03.82] Using Python from Anaconda maki2 environment 
2025-08-27 03:30:09,437 - INFO - === 価格データの自動更新を開始 ===
2025-08-27 03:30:09,449 - INFO - --- 仮想通貨価格の更新 ---
2025-08-27 03:30:15,194 - INFO - 仮想通貨価格の更新が完了しました
2025-08-27 03:30:15,198 - INFO - --- 貴金属価格の更新 ---
2025-08-27 03:30:16,246 - INFO - 貴金属価格の更新が完了しました
2025-08-27 03:30:16,248 - INFO - --- 実行日の更新 ---
2025-08-27 03:30:16,887 - INFO - 実行日の更新が完了しました
2025-08-27 03:30:16,889 - INFO - === 更新完了: 3/3 タスクが成功 ===
2025-08-27 03:30:16,890 - INFO - 全ての更新が正常に完了しました
価格取得エラー: Expecting value: line 1 column 1 (char 0)
ビットコイン価格: 1628.74万円
イーサリウム価格: 67.04万円
J29（ビットコイン価格）を 1628.74万円 に更新しました
J30（イーサリウム価格）を 67.04万円 に更新しました
ファイル 'datasets/maki_250630.xlsx' の更新が完了しました（書式保持）。
田中貴金属買取価格を取得しました:
金: 17552.00円/g
プラチナ: 6970.00円/g
銀: 200.20円/g
R30（金買取価格）を 17552.00円/g に更新しました
R31（銀買取価格）を 200.20円/g に更新しました
R32（プラチナ買取価格）を 6970.00円/g に更新しました
ストックシートの貴金属価格更新が完了しました（書式保持）。
H15に実行日 2025/08/27 を更新しました
H13に実行日 2025/08/27 を更新しました
家計資産シートの実行日更新が完了しました（書式保持）。
[2025/08/27  3:30:17.13] Price update completed successfully 
[2025/08/28  3:30:03.13] Starting price update with correct Python path... 
[2025/08/28  3:30:03.16] Using Python from Anaconda maki2 environment 
2025-08-28 03:30:09,567 - INFO - === 価格データの自動更新を開始 ===
2025-08-28 03:30:09,577 - INFO - --- 仮想通貨価格の更新 ---
2025-08-28 03:30:14,083 - INFO - 仮想通貨価格の更新が完了しました
2025-08-28 03:30:14,083 - INFO - --- 貴金属価格の更新 ---
2025-08-28 03:30:15,093 - INFO - 貴金属価格の更新が完了しました
2025-08-28 03:30:15,094 - INFO - --- 実行日の更新 ---
2025-08-28 03:30:15,778 - INFO - 実行日の更新が完了しました
2025-08-28 03:30:15,779 - INFO - === 更新完了: 3/3 タスクが成功 ===
2025-08-28 03:30:15,780 - INFO - 全ての更新が正常に完了しました
価格取得エラー: Expecting value: line 1 column 1 (char 0)
ビットコイン価格: 1658.74万円
イーサリウム価格: 68.16万円
J29（ビットコイン価格）を 1658.74万円 に更新しました
J30（イーサリウム価格）を 68.16万円 に更新しました
ファイル 'datasets/maki_250630.xlsx' の更新が完了しました（書式保持）。
田中貴金属買取価格を取得しました:
金: 17561.00円/g
プラチナ: 7024.00円/g
銀: 198.99円/g
R30（金買取価格）を 17561.00円/g に更新しました
R31（銀買取価格）を 198.99円/g に更新しました
R32（プラチナ買取価格）を 7024.00円/g に更新しました
ストックシートの貴金属価格更新が完了しました（書式保持）。
H15に実行日 2025/08/28 を更新しました
H13に実行日 2025/08/28 を更新しました
家計資産シートの実行日更新が完了しました（書式保持）。
[2025/08/28  3:30:16.10] Price update completed successfully 
[2025/08/29  3:30:03.09] Starting price update with correct Python path... 
[2025/08/29  3:30:03.13] Using Python from Anaconda maki2 environment 
2025-08-29 03:30:09,001 - INFO - === 価格データの自動更新を開始 ===
2025-08-29 03:30:09,022 - INFO - --- 仮想通貨価格の更新 ---
2025-08-29 03:30:10,327 - INFO - 仮想通貨価格の更新が完了しました
2025-08-29 03:30:10,329 - INFO - --- 貴金属価格の更新 ---
2025-08-29 03:30:11,218 - INFO - 貴金属価格の更新が完了しました
2025-08-29 03:30:11,219 - INFO - --- 実行日の更新 ---
2025-08-29 03:30:12,165 - INFO - 実行日の更新が完了しました
2025-08-29 03:30:12,166 - INFO - === 更新完了: 3/3 タスクが成功 ===
2025-08-29 03:30:12,168 - INFO - 全ての更新が正常に完了しました
価格取得エラー: Expecting value: line 1 column 1 (char 0)
ビットコイン価格: 1653.17万円
イーサリウム価格: 66.11万円
J29（ビットコイン価格）を 1653.17万円 に更新しました
J30（イーサリウム価格）を 66.11万円 に更新しました
ファイル 'datasets/maki_250630.xlsx' の更新が完了しました（書式保持）。
田中貴金属買取価格を取得しました:
金: 17532.00円/g
プラチナ: 6950.00円/g
銀: 199.10円/g
R30（金買取価格）を 17532.00円/g に更新しました
R31（銀買取価格）を 199.10円/g に更新しました
R32（プラチナ買取価格）を 6950.00円/g に更新しました
ストックシートの貴金属価格更新が完了しました（書式保持）。
H15に実行日 2025/08/29 を更新しました
H13に実行日 2025/08/29 を更新しました
家計資産シートの実行日更新が完了しました（書式保持）。
[2025/08/29  3:30:12.42] Price update completed successfully 
[2025/08/30  3:30:02.43] Starting price update with correct Python path... 
[2025/08/30  3:30:02.48] Using Python from Anaconda maki2 environment 
2025-08-30 03:30:11,390 - INFO - === 価格データの自動更新を開始 ===
2025-08-30 03:30:11,430 - INFO - --- 仮想通貨価格の更新 ---
2025-08-30 03:30:16,683 - INFO - 仮想通貨価格の更新が完了しました
2025-08-30 03:30:16,685 - INFO - --- 貴金属価格の更新 ---
2025-08-30 03:30:18,668 - INFO - 貴金属価格の更新が完了しました
2025-08-30 03:30:18,673 - INFO - --- 実行日の更新 ---
2025-08-30 03:30:20,428 - INFO - 実行日の更新が完了しました
2025-08-30 03:30:20,431 - INFO - === 更新完了: 3/3 タスクが成功 ===
2025-08-30 03:30:20,438 - INFO - 全ての更新が正常に完了しました
価格取得エラー: Expecting value: line 1 column 1 (char 0)
ビットコイン価格: 1589.34万円
イーサリウム価格: 63.41万円
J29（ビットコイン価格）を 1589.34万円 に更新しました
J30（イーサリウム価格）を 63.41万円 に更新しました
ファイル 'datasets/maki_250630.xlsx' の更新が完了しました（書式保持）。
田中貴金属買取価格を取得しました:
金: 17585.00円/g
プラチナ: 6959.00円/g
銀: 199.21円/g
R30（金買取価格）を 17585.00円/g に更新しました
R31（銀買取価格）を 199.21円/g に更新しました
R32（プラチナ買取価格）を 6959.00円/g に更新しました
ストックシートの貴金属価格更新が完了しました（書式保持）。
H15に実行日 2025/08/30 を更新しました
H13に実行日 2025/08/30 を更新しました
家計資産シートの実行日更新が完了しました（書式保持）。
[2025/08/30  3:30:20.88] Price update completed successfully 
[2025/08/31  3:32:57.22] Starting price update with correct Python path... 
[2025/08/31  3:32:57.24] Using Python from Anaconda maki2 environment 
2025-08-31 03:33:10,167 - INFO - === 価格データの自動更新を開始 ===
2025-08-31 03:33:10,189 - INFO - --- 仮想通貨価格の更新 ---
2025-08-31 03:33:11,854 - INFO - 仮想通貨価格の更新が完了しました
2025-08-31 03:33:11,854 - INFO - --- 貴金属価格の更新 ---
2025-08-31 03:33:13,217 - INFO - 貴金属価格の更新が完了しました
2025-08-31 03:33:13,221 - INFO - --- 実行日の更新 ---
2025-08-31 03:33:14,237 - INFO - 実行日の更新が完了しました
2025-08-31 03:33:14,242 - INFO - === 更新完了: 3/3 タスクが成功 ===
2025-08-31 03:33:14,246 - INFO - 全ての更新が正常に完了しました
価格取得エラー: Expecting value: line 1 column 1 (char 0)
ビットコイン価格: 1597.94万円
イーサリウム価格: 63.96万円
J29（ビットコイン価格）を 1597.94万円 に更新しました
J30（イーサリウム価格）を 63.96万円 に更新しました
ファイル 'datasets/maki_250630.xlsx' の更新が完了しました（書式保持）。
田中貴金属買取価格を取得しました:
金: 17585.00円/g
プラチナ: 6959.00円/g
銀: 199.21円/g
R30（金買取価格）を 17585.00円/g に更新しました
R31（銀買取価格）を 199.21円/g に更新しました
R32（プラチナ買取価格）を 6959.00円/g に更新しました
ストックシートの貴金属価格更新が完了しました（書式保持）。
H15に実行日 2025/08/31 を更新しました
H13に実行日 2025/08/31 を更新しました
家計資産シートの実行日更新が完了しました（書式保持）。
[2025/08/31  3:33:14.58] Price update completed successfully 
[2025/09/01  4:02:40.57] Starting price update with correct Python path... 
[2025/09/01  4:03:16.75] Using Python from Anaconda maki2 environment 
2025-09-01 04:03:27,027 - INFO - === 価格データの自動更新を開始 ===
2025-09-01 04:03:27,044 - INFO - --- 仮想通貨価格の更新 ---
2025-09-01 04:03:28,501 - INFO - 仮想通貨価格の更新が完了しました
2025-09-01 04:03:28,506 - INFO - --- 貴金属価格の更新 ---
2025-09-01 04:03:29,993 - INFO - 貴金属価格の更新が完了しました
2025-09-01 04:03:29,997 - INFO - --- 実行日の更新 ---
2025-09-01 04:03:30,914 - INFO - 実行日の更新が完了しました
2025-09-01 04:03:30,914 - INFO - === 更新完了: 3/3 タスクが成功 ===
2025-09-01 04:03:30,918 - INFO - 全ての更新が正常に完了しました
価格取得エラー: Expecting value: line 1 column 1 (char 0)
ビットコイン価格: 1604.71万円
イーサリウム価格: 65.97万円
J29（ビットコイン価格）を 1604.71万円 に更新しました
J30（イーサリウム価格）を 65.97万円 に更新しました
ファイル 'datasets/maki_250630.xlsx' の更新が完了しました（書式保持）。
田中貴金属買取価格を取得しました:
金: 17585.00円/g
プラチナ: 6959.00円/g
銀: 199.21円/g
R30（金買取価格）を 17585.00円/g に更新しました
R31（銀買取価格）を 199.21円/g に更新しました
R32（プラチナ買取価格）を 6959.00円/g に更新しました
ストックシートの貴金属価格更新が完了しました（書式保持）。
H15に実行日 2025/09/01 を更新しました
H13に実行日 2025/09/01 を更新しました
家計資産シートの実行日更新が完了しました（書式保持）。
[2025/09/01  4:03:31.30] Price update completed successfully 
[2025/09/02  3:30:02.32] Starting price update with correct Python path... 
[2025/09/02  3:30:02.38] Using Python from Anaconda maki2 environment 
2025-09-02 03:30:10,102 - INFO - === 価格データの自動更新を開始 ===
2025-09-02 03:30:10,116 - INFO - --- 仮想通貨価格の更新 ---
2025-09-02 03:30:11,439 - INFO - 仮想通貨価格の更新が完了しました
2025-09-02 03:30:11,440 - INFO - --- 貴金属価格の更新 ---
2025-09-02 03:30:12,821 - INFO - 貴金属価格の更新が完了しました
2025-09-02 03:30:12,822 - INFO - --- 実行日の更新 ---
2025-09-02 03:30:13,429 - INFO - 実行日の更新が完了しました
2025-09-02 03:30:13,431 - INFO - === 更新完了: 3/3 タスクが成功 ===
2025-09-02 03:30:13,432 - INFO - 全ての更新が正常に完了しました
価格取得エラー: Expecting value: line 1 column 1 (char 0)
ビットコイン価格: 1606.60万円
イーサリウム価格: 63.93万円
J29（ビットコイン価格）を 1606.60万円 に更新しました
J30（イーサリウム価格）を 63.93万円 に更新しました
ファイル 'datasets/maki_250630.xlsx' の更新が完了しました（書式保持）。
田中貴金属買取価格を取得しました:
金: 17932.00円/g
プラチナ: 7082.00円/g
銀: 207.79円/g
R30（金買取価格）を 17932.00円/g に更新しました
R31（銀買取価格）を 207.79円/g に更新しました
R32（プラチナ買取価格）を 7082.00円/g に更新しました
ストックシートの貴金属価格更新が完了しました（書式保持）。
H15に実行日 2025/09/02 を更新しました
H13に実行日 2025/09/02 を更新しました
家計資産シートの実行日更新が完了しました（書式保持）。
[2025/09/02  3:30:13.82] Price update completed successfully 
[2025/09/03  3:30:01.84] Starting price update with correct Python path... 
[2025/09/03  3:30:01.91] Using Python from Anaconda maki2 environment 
2025-09-03 03:30:08,900 - INFO - === 価格データの自動更新を開始 ===
2025-09-03 03:30:08,908 - INFO - --- 仮想通貨価格の更新 ---
2025-09-03 03:30:10,365 - INFO - 仮想通貨価格の更新が完了しました
2025-09-03 03:30:10,365 - INFO - --- 貴金属価格の更新 ---
2025-09-03 03:30:11,325 - INFO - 貴金属価格の更新が完了しました
2025-09-03 03:30:11,326 - INFO - --- 実行日の更新 ---
2025-09-03 03:30:12,071 - INFO - 実行日の更新が完了しました
2025-09-03 03:30:12,072 - INFO - === 更新完了: 3/3 タスクが成功 ===
2025-09-03 03:30:12,073 - INFO - 全ての更新が正常に完了しました
価格取得エラー: Expecting value: line 1 column 1 (char 0)
ビットコイン価格: 1639.91万円
イーサリウム価格: 63.71万円
J29（ビットコイン価格）を 1639.91万円 に更新しました
J30（イーサリウム価格）を 63.71万円 に更新しました
ファイル 'datasets/maki_250630.xlsx' の更新が完了しました（書式保持）。
田中貴金属買取価格を取得しました:
金: 18156.00円/g
プラチナ: 7351.00円/g
銀: 210.65円/g
R30（金買取価格）を 18156.00円/g に更新しました
R31（銀買取価格）を 210.65円/g に更新しました
R32（プラチナ買取価格）を 7351.00円/g に更新しました
ストックシートの貴金属価格更新が完了しました（書式保持）。
H15に実行日 2025/09/03 を更新しました
H13に実行日 2025/09/03 を更新しました
家計資産シートの実行日更新が完了しました（書式保持）。
[2025/09/03  3:30:12.31] Price update completed successfully 
[2025/09/04  3:30:02.27] Starting price update with correct Python path... 
[2025/09/04  3:30:02.28] Using Python from Anaconda maki2 environment 
2025-09-04 03:30:10,920 - INFO - === 価格データの自動更新を開始 ===
2025-09-04 03:30:10,945 - INFO - --- 仮想通貨価格の更新 ---
2025-09-04 03:30:12,756 - INFO - 仮想通貨価格の更新が完了しました
2025-09-04 03:30:12,785 - INFO - --- 貴金属価格の更新 ---
2025-09-04 03:30:14,290 - INFO - 貴金属価格の更新が完了しました
2025-09-04 03:30:14,291 - INFO - --- 実行日の更新 ---
2025-09-04 03:30:15,152 - INFO - 実行日の更新が完了しました
2025-09-04 03:30:15,153 - INFO - === 更新完了: 3/3 タスクが成功 ===
2025-09-04 03:30:15,153 - INFO - 全ての更新が正常に完了しました
価格取得エラー: Expecting value: line 1 column 1 (char 0)
ビットコイン価格: 1659.69万円
イーサリウム価格: 66.13万円
J29（ビットコイン価格）を 1659.69万円 に更新しました
J30（イーサリウム価格）を 66.13万円 に更新しました
ファイル 'datasets/maki_250630.xlsx' の更新が完了しました（書式保持）。
田中貴金属買取価格を取得しました:
金: 18468.00円/g
プラチナ: 7325.00円/g
銀: 211.75円/g
R30（金買取価格）を 18468.00円/g に更新しました
R31（銀買取価格）を 211.75円/g に更新しました
R32（プラチナ買取価格）を 7325.00円/g に更新しました
ストックシートの貴金属価格更新が完了しました（書式保持）。
H15に実行日 2025/09/04 を更新しました
H13に実行日 2025/09/04 を更新しました
家計資産シートの実行日更新が完了しました（書式保持）。
[2025/09/04  3:30:15.57] Price update completed successfully 
[2025/09/05  3:30:04.05] Starting price update with correct Python path... 
[2025/09/05  3:30:04.10] Using Python from Anaconda maki2 environment 
2025-09-05 03:30:14,069 - INFO - === 価格データの自動更新を開始 ===
2025-09-05 03:30:14,084 - INFO - --- 仮想通貨価格の更新 ---
2025-09-05 03:30:15,417 - INFO - 仮想通貨価格の更新が完了しました
2025-09-05 03:30:15,420 - INFO - --- 貴金属価格の更新 ---
2025-09-05 03:30:16,399 - INFO - 貴金属価格の更新が完了しました
2025-09-05 03:30:16,400 - INFO - --- 実行日の更新 ---
2025-09-05 03:30:17,131 - INFO - 実行日の更新が完了しました
2025-09-05 03:30:17,132 - INFO - === 更新完了: 3/3 タスクが成功 ===
2025-09-05 03:30:17,133 - INFO - 全ての更新が正常に完了しました
価格取得エラー: Expecting value: line 1 column 1 (char 0)
ビットコイン価格: 1634.03万円
イーサリウム価格: 63.72万円
J29（ビットコイン価格）を 1634.03万円 に更新しました
J30（イーサリウム価格）を 63.72万円 に更新しました
ファイル 'datasets/maki_250630.xlsx' の更新が完了しました（書式保持）。
田中貴金属買取価格を取得しました:
金: 18372.00円/g
プラチナ: 7311.00円/g
銀: 210.87円/g
R30（金買取価格）を 18372.00円/g に更新しました
R31（銀買取価格）を 210.87円/g に更新しました
R32（プラチナ買取価格）を 7311.00円/g に更新しました
ストックシートの貴金属価格更新が完了しました（書式保持）。
H15に実行日 2025/09/05 を更新しました
H13に実行日 2025/09/05 を更新しました
家計資産シートの実行日更新が完了しました（書式保持）。
[2025/09/05  3:30:17.42] Price update completed successfully 
[2025/09/06  3:30:02.36] Starting price update with correct Python path... 
[2025/09/06  3:30:02.41] Using Python from Anaconda maki2 environment 
2025-09-06 03:30:09,852 - INFO - === 価格データの自動更新を開始 ===
2025-09-06 03:30:09,873 - INFO - --- 仮想通貨価格の更新 ---
2025-09-06 03:30:11,751 - INFO - 仮想通貨価格の更新が完了しました
2025-09-06 03:30:11,755 - INFO - --- 貴金属価格の更新 ---
2025-09-06 03:30:12,794 - INFO - 貴金属価格の更新が完了しました
2025-09-06 03:30:12,798 - INFO - --- 実行日の更新 ---
2025-09-06 03:30:13,626 - INFO - 実行日の更新が完了しました
2025-09-06 03:30:13,629 - INFO - === 更新完了: 3/3 タスクが成功 ===
2025-09-06 03:30:13,632 - INFO - 全ての更新が正常に完了しました
価格取得エラー: Expecting value: line 1 column 1 (char 0)
ビットコイン価格: 1635.04万円
イーサリウム価格: 63.31万円
J29（ビットコイン価格）を 1635.04万円 に更新しました
J30（イーサリウム価格）を 63.31万円 に更新しました
ファイル 'datasets/maki_250630.xlsx' の更新が完了しました（書式保持）。
田中貴金属買取価格を取得しました:
金: 18530.00円/g
プラチナ: 7215.00円/g
銀: 211.75円/g
R30（金買取価格）を 18530.00円/g に更新しました
R31（銀買取価格）を 211.75円/g に更新しました
R32（プラチナ買取価格）を 7215.00円/g に更新しました
ストックシートの貴金属価格更新が完了しました（書式保持）。
H15に実行日 2025/09/06 を更新しました
H13に実行日 2025/09/06 を更新しました
家計資産シートの実行日更新が完了しました（書式保持）。
[2025/09/06  3:30:13.88] Price update completed successfully 
[2025/09/07  3:51:59.31] Starting price update with correct Python path... 
[2025/09/07  3:51:59.34] Using Python from Anaconda maki2 environment 
2025-09-07 03:52:11,663 - INFO - === 価格データの自動更新を開始 ===
2025-09-07 03:52:11,727 - INFO - --- 仮想通貨価格の更新 ---
2025-09-07 03:52:13,383 - INFO - 仮想通貨価格の更新が完了しました
2025-09-07 03:52:13,383 - INFO - --- 貴金属価格の更新 ---
2025-09-07 03:52:14,754 - INFO - 貴金属価格の更新が完了しました
2025-09-07 03:52:14,757 - INFO - --- 実行日の更新 ---
2025-09-07 03:52:15,750 - INFO - 実行日の更新が完了しました
2025-09-07 03:52:15,754 - INFO - === 更新完了: 3/3 タスクが成功 ===
2025-09-07 03:52:15,754 - INFO - 全ての更新が正常に完了しました
価格取得エラー: Expecting value: line 1 column 1 (char 0)
ビットコイン価格: 1625.61万円
イーサリウム価格: 63.11万円
J29（ビットコイン価格）を 1625.61万円 に更新しました
J30（イーサリウム価格）を 63.11万円 に更新しました
ファイル 'datasets/maki_250630.xlsx' の更新が完了しました（書式保持）。
田中貴金属買取価格を取得しました:
金: 18530.00円/g
プラチナ: 7215.00円/g
銀: 211.75円/g
R30（金買取価格）を 18530.00円/g に更新しました
R31（銀買取価格）を 211.75円/g に更新しました
R32（プラチナ買取価格）を 7215.00円/g に更新しました
ストックシートの貴金属価格更新が完了しました（書式保持）。
H15に実行日 2025/09/07 を更新しました
H13に実行日 2025/09/07 を更新しました
家計資産シートの実行日更新が完了しました（書式保持）。
[2025/09/07  3:52:16.11] Price update completed successfully 
[2025/09/08  3:30:02.44] Starting price update with correct Python path... 
[2025/09/08  3:30:02.47] Using Python from Anaconda maki2 environment 
2025-09-08 03:30:09,992 - INFO - === 価格データの自動更新を開始 ===
2025-09-08 03:30:10,001 - INFO - --- 仮想通貨価格の更新 ---
2025-09-08 03:30:11,409 - INFO - 仮想通貨価格の更新が完了しました
2025-09-08 03:30:11,409 - INFO - --- 貴金属価格の更新 ---
2025-09-08 03:30:12,672 - INFO - 貴金属価格の更新が完了しました
2025-09-08 03:30:12,672 - INFO - --- 実行日の更新 ---
2025-09-08 03:30:13,388 - INFO - 実行日の更新が完了しました
2025-09-08 03:30:13,388 - INFO - === 更新完了: 3/3 タスクが成功 ===
2025-09-08 03:30:13,388 - INFO - 全ての更新が正常に完了しました
価格取得エラー: Expecting value: line 1 column 1 (char 0)
ビットコイン価格: 1635.77万円
イーサリウム価格: 63.04万円
J29（ビットコイン価格）を 1635.77万円 に更新しました
J30（イーサリウム価格）を 63.04万円 に更新しました
ファイル 'datasets/maki_250630.xlsx' の更新が完了しました（書式保持）。
田中貴金属買取価格を取得しました:
金: 18530.00円/g
プラチナ: 7215.00円/g
銀: 211.75円/g
R30（金買取価格）を 18530.00円/g に更新しました
R31（銀買取価格）を 211.75円/g に更新しました
R32（プラチナ買取価格）を 7215.00円/g に更新しました
ストックシートの貴金属価格更新が完了しました（書式保持）。
H15に実行日 2025/09/08 を更新しました
H13に実行日 2025/09/08 を更新しました
家計資産シートの実行日更新が完了しました（書式保持）。
[2025/09/08  3:30:13.73] Price update completed successfully 
[2025/09/09  3:30:02.46] Starting price update with correct Python path... 
[2025/09/09  3:30:02.52] Using Python from Anaconda maki2 environment 
2025-09-09 03:30:09,875 - INFO - === 価格データの自動更新を開始 ===
2025-09-09 03:30:09,885 - INFO - --- 仮想通貨価格の更新 ---
2025-09-09 03:30:11,462 - INFO - 仮想通貨価格の更新が完了しました
2025-09-09 03:30:11,468 - INFO - --- 貴金属価格の更新 ---
2025-09-09 03:30:12,461 - INFO - 貴金属価格の更新が完了しました
2025-09-09 03:30:12,462 - INFO - --- 実行日の更新 ---
2025-09-09 03:30:13,180 - INFO - 実行日の更新が完了しました
2025-09-09 03:30:13,181 - INFO - === 更新完了: 3/3 タスクが成功 ===
2025-09-09 03:30:13,182 - INFO - 全ての更新が正常に完了しました
価格取得エラー: Expecting value: line 1 column 1 (char 0)
ビットコイン価格: 1658.81万円
イーサリウム価格: 63.88万円
J29（ビットコイン価格）を 1658.81万円 に更新しました
J30（イーサリウム価格）を 63.88万円 に更新しました
ファイル 'datasets/maki_250630.xlsx' の更新が完了しました（書式保持）。
田中貴金属買取価格を取得しました:
金: 18637.00円/g
プラチナ: 7174.00円/g
銀: 210.10円/g
R30（金買取価格）を 18637.00円/g に更新しました
R31（銀買取価格）を 210.10円/g に更新しました
R32（プラチナ買取価格）を 7174.00円/g に更新しました
ストックシートの貴金属価格更新が完了しました（書式保持）。
H15に実行日 2025/09/09 を更新しました
H13に実行日 2025/09/09 を更新しました
家計資産シートの実行日更新が完了しました（書式保持）。
[2025/09/09  3:30:13.53] Price update completed successfully 
[2025/09/10  3:30:01.90] Starting price update with correct Python path... 
[2025/09/10  3:30:01.94] Using Python from Anaconda maki2 environment 
2025-09-10 03:30:10,107 - INFO - === 価格データの自動更新を開始 ===
2025-09-10 03:30:10,119 - INFO - --- 仮想通貨価格の更新 ---
2025-09-10 03:30:11,361 - INFO - 仮想通貨価格の更新が完了しました
2025-09-10 03:30:11,362 - INFO - --- 貴金属価格の更新 ---
2025-09-10 03:30:12,414 - INFO - 貴金属価格の更新が完了しました
2025-09-10 03:30:12,414 - INFO - --- 実行日の更新 ---
2025-09-10 03:30:13,228 - INFO - 実行日の更新が完了しました
2025-09-10 03:30:13,228 - INFO - === 更新完了: 3/3 タスクが成功 ===
2025-09-10 03:30:13,228 - INFO - 全ての更新が正常に完了しました
価格取得エラー: Expecting value: line 1 column 1 (char 0)
ビットコイン価格: 1639.60万円
イーサリウム価格: 63.26万円
J29（ビットコイン価格）を 1639.60万円 に更新しました
J30（イーサリウム価格）を 63.26万円 に更新しました
ファイル 'datasets/maki_250630.xlsx' の更新が完了しました（書式保持）。
田中貴金属買取価格を取得しました:
金: 18895.00円/g
プラチナ: 7204.00円/g
銀: 212.74円/g
R30（金買取価格）を 18895.00円/g に更新しました
R31（銀買取価格）を 212.74円/g に更新しました
R32（プラチナ買取価格）を 7204.00円/g に更新しました
ストックシートの貴金属価格更新が完了しました（書式保持）。
H15に実行日 2025/09/10 を更新しました
H13に実行日 2025/09/10 を更新しました
家計資産シートの実行日更新が完了しました（書式保持）。
[2025/09/10  3:30:13.53] Price update completed successfully 
[2025/09/11  3:30:02.92] Starting price update with correct Python path... 
[2025/09/11  3:30:02.98] Using Python from Anaconda maki2 environment 
2025-09-11 03:30:12,496 - INFO - === 価格データの自動更新を開始 ===
2025-09-11 03:30:12,542 - INFO - --- 仮想通貨価格の更新 ---
2025-09-11 03:30:14,668 - INFO - 仮想通貨価格の更新が完了しました
2025-09-11 03:30:14,671 - INFO - --- 貴金属価格の更新 ---
2025-09-11 03:30:16,071 - INFO - 貴金属価格の更新が完了しました
2025-09-11 03:30:16,071 - INFO - --- 実行日の更新 ---
2025-09-11 03:30:17,084 - INFO - 実行日の更新が完了しました
2025-09-11 03:30:17,087 - INFO - === 更新完了: 3/3 タスクが成功 ===
2025-09-11 03:30:17,087 - INFO - 全ての更新が正常に完了しました
価格取得エラー: Expecting value: line 1 column 1 (char 0)
ビットコイン価格: 1670.05万円
イーサリウム価格: 63.85万円
J29（ビットコイン価格）を 1670.05万円 に更新しました
J30（イーサリウム価格）を 63.85万円 に更新しました
ファイル 'datasets/maki_250630.xlsx' の更新が完了しました（書式保持）。
田中貴金属買取価格を取得しました:
金: 18854.00円/g
プラチナ: 7170.00円/g
銀: 211.42円/g
R30（金買取価格）を 18854.00円/g に更新しました
R31（銀買取価格）を 211.42円/g に更新しました
R32（プラチナ買取価格）を 7170.00円/g に更新しました
ストックシートの貴金属価格更新が完了しました（書式保持）。
H15に実行日 2025/09/11 を更新しました
H13に実行日 2025/09/11 を更新しました
家計資産シートの実行日更新が完了しました（書式保持）。
[2025/09/11  3:30:17.54] Price update completed successfully 
[2025/09/12  3:30:02.18] Starting price update with correct Python path... 
[2025/09/12  3:30:02.24] Using Python from Anaconda maki2 environment 
2025-09-12 03:30:13,054 - INFO - === 価格データの自動更新を開始 ===
2025-09-12 03:30:13,113 - INFO - --- 仮想通貨価格の更新 ---
2025-09-12 03:30:15,158 - INFO - 仮想通貨価格の更新が完了しました
2025-09-12 03:30:15,162 - INFO - --- 貴金属価格の更新 ---
2025-09-12 03:30:16,586 - INFO - 貴金属価格の更新が完了しました
2025-09-12 03:30:16,590 - INFO - --- 実行日の更新 ---
2025-09-12 03:30:17,786 - INFO - 実行日の更新が完了しました
2025-09-12 03:30:17,791 - INFO - === 更新完了: 3/3 タスクが成功 ===
2025-09-12 03:30:17,794 - INFO - 全ての更新が正常に完了しました
価格取得エラー: Expecting value: line 1 column 1 (char 0)
ビットコイン価格: 1682.11万円
イーサリウム価格: 65.03万円
J29（ビットコイン価格）を 1682.11万円 に更新しました
J30（イーサリウム価格）を 65.03万円 に更新しました
ファイル 'datasets/maki_250630.xlsx' の更新が完了しました（書式保持）。
田中貴金属買取価格を取得しました:
金: 18812.00円/g
プラチナ: 7174.00円/g
銀: 211.64円/g
R30（金買取価格）を 18812.00円/g に更新しました
R31（銀買取価格）を 211.64円/g に更新しました
R32（プラチナ買取価格）を 7174.00円/g に更新しました
ストックシートの貴金属価格更新が完了しました（書式保持）。
H15に実行日 2025/09/12 を更新しました
H13に実行日 2025/09/12 を更新しました
家計資産シートの実行日更新が完了しました（書式保持）。
[2025/09/12  3:30:18.52] Price update completed successfully 
[2025/09/13  3:30:03.84] Starting price update with correct Python path... 
[2025/09/13  3:30:03.91] Using Python from Anaconda maki2 environment 
2025-09-13 03:30:11,608 - INFO - === 価格データの自動更新を開始 ===
2025-09-13 03:30:11,616 - INFO - --- 仮想通貨価格の更新 ---
2025-09-13 03:30:12,982 - INFO - 仮想通貨価格の更新が完了しました
2025-09-13 03:30:12,983 - INFO - --- 貴金属価格の更新 ---
2025-09-13 03:30:13,962 - INFO - 貴金属価格の更新が完了しました
2025-09-13 03:30:13,968 - INFO - --- 実行日の更新 ---
2025-09-13 03:30:14,642 - INFO - 実行日の更新が完了しました
2025-09-13 03:30:14,646 - INFO - === 更新完了: 3/3 タスクが成功 ===
2025-09-13 03:30:14,649 - INFO - 全ての更新が正常に完了しました
価格取得エラー: Expecting value: line 1 column 1 (char 0)
ビットコイン価格: 1714.30万円
イーサリウム価格: 68.11万円
J29（ビットコイン価格）を 1714.30万円 に更新しました
J30（イーサリウム価格）を 68.11万円 に更新しました
ファイル 'datasets/maki_250630.xlsx' の更新が完了しました（書式保持）。
田中貴金属買取価格を取得しました:
金: 18952.00円/g
プラチナ: 7241.00円/g
銀: 217.03円/g
R30（金買取価格）を 18952.00円/g に更新しました
R31（銀買取価格）を 217.03円/g に更新しました
R32（プラチナ買取価格）を 7241.00円/g に更新しました
ストックシートの貴金属価格更新が完了しました（書式保持）。
H15に実行日 2025/09/13 を更新しました
H13に実行日 2025/09/13 を更新しました
家計資産シートの実行日更新が完了しました（書式保持）。
[2025/09/13  3:30:14.88] Price update completed successfully 
[2025/09/14  3:30:04.11] Starting price update with correct Python path... 
[2025/09/14  3:30:04.29] Using Python from Anaconda maki2 environment 
2025-09-14 03:30:09,864 - INFO - === 価格データの自動更新を開始 ===
2025-09-14 03:30:09,899 - INFO - --- 仮想通貨価格の更新 ---
2025-09-14 03:30:14,539 - INFO - 仮想通貨価格の更新が完了しました
2025-09-14 03:30:14,540 - INFO - --- 貴金属価格の更新 ---
2025-09-14 03:30:15,768 - INFO - 貴金属価格の更新が完了しました
2025-09-14 03:30:15,769 - INFO - --- 実行日の更新 ---
2025-09-14 03:30:16,439 - INFO - 実行日の更新が完了しました
2025-09-14 03:30:16,440 - INFO - === 更新完了: 3/3 タスクが成功 ===
2025-09-14 03:30:16,440 - INFO - 全ての更新が正常に完了しました
価格取得エラー: Expecting value: line 1 column 1 (char 0)
ビットコイン価格: 1708.80万円
イーサリウム価格: 68.72万円
J29（ビットコイン価格）を 1708.80万円 に更新しました
J30（イーサリウム価格）を 68.72万円 に更新しました
ファイル 'datasets/maki_250630.xlsx' の更新が完了しました（書式保持）。
田中貴金属買取価格を取得しました:
金: 18952.00円/g
プラチナ: 7241.00円/g
銀: 217.03円/g
R30（金買取価格）を 18952.00円/g に更新しました
R31（銀買取価格）を 217.03円/g に更新しました
R32（プラチナ買取価格）を 7241.00円/g に更新しました
ストックシートの貴金属価格更新が完了しました（書式保持）。
H15に実行日 2025/09/14 を更新しました
H13に実行日 2025/09/14 を更新しました
家計資産シートの実行日更新が完了しました（書式保持）。
[2025/09/14  3:30:16.70] Price update completed successfully 
[2025/09/15  3:30:04.12] Starting price update with correct Python path... 
[2025/09/15  3:30:04.27] Using Python from Anaconda maki2 environment 
2025-09-15 03:30:11,843 - INFO - === 価格データの自動更新を開始 ===
2025-09-15 03:30:11,905 - INFO - --- 仮想通貨価格の更新 ---
2025-09-15 03:30:16,680 - INFO - 仮想通貨価格の更新が完了しました
2025-09-15 03:30:16,683 - INFO - --- 貴金属価格の更新 ---
2025-09-15 03:30:17,614 - INFO - 貴金属価格の更新が完了しました
2025-09-15 03:30:17,615 - INFO - --- 実行日の更新 ---
2025-09-15 03:30:18,813 - INFO - 実行日の更新が完了しました
2025-09-15 03:30:18,817 - INFO - === 更新完了: 3/3 タスクが成功 ===
2025-09-15 03:30:18,819 - INFO - 全ての更新が正常に完了しました
価格取得エラー: Expecting value: line 1 column 1 (char 0)
ビットコイン価格: 1707.85万円
イーサリウム価格: 68.21万円
J29（ビットコイン価格）を 1707.85万円 に更新しました
J30（イーサリウム価格）を 68.21万円 に更新しました
ファイル 'datasets/maki_250630.xlsx' の更新が完了しました（書式保持）。
田中貴金属買取価格を取得しました:
金: 18952.00円/g
プラチナ: 7241.00円/g
銀: 217.03円/g
R30（金買取価格）を 18952.00円/g に更新しました
R31（銀買取価格）を 217.03円/g に更新しました
R32（プラチナ買取価格）を 7241.00円/g に更新しました
ストックシートの貴金属価格更新が完了しました（書式保持）。
H15に実行日 2025/09/15 を更新しました
H13に実行日 2025/09/15 を更新しました
家計資産シートの実行日更新が完了しました（書式保持）。
[2025/09/15  3:30:19.13] Price update completed successfully 
[2025/09/16  3:30:02.18] Starting price update with correct Python path... 
[2025/09/16  3:30:02.22] Using Python from Anaconda maki2 environment 
2025-09-16 03:30:12,829 - INFO - === 価格データの自動更新を開始 ===
2025-09-16 03:30:12,837 - INFO - --- 仮想通貨価格の更新 ---
2025-09-16 03:30:14,207 - INFO - 仮想通貨価格の更新が完了しました
2025-09-16 03:30:14,207 - INFO - --- 貴金属価格の更新 ---
2025-09-16 03:30:15,237 - INFO - 貴金属価格の更新が完了しました
2025-09-16 03:30:15,241 - INFO - --- 実行日の更新 ---
2025-09-16 03:30:15,953 - INFO - 実行日の更新が完了しました
2025-09-16 03:30:15,953 - INFO - === 更新完了: 3/3 タスクが成功 ===
2025-09-16 03:30:15,953 - INFO - 全ての更新が正常に完了しました
価格取得エラー: Expecting value: line 1 column 1 (char 0)
ビットコイン価格: 1693.46万円
イーサリウム価格: 66.17万円
J29（ビットコイン価格）を 1693.46万円 に更新しました
J30（イーサリウム価格）を 66.17万円 に更新しました
ファイル 'datasets/maki_250630.xlsx' の更新が完了しました（書式保持）。
田中貴金属買取価格を取得しました:
金: 18952.00円/g
プラチナ: 7241.00円/g
銀: 217.03円/g
R30（金買取価格）を 18952.00円/g に更新しました
R31（銀買取価格）を 217.03円/g に更新しました
R32（プラチナ買取価格）を 7241.00円/g に更新しました
ストックシートの貴金属価格更新が完了しました（書式保持）。
H15に実行日 2025/09/16 を更新しました
H13に実行日 2025/09/16 を更新しました
家計資産シートの実行日更新が完了しました（書式保持）。
[2025/09/16  3:30:16.26] Price update completed successfully 
[2025/09/17  3:30:02.32] Starting price update with correct Python path... 
[2025/09/17  3:30:02.36] Using Python from Anaconda maki2 environment 
2025-09-17 03:30:08,517 - INFO - === 価格データの自動更新を開始 ===
2025-09-17 03:30:08,530 - INFO - --- 仮想通貨価格の更新 ---
2025-09-17 03:30:09,735 - INFO - 仮想通貨価格の更新が完了しました
2025-09-17 03:30:09,738 - INFO - --- 貴金属価格の更新 ---
2025-09-17 03:30:10,816 - INFO - 貴金属価格の更新が完了しました
2025-09-17 03:30:10,822 - INFO - --- 実行日の更新 ---
2025-09-17 03:30:11,522 - INFO - 実行日の更新が完了しました
2025-09-17 03:30:11,525 - INFO - === 更新完了: 3/3 タスクが成功 ===
2025-09-17 03:30:11,525 - INFO - 全ての更新が正常に完了しました
価格取得エラー: Expecting value: line 1 column 1 (char 0)
ビットコイン価格: 1704.82万円
イーサリウム価格: 65.63万円
J29（ビットコイン価格）を 1704.82万円 に更新しました
J30（イーサリウム価格）を 65.63万円 に更新しました
ファイル 'datasets/maki_250630.xlsx' の更新が完了しました（書式保持）。
田中貴金属買取価格を取得しました:
金: 19038.00円/g
プラチナ: 7242.00円/g
銀: 218.90円/g
R30（金買取価格）を 19038.00円/g に更新しました
R31（銀買取価格）を 218.90円/g に更新しました
R32（プラチナ買取価格）を 7242.00円/g に更新しました
ストックシートの貴金属価格更新が完了しました（書式保持）。
H15に実行日 2025/09/17 を更新しました
H13に実行日 2025/09/17 を更新しました
家計資産シートの実行日更新が完了しました（書式保持）。
[2025/09/17  3:30:11.86] Price update completed successfully 
[2025/09/18  3:42:02.88] Starting price update with correct Python path... 
[2025/09/18  3:42:02.90] Using Python from Anaconda maki2 environment 
2025-09-18 03:42:10,134 - INFO - === 価格データの自動更新を開始 ===
2025-09-18 03:42:10,150 - INFO - --- 仮想通貨価格の更新 ---
2025-09-18 03:42:11,360 - INFO - 仮想通貨価格の更新が完了しました
2025-09-18 03:42:11,365 - INFO - --- 貴金属価格の更新 ---
2025-09-18 03:42:12,340 - INFO - 貴金属価格の更新が完了しました
2025-09-18 03:42:12,344 - INFO - --- 実行日の更新 ---
2025-09-18 03:42:12,994 - INFO - 実行日の更新が完了しました
2025-09-18 03:42:12,998 - INFO - === 更新完了: 3/3 タスクが成功 ===
2025-09-18 03:42:12,998 - INFO - 全ての更新が正常に完了しました
価格取得エラー: Expecting value: line 1 column 1 (char 0)
ビットコイン価格: 1688.23万円
イーサリウム価格: 65.24万円
J29（ビットコイン価格）を 1688.23万円 に更新しました
J30（イーサリウム価格）を 65.24万円 に更新しました
ファイル 'datasets/maki_250630.xlsx' の更新が完了しました（書式保持）。
田中貴金属買取価格を取得しました:
金: 18968.00円/g
プラチナ: 7163.00円/g
銀: 214.94円/g
R30（金買取価格）を 18968.00円/g に更新しました
R31（銀買取価格）を 214.94円/g に更新しました
R32（プラチナ買取価格）を 7163.00円/g に更新しました
ストックシートの貴金属価格更新が完了しました（書式保持）。
H15に実行日 2025/09/18 を更新しました
H13に実行日 2025/09/18 を更新しました
家計資産シートの実行日更新が完了しました（書式保持）。
[2025/09/18  3:42:13.69] Price update completed successfully 
[2025/09/19  3:30:02.16] Starting price update with correct Python path... 
[2025/09/19  3:30:02.23] Using Python from Anaconda maki2 environment 
2025-09-19 03:30:10,302 - INFO - === 価格データの自動更新を開始 ===
2025-09-19 03:30:10,308 - INFO - --- 仮想通貨価格の更新 ---
2025-09-19 03:30:11,490 - INFO - 仮想通貨価格の更新が完了しました
2025-09-19 03:30:11,491 - INFO - --- 貴金属価格の更新 ---
2025-09-19 03:30:12,511 - INFO - 貴金属価格の更新が完了しました
2025-09-19 03:30:12,512 - INFO - --- 実行日の更新 ---
2025-09-19 03:30:13,240 - INFO - 実行日の更新が完了しました
2025-09-19 03:30:13,240 - INFO - === 更新完了: 3/3 タスクが成功 ===
2025-09-19 03:30:13,241 - INFO - 全ての更新が正常に完了しました
価格取得エラー: Expecting value: line 1 column 1 (char 0)
ビットコイン価格: 1742.82万円
イーサリウム価格: 68.24万円
J29（ビットコイン価格）を 1742.82万円 に更新しました
J30（イーサリウム価格）を 68.24万円 に更新しました
ファイル 'datasets/maki_250630.xlsx' の更新が完了しました（書式保持）。
田中貴金属買取価格を取得しました:
金: 18922.00円/g
プラチナ: 7091.00円/g
銀: 212.41円/g
R30（金買取価格）を 18922.00円/g に更新しました
R31（銀買取価格）を 212.41円/g に更新しました
R32（プラチナ買取価格）を 7091.00円/g に更新しました
ストックシートの貴金属価格更新が完了しました（書式保持）。
H15に実行日 2025/09/19 を更新しました
H13に実行日 2025/09/19 を更新しました
家計資産シートの実行日更新が完了しました（書式保持）。
[2025/09/19  3:30:13.56] Price update completed successfully 
[2025/09/20  3:30:02.23] Starting price update with correct Python path... 
[2025/09/20  3:30:02.31] Using Python from Anaconda maki2 environment 
2025-09-20 03:30:10,547 - INFO - === 価格データの自動更新を開始 ===
2025-09-20 03:30:10,562 - INFO - --- 仮想通貨価格の更新 ---
2025-09-20 03:30:11,783 - INFO - 仮想通貨価格の更新が完了しました
2025-09-20 03:30:11,783 - INFO - --- 貴金属価格の更新 ---
2025-09-20 03:30:12,908 - INFO - 貴金属価格の更新が完了しました
2025-09-20 03:30:12,913 - INFO - --- 実行日の更新 ---
2025-09-20 03:30:13,650 - INFO - 実行日の更新が完了しました
2025-09-20 03:30:13,650 - INFO - === 更新完了: 3/3 タスクが成功 ===
2025-09-20 03:30:13,654 - INFO - 全ての更新が正常に完了しました
価格取得エラー: Expecting value: line 1 column 1 (char 0)
ビットコイン価格: 1707.93万円
イーサリウム価格: 65.87万円
J29（ビットコイン価格）を 1707.93万円 に更新しました
J30（イーサリウム価格）を 65.87万円 に更新しました
ファイル 'datasets/maki_250630.xlsx' の更新が完了しました（書式保持）。
田中貴金属買取価格を取得しました:
金: 18971.00円/g
プラチナ: 7204.00円/g
銀: 217.69円/g
R30（金買取価格）を 18971.00円/g に更新しました
R31（銀買取価格）を 217.69円/g に更新しました
R32（プラチナ買取価格）を 7204.00円/g に更新しました
ストックシートの貴金属価格更新が完了しました（書式保持）。
H15に実行日 2025/09/20 を更新しました
H13に実行日 2025/09/20 を更新しました
家計資産シートの実行日更新が完了しました（書式保持）。
[2025/09/20  3:30:13.97] Price update completed successfully 
[2025/09/21  3:30:02.41] Starting price update with correct Python path... 
[2025/09/21  3:30:02.45] Using Python from Anaconda maki2 environment 
2025-09-21 03:30:11,325 - INFO - === 価格データの自動更新を開始 ===
2025-09-21 03:30:11,343 - INFO - --- 仮想通貨価格の更新 ---
2025-09-21 03:30:13,247 - INFO - 仮想通貨価格の更新が完了しました
2025-09-21 03:30:13,247 - INFO - --- 貴金属価格の更新 ---
2025-09-21 03:30:14,398 - INFO - 貴金属価格の更新が完了しました
2025-09-21 03:30:14,398 - INFO - --- 実行日の更新 ---
2025-09-21 03:30:15,177 - INFO - 実行日の更新が完了しました
2025-09-21 03:30:15,177 - INFO - === 更新完了: 3/3 タスクが成功 ===
2025-09-21 03:30:15,177 - INFO - 全ての更新が正常に完了しました
価格取得エラー: Expecting value: line 1 column 1 (char 0)
ビットコイン価格: 1713.37万円
イーサリウム価格: 66.39万円
J29（ビットコイン価格）を 1713.37万円 に更新しました
J30（イーサリウム価格）を 66.39万円 に更新しました
ファイル 'datasets/maki_250630.xlsx' の更新が完了しました（書式保持）。
田中貴金属買取価格を取得しました:
金: 18971.00円/g
プラチナ: 7204.00円/g
銀: 217.69円/g
R30（金買取価格）を 18971.00円/g に更新しました
R31（銀買取価格）を 217.69円/g に更新しました
R32（プラチナ買取価格）を 7204.00円/g に更新しました
ストックシートの貴金属価格更新が完了しました（書式保持）。
H15に実行日 2025/09/21 を更新しました
H13に実行日 2025/09/21 を更新しました
家計資産シートの実行日更新が完了しました（書式保持）。
[2025/09/21  3:30:15.49] Price update completed successfully 
[2025/09/22  3:30:02.44] Starting price update with correct Python path... 
[2025/09/22  3:30:02.47] Using Python from Anaconda maki2 environment 
2025-09-22 03:30:10,170 - INFO - === 価格データの自動更新を開始 ===
2025-09-22 03:30:10,178 - INFO - --- 仮想通貨価格の更新 ---
2025-09-22 03:30:11,401 - INFO - 仮想通貨価格の更新が完了しました
2025-09-22 03:30:11,402 - INFO - --- 貴金属価格の更新 ---
2025-09-22 03:30:12,486 - INFO - 貴金属価格の更新が完了しました
2025-09-22 03:30:12,488 - INFO - --- 実行日の更新 ---
2025-09-22 03:30:13,260 - INFO - 実行日の更新が完了しました
2025-09-22 03:30:13,262 - INFO - === 更新完了: 3/3 タスクが成功 ===
2025-09-22 03:30:13,263 - INFO - 全ての更新が正常に完了しました
価格取得エラー: Expecting value: line 1 column 1 (char 0)
ビットコイン価格: 1709.66万円
イーサリウム価格: 66.38万円
J29（ビットコイン価格）を 1709.66万円 に更新しました
J30（イーサリウム価格）を 66.38万円 に更新しました
ファイル 'datasets/maki_250630.xlsx' の更新が完了しました（書式保持）。
田中貴金属買取価格を取得しました:
金: 18971.00円/g
プラチナ: 7204.00円/g
銀: 217.69円/g
R30（金買取価格）を 18971.00円/g に更新しました
R31（銀買取価格）を 217.69円/g に更新しました
R32（プラチナ買取価格）を 7204.00円/g に更新しました
ストックシートの貴金属価格更新が完了しました（書式保持）。
H15に実行日 2025/09/22 を更新しました
H13に実行日 2025/09/22 を更新しました
家計資産シートの実行日更新が完了しました（書式保持）。
[2025/09/22  3:30:13.61] Price update completed successfully 
[2025/09/23  3:30:02.48] Starting price update with correct Python path... 
[2025/09/23  3:30:02.54] Using Python from Anaconda maki2 environment 
2025-09-23 03:30:08,165 - INFO - === 価格データの自動更新を開始 ===
2025-09-23 03:30:08,186 - INFO - --- 仮想通貨価格の更新 ---
2025-09-23 03:30:13,943 - INFO - 仮想通貨価格の更新が完了しました
2025-09-23 03:30:13,943 - INFO - --- 貴金属価格の更新 ---
2025-09-23 03:30:15,114 - INFO - 貴金属価格の更新が完了しました
2025-09-23 03:30:15,114 - INFO - --- 実行日の更新 ---
2025-09-23 03:30:15,923 - INFO - 実行日の更新が完了しました
2025-09-23 03:30:15,923 - INFO - === 更新完了: 3/3 タスクが成功 ===
2025-09-23 03:30:15,923 - INFO - 全ての更新が正常に完了しました
価格取得エラー: Expecting value: line 1 column 1 (char 0)
ビットコイン価格: 1665.54万円
イーサリウム価格: 61.67万円
J29（ビットコイン価格）を 1665.54万円 に更新しました
J30（イーサリウム価格）を 61.67万円 に更新しました
ファイル 'datasets/maki_250630.xlsx' の更新が完了しました（書式保持）。
田中貴金属買取価格を取得しました:
金: 19271.00円/g
プラチナ: 7375.00円/g
銀: 225.28円/g
R30（金買取価格）を 19271.00円/g に更新しました
R31（銀買取価格）を 225.28円/g に更新しました
R32（プラチナ買取価格）を 7375.00円/g に更新しました
ストックシートの貴金属価格更新が完了しました（書式保持）。
H15に実行日 2025/09/23 を更新しました
H13に実行日 2025/09/23 を更新しました
家計資産シートの実行日更新が完了しました（書式保持）。
[2025/09/23  3:30:16.24] Price update completed successfully 
[2025/09/24  3:30:02.39] Starting price update with correct Python path... 
[2025/09/24  3:30:02.46] Using Python from Anaconda maki2 environment 
2025-09-24 03:30:09,423 - INFO - === 価格データの自動更新を開始 ===
2025-09-24 03:30:09,431 - INFO - --- 仮想通貨価格の更新 ---
2025-09-24 03:30:10,706 - INFO - 仮想通貨価格の更新が完了しました
2025-09-24 03:30:10,706 - INFO - --- 貴金属価格の更新 ---
2025-09-24 03:30:11,843 - INFO - 貴金属価格の更新が完了しました
2025-09-24 03:30:11,843 - INFO - --- 実行日の更新 ---
2025-09-24 03:30:12,610 - INFO - 実行日の更新が完了しました
2025-09-24 03:30:12,614 - INFO - === 更新完了: 3/3 タスクが成功 ===
2025-09-24 03:30:12,616 - INFO - 全ての更新が正常に完了しました
価格取得エラー: Expecting value: line 1 column 1 (char 0)
ビットコイン価格: 1652.47万円
イーサリウム価格: 61.38万円
J29（ビットコイン価格）を 1652.47万円 に更新しました
J30（イーサリウム価格）を 61.38万円 に更新しました
ファイル 'datasets/maki_250630.xlsx' の更新が完了しました（書式保持）。
田中貴金属買取価格を取得しました:
金: 19271.00円/g
プラチナ: 7375.00円/g
銀: 225.28円/g
R30（金買取価格）を 19271.00円/g に更新しました
R31（銀買取価格）を 225.28円/g に更新しました
R32（プラチナ買取価格）を 7375.00円/g に更新しました
ストックシートの貴金属価格更新が完了しました（書式保持）。
H15に実行日 2025/09/24 を更新しました
H13に実行日 2025/09/24 を更新しました
家計資産シートの実行日更新が完了しました（書式保持）。
[2025/09/24  3:30:12.84] Price update completed successfully 
[2025/09/25  3:30:02.50] Starting price update with correct Python path... 
[2025/09/25  3:30:02.54] Using Python from Anaconda maki2 environment 
2025-09-25 03:30:10,494 - INFO - === 価格データの自動更新を開始 ===
2025-09-25 03:30:10,502 - INFO - --- 仮想通貨価格の更新 ---
2025-09-25 03:30:11,616 - INFO - 仮想通貨価格の更新が完了しました
2025-09-25 03:30:11,616 - INFO - --- 貴金属価格の更新 ---
2025-09-25 03:30:12,699 - INFO - 貴金属価格の更新が完了しました
2025-09-25 03:30:12,703 - INFO - --- 実行日の更新 ---
2025-09-25 03:30:13,373 - INFO - 実行日の更新が完了しました
2025-09-25 03:30:13,373 - INFO - === 更新完了: 3/3 タスクが成功 ===
2025-09-25 03:30:13,374 - INFO - 全ての更新が正常に完了しました
価格取得エラー: Expecting value: line 1 column 1 (char 0)
ビットコイン価格: 1691.39万円
イーサリウム価格: 62.15万円
J29（ビットコイン価格）を 1691.39万円 に更新しました
J30（イーサリウム価格）を 62.15万円 に更新しました
ファイル 'datasets/maki_250630.xlsx' の更新が完了しました（書式保持）。
田中貴金属買取価格を取得しました:
金: 19617.00円/g
プラチナ: 7709.00円/g
銀: 227.81円/g
R30（金買取価格）を 19617.00円/g に更新しました
R31（銀買取価格）を 227.81円/g に更新しました
R32（プラチナ買取価格）を 7709.00円/g に更新しました
ストックシートの貴金属価格更新が完了しました（書式保持）。
H15に実行日 2025/09/25 を更新しました
H13に実行日 2025/09/25 を更新しました
家計資産シートの実行日更新が完了しました（書式保持）。
[2025/09/25  3:30:13.67] Price update completed successfully 
[2025/09/26  3:30:02.68] Starting price update with correct Python path... 
[2025/09/26  3:30:02.72] Using Python from Anaconda maki2 environment 
2025-09-26 03:30:09,183 - INFO - === 価格データの自動更新を開始 ===
2025-09-26 03:30:09,195 - INFO - --- 仮想通貨価格の更新 ---
2025-09-26 03:30:10,462 - INFO - 仮想通貨価格の更新が完了しました
2025-09-26 03:30:10,466 - INFO - --- 貴金属価格の更新 ---
2025-09-26 03:30:11,637 - INFO - 貴金属価格の更新が完了しました
2025-09-26 03:30:11,637 - INFO - --- 実行日の更新 ---
2025-09-26 03:30:12,453 - INFO - 実行日の更新が完了しました
2025-09-26 03:30:12,453 - INFO - === 更新完了: 3/3 タスクが成功 ===
2025-09-26 03:30:12,453 - INFO - 全ての更新が正常に完了しました
価格取得エラー: Expecting value: line 1 column 1 (char 0)
ビットコイン価格: 1641.19万円
イーサリウム価格: 58.23万円
J29（ビットコイン価格）を 1641.19万円 に更新しました
J30（イーサリウム価格）を 58.23万円 に更新しました
ファイル 'datasets/maki_250630.xlsx' の更新が完了しました（書式保持）。
田中貴金属買取価格を取得しました:
金: 19557.00円/g
プラチナ: 7713.00円/g
銀: 228.14円/g
R30（金買取価格）を 19557.00円/g に更新しました
R31（銀買取価格）を 228.14円/g に更新しました
R32（プラチナ買取価格）を 7713.00円/g に更新しました
ストックシートの貴金属価格更新が完了しました（書式保持）。
H15に実行日 2025/09/26 を更新しました
H13に実行日 2025/09/26 を更新しました
家計資産シートの実行日更新が完了しました（書式保持）。
[2025/09/26  3:30:12.70] Price update completed successfully 
[2025/09/26 15:21:42.99] Starting price update (PowerShell version)... 
[2025/09/26 15:21:52.82] PowerShell execution completed 
[2025/09/27  3:30:02.61] Starting price update with correct Python path... 
[2025/09/27  3:30:02.63] Using Python from Anaconda maki2 environment 
2025-09-27 03:30:09,371 - INFO - === 価格データの自動更新を開始 ===
2025-09-27 03:30:09,396 - INFO - --- 仮想通貨価格の更新 ---
2025-09-27 03:30:10,637 - INFO - 仮想通貨価格の更新が完了しました
2025-09-27 03:30:10,637 - INFO - --- 貴金属価格の更新 ---
2025-09-27 03:30:11,841 - INFO - 貴金属価格の更新が完了しました
2025-09-27 03:30:11,841 - INFO - --- 実行日の更新 ---
2025-09-27 03:30:12,578 - INFO - 実行日の更新が完了しました
2025-09-27 03:30:12,582 - INFO - === 更新完了: 3/3 タスクが成功 ===
2025-09-27 03:30:12,583 - INFO - 全ての更新が正常に完了しました
価格取得エラー: Expecting value: line 1 column 1 (char 0)
ビットコイン価格: 1649.19万円
イーサリウム価格: 60.69万円
J29（ビットコイン価格）を 1649.19万円 に更新しました
J30（イーサリウム価格）を 60.69万円 に更新しました
ファイル 'datasets/maki_250630.xlsx' の更新が完了しました（書式保持）。
田中貴金属買取価格を取得しました:
金: 19733.00円/g
プラチナ: 8118.00円/g
銀: 233.97円/g
R30（金買取価格）を 19733.00円/g に更新しました
R31（銀買取価格）を 233.97円/g に更新しました
R32（プラチナ買取価格）を 8118.00円/g に更新しました
ストックシートの貴金属価格更新が完了しました（書式保持）。
H15に実行日 2025/09/27 を更新しました
H13に実行日 2025/09/27 を更新しました
家計資産シートの実行日更新が完了しました（書式保持）。
[2025/09/27  3:30:12.95] Price update completed successfully 
[2025/09/28  3:30:02.57] Starting price update with correct Python path... 
[2025/09/28  3:30:02.62] Using Python from Anaconda maki2 environment 
2025-09-28 03:30:10,253 - INFO - === 価格データの自動更新を開始 ===
2025-09-28 03:30:10,263 - INFO - --- 仮想通貨価格の更新 ---
2025-09-28 03:30:11,794 - INFO - 仮想通貨価格の更新が完了しました
2025-09-28 03:30:11,807 - INFO - --- 貴金属価格の更新 ---
2025-09-28 03:30:12,966 - INFO - 貴金属価格の更新が完了しました
2025-09-28 03:30:12,970 - INFO - --- 実行日の更新 ---
2025-09-28 03:30:13,699 - INFO - 実行日の更新が完了しました
2025-09-28 03:30:13,699 - INFO - === 更新完了: 3/3 タスクが成功 ===
2025-09-28 03:30:13,699 - INFO - 全ての更新が正常に完了しました
価格取得エラー: Expecting value: line 1 column 1 (char 0)
ビットコイン価格: 1636.85万円
イーサリウム価格: 59.78万円
J29（ビットコイン価格）を 1636.85万円 に更新しました
J30（イーサリウム価格）を 59.78万円 に更新しました
ファイル 'datasets/maki_250630.xlsx' の更新が完了しました（書式保持）。
田中貴金属買取価格を取得しました:
金: 19733.00円/g
プラチナ: 8118.00円/g
銀: 233.97円/g
R30（金買取価格）を 19733.00円/g に更新しました
R31（銀買取価格）を 233.97円/g に更新しました
R32（プラチナ買取価格）を 8118.00円/g に更新しました
ストックシートの貴金属価格更新が完了しました（書式保持）。
H15に実行日 2025/09/28 を更新しました
H13に実行日 2025/09/28 を更新しました
家計資産シートの実行日更新が完了しました（書式保持）。
[2025/09/28  3:30:14.10] Price update completed successfully 
[2025/09/29  3:30:02.51] Starting price update with correct Python path... 
[2025/09/29  3:30:02.55] Using Python from Anaconda maki2 environment 
2025-09-29 03:30:04,828 - INFO - === 価格データの自動更新を開始 ===
2025-09-29 03:30:04,865 - INFO - --- 仮想通貨価格の更新 ---
2025-09-29 03:30:06,079 - INFO - 仮想通貨価格の更新が完了しました
2025-09-29 03:30:06,080 - INFO - --- 貴金属価格の更新 ---
2025-09-29 03:30:07,048 - INFO - 貴金属価格の更新が完了しました
2025-09-29 03:30:07,049 - INFO - --- 実行日の更新 ---
2025-09-29 03:30:07,641 - INFO - 実行日の更新が完了しました
2025-09-29 03:30:07,649 - INFO - === 更新完了: 3/3 タスクが成功 ===
2025-09-29 03:30:07,655 - INFO - 全ての更新が正常に完了しました
価格取得エラー: Expecting value: line 1 column 1 (char 0)
ビットコイン価格: 1647.34万円
イーサリウム価格: 60.40万円
J29（ビットコイン価格）を 1647.34万円 に更新しました
J30（イーサリウム価格）を 60.40万円 に更新しました
ファイル 'datasets/maki_250630.xlsx' の更新が完了しました（書式保持）。
田中貴金属買取価格を取得しました:
金: 19733.00円/g
プラチナ: 8118.00円/g
銀: 233.97円/g
R30（金買取価格）を 19733.00円/g に更新しました
R31（銀買取価格）を 233.97円/g に更新しました
R32（プラチナ買取価格）を 8118.00円/g に更新しました
ストックシートの貴金属価格更新が完了しました（書式保持）。
H15に実行日 2025/09/29 を更新しました
H13に実行日 2025/09/29 を更新しました
家計資産シートの実行日更新が完了しました（書式保持）。
[2025/09/29  3:30:08.02] Price update completed successfully 
[2025/09/30  3:30:02.49] Starting price update with correct Python path... 
[2025/09/30  3:30:02.52] Using Python from Anaconda maki2 environment 
2025-09-30 03:30:04,382 - INFO - === 価格データの自動更新を開始 ===
2025-09-30 03:30:04,421 - INFO - --- 仮想通貨価格の更新 ---
2025-09-30 03:30:05,133 - INFO - 仮想通貨価格の更新が完了しました
2025-09-30 03:30:05,133 - INFO - --- 貴金属価格の更新 ---
2025-09-30 03:30:05,645 - INFO - 貴金属価格の更新が完了しました
2025-09-30 03:30:05,662 - INFO - --- 実行日の更新 ---
2025-09-30 03:30:06,765 - INFO - 実行日の更新が完了しました
2025-09-30 03:30:06,770 - INFO - === 更新完了: 3/3 タスクが成功 ===
2025-09-30 03:30:06,779 - INFO - 全ての更新が正常に完了しました
価格取得エラー: Expecting value: line 1 column 1 (char 0)
ビットコイン価格: 1693.61万円
イーサリウム価格: 61.70万円
J29（ビットコイン価格）を 1693.61万円 に更新しました
J30（イーサリウム価格）を 61.70万円 に更新しました
ファイル 'datasets/maki_250630.xlsx' の更新が完了しました（書式保持）。
田中貴金属買取価格を取得しました:
金: 19941.00円/g
プラチナ: 8492.00円/g
銀: 244.64円/g
R30（金買取価格）を 19941.00円/g に更新しました
R31（銀買取価格）を 244.64円/g に更新しました
R32（プラチナ買取価格）を 8492.00円/g に更新しました
ストックシートの貴金属価格更新が完了しました（書式保持）。
H15に実行日 2025/09/30 を更新しました
H13に実行日 2025/09/30 を更新しました
家計資産シートの実行日更新が完了しました（書式保持）。
[2025/09/30  3:30:07.91] Price update completed successfully 
[2025/10/01  5:13:30.23] Starting price update (PowerShell version)... 
[2025/10/01  5:13:48.11] PowerShell execution completed 
[2025/10/02  3:30:04.42] Starting price update with correct Python path... 
[2025/10/02  3:30:04.44] Using Python from Anaconda maki2 environment 
2025-10-02 03:30:12,551 - INFO - === 価格データの自動更新を開始 ===
2025-10-02 03:30:12,551 - INFO - --- 仮想通貨価格の更新 ---
2025-10-02 03:30:13,615 - INFO - 仮想通貨価格の更新が完了しました
2025-10-02 03:30:13,615 - INFO - --- 貴金属価格の更新 ---
2025-10-02 03:30:14,588 - INFO - 貴金属価格の更新が完了しました
2025-10-02 03:30:14,620 - INFO - --- 実行日の更新 ---
2025-10-02 03:30:15,478 - INFO - 実行日の更新が完了しました
2025-10-02 03:30:15,478 - INFO - === 更新完了: 3/3 タスクが成功 ===
2025-10-02 03:30:15,478 - INFO - 全ての更新が正常に完了しました
価格取得エラー: Expecting value: line 1 column 1 (char 0)
ビットコイン価格: 1721.83万円
イーサリウム価格: 63.36万円
J29（ビットコイン価格）を 1721.83万円 に更新しました
J30（イーサリウム価格）を 63.36万円 に更新しました
ファイル 'datasets/maki_250630.xlsx' の更新が完了しました（書式保持）。
田中貴金属価格取得エラー: 価格データの抽出に失敗しました
デフォルト価格を使用します。
R30（金買取価格）を 16000.00円/g に更新しました
R31（銀買取価格）を 180.00円/g に更新しました
R32（プラチナ買取価格）を 7000.00円/g に更新しました
ストックシートの貴金属価格更新が完了しました（書式保持）。
H15に実行日 2025/10/02 を更新しました
H13に実行日 2025/10/02 を更新しました
家計資産シートの実行日更新が完了しました（書式保持）。
[2025/10/02  3:30:15.78] Price update completed successfully 
[2025/10/03  3:30:05.03] Starting price update with correct Python path... 
[2025/10/03  3:30:05.19] Using Python from Anaconda maki2 environment 
2025-10-03 03:30:13,980 - INFO - === 価格データの自動更新を開始 ===
2025-10-03 03:30:13,993 - INFO - --- 仮想通貨価格の更新 ---
2025-10-03 03:30:16,271 - INFO - 仮想通貨価格の更新が完了しました
2025-10-03 03:30:16,273 - INFO - --- 貴金属価格の更新 ---
2025-10-03 03:30:17,240 - INFO - 貴金属価格の更新が完了しました
2025-10-03 03:30:17,240 - INFO - --- 実行日の更新 ---
2025-10-03 03:30:18,042 - INFO - 実行日の更新が完了しました
2025-10-03 03:30:18,045 - INFO - === 更新完了: 3/3 タスクが成功 ===
2025-10-03 03:30:18,062 - INFO - 全ての更新が正常に完了しました
価格取得エラー: Expecting value: line 1 column 1 (char 0)
ビットコイン価格: 1768.92万円
イーサリウム価格: 66.02万円
J29（ビットコイン価格）を 1768.92万円 に更新しました
J30（イーサリウム価格）を 66.02万円 に更新しました
ファイル 'datasets/maki_250630.xlsx' の更新が完了しました（書式保持）。
田中貴金属価格取得エラー: 価格データの抽出に失敗しました
デフォルト価格を使用します。
R30（金買取価格）を 16000.00円/g に更新しました
R31（銀買取価格）を 180.00円/g に更新しました
R32（プラチナ買取価格）を 7000.00円/g に更新しました
ストックシートの貴金属価格更新が完了しました（書式保持）。
H15に実行日 2025/10/03 を更新しました
H13に実行日 2025/10/03 を更新しました
家計資産シートの実行日更新が完了しました（書式保持）。
[2025/10/03  3:30:18.59] Price update completed successfully 
[2025/10/04  3:30:04.24] Starting price update with correct Python path... 
[2025/10/04  3:30:04.34] Using Python from Anaconda maki2 environment 
2025-10-04 03:30:12,682 - INFO - === 価格データの自動更新を開始 ===
2025-10-04 03:30:12,692 - INFO - --- 仮想通貨価格の更新 ---
2025-10-04 03:30:17,852 - INFO - 仮想通貨価格の更新が完了しました
2025-10-04 03:30:17,853 - INFO - --- 貴金属価格の更新 ---
2025-10-04 03:30:18,849 - INFO - 貴金属価格の更新が完了しました
2025-10-04 03:30:18,852 - INFO - --- 実行日の更新 ---
2025-10-04 03:30:19,489 - INFO - 実行日の更新が完了しました
2025-10-04 03:30:19,489 - INFO - === 更新完了: 3/3 タスクが成功 ===
2025-10-04 03:30:19,489 - INFO - 全ての更新が正常に完了しました
価格取得エラー: Expecting value: line 1 column 1 (char 0)
ビットコイン価格: 1808.15万円
イーサリウム価格: 66.44万円
J29（ビットコイン価格）を 1808.15万円 に更新しました
J30（イーサリウム価格）を 66.44万円 に更新しました
ファイル 'datasets/maki_250630.xlsx' の更新が完了しました（書式保持）。
田中貴金属買取価格を取得しました:
金: 19991.00円/g
プラチナ: 8122.00円/g
銀: 242.00円/g
R30（金買取価格）を 19991.00円/g に更新しました
R31（銀買取価格）を 242.00円/g に更新しました
R32（プラチナ買取価格）を 8122.00円/g に更新しました
ストックシートの貴金属価格更新が完了しました（書式保持）。
H15に実行日 2025/10/04 を更新しました
H13に実行日 2025/10/04 を更新しました
家計資産シートの実行日更新が完了しました（書式保持）。
[2025/10/04  3:30:19.85] Price update completed successfully 
[2025/10/05  3:30:03.56] Starting price update with correct Python path... 
[2025/10/05  3:30:03.70] Using Python from Anaconda maki2 environment 
2025-10-05 03:30:14,045 - INFO - === 価格データの自動更新を開始 ===
2025-10-05 03:30:14,060 - INFO - --- 仮想通貨価格の更新 ---
2025-10-05 03:30:15,425 - INFO - 仮想通貨価格の更新が完了しました
2025-10-05 03:30:15,425 - INFO - --- 貴金属価格の更新 ---
2025-10-05 03:30:16,525 - INFO - 貴金属価格の更新が完了しました
2025-10-05 03:30:16,534 - INFO - --- 実行日の更新 ---
2025-10-05 03:30:17,275 - INFO - 実行日の更新が完了しました
2025-10-05 03:30:17,279 - INFO - === 更新完了: 3/3 タスクが成功 ===
2025-10-05 03:30:17,279 - INFO - 全ての更新が正常に完了しました
価格取得エラー: Expecting value: line 1 column 1 (char 0)
ビットコイン価格: 1795.53万円
イーサリウム価格: 65.78万円
J29（ビットコイン価格）を 1795.53万円 に更新しました
J30（イーサリウム価格）を 65.78万円 に更新しました
ファイル 'datasets/maki_250630.xlsx' の更新が完了しました（書式保持）。
田中貴金属買取価格を取得しました:
金: 19991.00円/g
プラチナ: 8122.00円/g
銀: 242.00円/g
R30（金買取価格）を 19991.00円/g に更新しました
R31（銀買取価格）を 242.00円/g に更新しました
R32（プラチナ買取価格）を 8122.00円/g に更新しました
ストックシートの貴金属価格更新が完了しました（書式保持）。
H15に実行日 2025/10/05 を更新しました
H13に実行日 2025/10/05 を更新しました
家計資産シートの実行日更新が完了しました（書式保持）。
[2025/10/05  3:30:17.60] Price update completed successfully 
[2025/10/06  3:30:02.81] Starting price update with correct Python path... 
[2025/10/06  3:30:02.86] Using Python from Anaconda maki2 environment 
2025-10-06 03:30:12,848 - INFO - === 価格データの自動更新を開始 ===
2025-10-06 03:30:12,880 - INFO - --- 仮想通貨価格の更新 ---
2025-10-06 03:30:14,292 - INFO - 仮想通貨価格の更新が完了しました
2025-10-06 03:30:14,292 - INFO - --- 貴金属価格の更新 ---
2025-10-06 03:30:15,505 - INFO - 貴金属価格の更新が完了しました
2025-10-06 03:30:15,509 - INFO - --- 実行日の更新 ---
2025-10-06 03:30:16,271 - INFO - 実行日の更新が完了しました
2025-10-06 03:30:16,275 - INFO - === 更新完了: 3/3 タスクが成功 ===
2025-10-06 03:30:16,275 - INFO - 全ての更新が正常に完了しました
価格取得エラー: Expecting value: line 1 column 1 (char 0)
ビットコイン価格: 1837.16万円
イーサリウム価格: 67.38万円
J29（ビットコイン価格）を 1837.16万円 に更新しました
J30（イーサリウム価格）を 67.38万円 に更新しました
ファイル 'datasets/maki_250630.xlsx' の更新が完了しました（書式保持）。
田中貴金属買取価格を取得しました:
金: 19991.00円/g
プラチナ: 8122.00円/g
銀: 242.00円/g
R30（金買取価格）を 19991.00円/g に更新しました
R31（銀買取価格）を 242.00円/g に更新しました
R32（プラチナ買取価格）を 8122.00円/g に更新しました
ストックシートの貴金属価格更新が完了しました（書式保持）。
H15に実行日 2025/10/06 を更新しました
H13に実行日 2025/10/06 を更新しました
家計資産シートの実行日更新が完了しました（書式保持）。
[2025/10/06  3:30:16.60] Price update completed successfully 
[2025/10/06 14:49:11.14] Starting price update (PowerShell version)... 
[2025/10/06 14:49:21.60] PowerShell execution completed 
[2025/10/06 14:50:43.07] Starting price update (PowerShell version)... 
[2025/10/06 14:50:55.32] PowerShell execution completed 
[2025/10/07  3:30:02.81] Starting price update with correct Python path... 
[2025/10/07  3:30:02.83] Using Python from Anaconda maki2 environment 
2025-10-07 03:30:09,655 - INFO - === 価格データの自動更新を開始 ===
2025-10-07 03:30:09,673 - INFO - --- 仮想通貨価格の更新 ---
2025-10-07 03:30:10,871 - INFO - 仮想通貨価格の更新が完了しました
2025-10-07 03:30:10,872 - INFO - --- 貴金属価格の更新 ---
2025-10-07 03:30:11,831 - INFO - 貴金属価格の更新が完了しました
2025-10-07 03:30:11,831 - INFO - --- 実行日の更新 ---
2025-10-07 03:30:12,610 - INFO - 実行日の更新が完了しました
2025-10-07 03:30:12,611 - INFO - === 更新完了: 3/3 タスクが成功 ===
2025-10-07 03:30:12,613 - INFO - 全ての更新が正常に完了しました
価格取得エラー: Expecting value: line 1 column 1 (char 0)
ビットコイン価格: 1881.70万円
イーサリウム価格: 70.48万円
J29（ビットコイン価格）を 1881.70万円 に更新しました
J30（イーサリウム価格）を 70.48万円 に更新しました
ファイル 'datasets/maki_250630.xlsx' の更新が完了しました（書式保持）。
田中貴金属価格取得エラー: 価格データの抽出に失敗しました
デフォルト価格を使用します。
R30（金買取価格）を 16000.00円/g に更新しました
R31（銀買取価格）を 180.00円/g に更新しました
R32（プラチナ買取価格）を 7000.00円/g に更新しました
ストックシートの貴金属価格更新が完了しました（書式保持）。
H15に実行日 2025/10/07 を更新しました
H13に実行日 2025/10/07 を更新しました
家計資産シートの実行日更新が完了しました（書式保持）。
[2025/10/07  3:30:12.96] Price update completed successfully 
[2025/10/08  3:30:02.78] Starting price update with correct Python path... 
[2025/10/08  3:30:02.82] Using Python from Anaconda maki2 environment 
2025-10-08 03:30:13,643 - INFO - === 価格データの自動更新を開始 ===
2025-10-08 03:30:13,643 - INFO - --- 仮想通貨価格の更新 ---
2025-10-08 03:30:14,936 - INFO - 仮想通貨価格の更新が完了しました
2025-10-08 03:30:14,940 - INFO - --- 貴金属価格の更新 ---
2025-10-08 03:30:16,027 - INFO - 貴金属価格の更新が完了しました
2025-10-08 03:30:16,027 - INFO - --- 実行日の更新 ---
2025-10-08 03:30:16,895 - INFO - 実行日の更新が完了しました
2025-10-08 03:30:16,898 - INFO - === 更新完了: 3/3 タスクが成功 ===
2025-10-08 03:30:16,898 - INFO - 全ての更新が正常に完了しました
価格取得エラー: Expecting value: line 1 column 1 (char 0)
ビットコイン価格: 1831.97万円
イーサリウム価格: 67.69万円
J29（ビットコイン価格）を 1831.97万円 に更新しました
J30（イーサリウム価格）を 67.69万円 に更新しました
ファイル 'datasets/maki_250630.xlsx' の更新が完了しました（書式保持）。
田中貴金属価格取得エラー: 価格データの抽出に失敗しました
デフォルト価格を使用します。
R30（金買取価格）を 16000.00円/g に更新しました
R31（銀買取価格）を 180.00円/g に更新しました
R32（プラチナ買取価格）を 7000.00円/g に更新しました
ストックシートの貴金属価格更新が完了しました（書式保持）。
H15に実行日 2025/10/08 を更新しました
H13に実行日 2025/10/08 を更新しました
家計資産シートの実行日更新が完了しました（書式保持）。
[2025/10/08  3:30:17.29] Price update completed successfully 
[2025/10/08  4:09:41.36] Starting price update (PowerShell version)... 
[2025/10/08  4:09:53.60] PowerShell execution completed 
[2025/10/08  4:14:30.52] Starting price update (PowerShell version)... 
[2025/10/08  4:14:42.12] PowerShell execution completed 
[2025/10/09  3:30:02.61] Starting price update with correct Python path... 
[2025/10/09  3:30:02.63] Using Python from Anaconda maki2 environment 
2025-10-09 03:30:15,539 - INFO - === 価格データの自動更新を開始 ===
2025-10-09 03:30:15,560 - INFO - --- 仮想通貨価格の更新 ---
2025-10-09 03:30:16,887 - INFO - 仮想通貨価格の更新が完了しました
2025-10-09 03:30:16,888 - INFO - --- 貴金属価格の更新 ---
2025-10-09 03:30:17,866 - ERROR - 貴金属価格更新エラー: 'cp932' codec can't encode character '\u2717' in position 0: illegal multibyte sequence
2025-10-09 03:30:17,912 - INFO - --- 実行日の更新 ---
2025-10-09 03:30:19,072 - INFO - 実行日の更新が完了しました
2025-10-09 03:30:19,074 - INFO - === 更新完了: 2/3 タスクが成功 ===
2025-10-09 03:30:19,075 - WARNING - 1 個のタスクが失敗しました
価格取得エラー: Expecting value: line 1 column 1 (char 0)
ビットコイン価格: 1891.12万円
イーサリウム価格: 69.29万円
J29（ビットコイン価格）を 1891.12万円 に更新しました
J30（イーサリウム価格）を 69.29万円 に更新しました
ファイル 'datasets/maki_250630.xlsx' の更新が完了しました（書式保持）。
=== 貴金属価格取得開始 ===
1. Yahoo Financeから価格取得を試行...
Yahoo Financeから貴金属価格を取得中...
USD/JPYレート: 152.79円/ドル (Google Finance)
使用為替レート: 152.79円/ドル
Yahoo Finance取得エラー: 'cp932' codec can't encode character '\u2717' in position 0: illegal multibyte sequence
H15に実行日 2025/10/09 を更新しました
H13に実行日 2025/10/09 を更新しました
家計資産シートの実行日更新が完了しました（書式保持）。
[2025/10/09  3:30:19.39] Price update completed successfully 
[2025/10/10  3:30:04.60] Starting price update with correct Python path... 
[2025/10/10  3:30:04.83] Using Python from Anaconda maki2 environment 
2025-10-10 03:30:22,772 - INFO - === 価格データの自動更新を開始 ===
2025-10-10 03:30:22,788 - INFO - --- 仮想通貨価格の更新 ---
2025-10-10 03:30:23,983 - INFO - 仮想通貨価格の更新が完了しました
2025-10-10 03:30:23,983 - INFO - --- 貴金属価格の更新 ---
2025-10-10 03:30:25,046 - ERROR - 貴金属価格更新エラー: 'cp932' codec can't encode character '\u2717' in position 0: illegal multibyte sequence
2025-10-10 03:30:25,048 - INFO - --- 実行日の更新 ---
2025-10-10 03:30:25,866 - INFO - 実行日の更新が完了しました
2025-10-10 03:30:25,867 - INFO - === 更新完了: 2/3 タスクが成功 ===
2025-10-10 03:30:25,868 - WARNING - 1 個のタスクが失敗しました
価格取得エラー: Expecting value: line 1 column 1 (char 0)
ビットコイン価格: 1847.60万円
イーサリウム価格: 66.23万円
J29（ビットコイン価格）を 1847.60万円 に更新しました
J30（イーサリウム価格）を 66.23万円 に更新しました
ファイル 'datasets/maki_250630.xlsx' の更新が完了しました（書式保持）。
=== 貴金属価格取得開始 ===
1. Yahoo Financeから価格取得を試行...
Yahoo Financeから貴金属価格を取得中...
USD/JPYレート: 153.06円/ドル (Google Finance)
使用為替レート: 153.06円/ドル
Yahoo Finance取得エラー: 'cp932' codec can't encode character '\u2717' in position 0: illegal multibyte sequence
H15に実行日 2025/10/10 を更新しました
H13に実行日 2025/10/10 を更新しました
家計資産シートの実行日更新が完了しました（書式保持）。
[2025/10/10  3:30:26.19] Price update completed successfully 
[2025/10/10 11:21:18.46] Starting price update (PowerShell version)... 
[2025/10/10 11:21:39.45] PowerShell execution completed 
[2025/10/10 11:27:18.67] Starting price update (PowerShell version)... 
[2025/10/10 11:27:33.12] PowerShell execution completed 
[2025/10/10 11:37:40.33] Starting price update (PowerShell version)... 
[2025/10/10 11:37:48.39] PowerShell execution completed 
[2025/10/10 11:38:43.78] Starting price update (PowerShell version)... 
[2025/10/10 11:38:53.95] PowerShell execution completed 
[2025/10/10 11:43:50.80] Starting price update (PowerShell version)... 
[2025/10/10 11:44:01.91] PowerShell execution completed 
[2025/10/10 11:54:04.02] Starting price update (PowerShell version)... 
[2025/10/10 11:54:14.06] PowerShell execution completed 
[2025/10/10 12:02:41.91] Starting price update (PowerShell version)... 
[2025/10/10 12:02:52.80] PowerShell execution completed 
[2025/10/10 12:11:04.76] Starting price update (PowerShell version)... 
[2025/10/10 12:11:17.33] PowerShell execution completed 
[2025/10/10 12:13:28.62] Starting price update (PowerShell version)... 
[2025/10/10 12:13:38.16] PowerShell execution completed 
[2025/10/11  3:30:03.24] Starting price update with correct Python path... 
[2025/10/11  3:30:03.33] Using Python from Anaconda maki2 environment 
2025-10-11 03:30:18,007 - INFO - === 価格データの自動更新を開始 ===
2025-10-11 03:30:18,022 - INFO - --- 仮想通貨価格の更新 ---
2025-10-11 03:30:19,706 - INFO - 仮想通貨価格の更新が完了しました
2025-10-11 03:30:19,707 - INFO - --- 貴金属価格の更新 ---
2025-10-11 03:30:19,938 - ERROR - 貴金属価格更新エラー: 一部の価格が取得できませんでした: 金, プラチナ, 銀
2025-10-11 03:30:19,958 - ERROR - 詳細エラー情報: Traceback (most recent call last):
  File "G:\マイドライブ\MyWork\My_rule.py", line 537, in update_all_prices_with_logging
    metal_prices = get_precious_metal_prices()
                   ^^^^^^^^^^^^^^^^^^^^^^^^^^^
  File "G:\マイドライブ\MyWork\My_rule.py", line 243, in get_precious_metal_prices
    prices = get_tanaka_precious_metal_prices()
             ^^^^^^^^^^^^^^^^^^^^^^^^^^^^^^^^^^
  File "G:\マイドライブ\MyWork\My_rule.py", line 313, in get_tanaka_precious_metal_prices
    raise Exception(f"一部の価格が取得できませんでした: {', '.join(missing)}")
Exception: 一部の価格が取得できませんでした: 金, プラチナ, 銀

2025-10-11 03:30:19,963 - INFO - --- 実行日の更新 ---
2025-10-11 03:30:20,784 - INFO - 実行日の更新が完了しました
2025-10-11 03:30:20,787 - INFO - === 更新完了: 2/3 タスクが成功 ===
2025-10-11 03:30:20,787 - WARNING - 1 個のタスクが失敗しました
価格取得エラー: Expecting value: line 1 column 1 (char 0)
ビットコイン価格: 1786.84万円
イーサリウム価格: 62.13万円
J29（ビットコイン価格）を 1786.84万円 に更新しました
J30（イーサリウム価格）を 62.13万円 に更新しました
ファイル 'datasets/maki_250630.xlsx' の更新が完了しました（書式保持）。
=== 貴金属価格取得開始（田中貴金属） ===
田中貴金属サイトから価格取得を試行...
田中貴金属価格取得エラー: 一部の価格が取得できませんでした: 金, プラチナ, 銀
H14に実行日 2025/10/11 を更新しました
H16に実行日 2025/10/11 を更新しました
家計資産シートの実行日更新が完了しました（書式保持）。
[2025/10/11  3:30:21.12] Price update completed successfully 
[2025/10/12  3:30:03.51] Starting price update with correct Python path... 
[2025/10/12  3:30:03.56] Using Python from Anaconda maki2 environment 
2025-10-12 03:30:21,354 - INFO - === 価格データの自動更新を開始 ===
2025-10-12 03:30:21,368 - INFO - --- 仮想通貨価格の更新 ---
2025-10-12 03:30:22,615 - INFO - 仮想通貨価格の更新が完了しました
2025-10-12 03:30:22,616 - INFO - --- 貴金属価格の更新 ---
2025-10-12 03:30:23,002 - ERROR - 貴金属価格更新エラー: 一部の価格が取得できませんでした: 金, プラチナ, 銀
2025-10-12 03:30:23,043 - ERROR - 詳細エラー情報: Traceback (most recent call last):
  File "G:\マイドライブ\MyWork\My_rule.py", line 537, in update_all_prices_with_logging
    metal_prices = get_precious_metal_prices()
                   ^^^^^^^^^^^^^^^^^^^^^^^^^^^
  File "G:\マイドライブ\MyWork\My_rule.py", line 243, in get_precious_metal_prices
    prices = get_tanaka_precious_metal_prices()
             ^^^^^^^^^^^^^^^^^^^^^^^^^^^^^^^^^^
  File "G:\マイドライブ\MyWork\My_rule.py", line 313, in get_tanaka_precious_metal_prices
    raise Exception(f"一部の価格が取得できませんでした: {', '.join(missing)}")
Exception: 一部の価格が取得できませんでした: 金, プラチナ, 銀

2025-10-12 03:30:23,046 - INFO - --- 実行日の更新 ---
2025-10-12 03:30:23,816 - INFO - 実行日の更新が完了しました
2025-10-12 03:30:23,819 - INFO - === 更新完了: 2/3 タスクが成功 ===
2025-10-12 03:30:23,822 - WARNING - 1 個のタスクが失敗しました
価格取得エラー: Expecting value: line 1 column 1 (char 0)
ビットコイン価格: 1693.36万円
イーサリウム価格: 57.76万円
J29（ビットコイン価格）を 1693.36万円 に更新しました
J30（イーサリウム価格）を 57.76万円 に更新しました
ファイル 'datasets/maki_250630.xlsx' の更新が完了しました（書式保持）。
=== 貴金属価格取得開始（田中貴金属） ===
田中貴金属サイトから価格取得を試行...
田中貴金属価格取得エラー: 一部の価格が取得できませんでした: 金, プラチナ, 銀
H14に実行日 2025/10/12 を更新しました
H16に実行日 2025/10/12 を更新しました
家計資産シートの実行日更新が完了しました（書式保持）。
[2025/10/12  3:30:24.17] Price update completed successfully 
[2025/10/13  3:30:04.86] Starting price update with correct Python path... 
[2025/10/13  3:30:04.94] Using Python from Anaconda maki2 environment 
2025-10-13 03:30:30,507 - INFO - === 価格データの自動更新を開始 ===
2025-10-13 03:30:30,635 - INFO - --- 仮想通貨価格の更新 ---
2025-10-13 03:30:33,574 - INFO - 仮想通貨価格の更新が完了しました
2025-10-13 03:30:33,576 - INFO - --- 貴金属価格の更新 ---
2025-10-13 03:30:33,953 - ERROR - 貴金属価格更新エラー: 一部の価格が取得できませんでした: 金, プラチナ, 銀
2025-10-13 03:30:34,011 - ERROR - 詳細エラー情報: Traceback (most recent call last):
  File "G:\マイドライブ\MyWork\My_rule.py", line 537, in update_all_prices_with_logging
    metal_prices = get_precious_metal_prices()
                   ^^^^^^^^^^^^^^^^^^^^^^^^^^^
  File "G:\マイドライブ\MyWork\My_rule.py", line 243, in get_precious_metal_prices
    prices = get_tanaka_precious_metal_prices()
             ^^^^^^^^^^^^^^^^^^^^^^^^^^^^^^^^^^
  File "G:\マイドライブ\MyWork\My_rule.py", line 313, in get_tanaka_precious_metal_prices
    raise Exception(f"一部の価格が取得できませんでした: {', '.join(missing)}")
Exception: 一部の価格が取得できませんでした: 金, プラチナ, 銀

2025-10-13 03:30:34,018 - INFO - --- 実行日の更新 ---
2025-10-13 03:30:35,327 - INFO - 実行日の更新が完了しました
2025-10-13 03:30:35,340 - INFO - === 更新完了: 2/3 タスクが成功 ===
2025-10-13 03:30:35,342 - WARNING - 1 個のタスクが失敗しました
価格取得エラー: Expecting value: line 1 column 1 (char 0)
ビットコイン価格: 1732.14万円
イーサリウム価格: 62.66万円
J29（ビットコイン価格）を 1732.14万円 に更新しました
J30（イーサリウム価格）を 62.66万円 に更新しました
ファイル 'datasets/maki_250630.xlsx' の更新が完了しました（書式保持）。
=== 貴金属価格取得開始（田中貴金属） ===
田中貴金属サイトから価格取得を試行...
田中貴金属価格取得エラー: 一部の価格が取得できませんでした: 金, プラチナ, 銀
H14に実行日 2025/10/13 を更新しました
H16に実行日 2025/10/13 を更新しました
家計資産シートの実行日更新が完了しました（書式保持）。
[2025/10/13  3:30:35.85] Price update completed successfully 
[2025/10/14  3:30:03.56] Starting price update with correct Python path... 
[2025/10/14  3:30:03.65] Using Python from Anaconda maki2 environment 
2025-10-14 03:30:18,516 - INFO - === 価格データの自動更新を開始 ===
2025-10-14 03:30:18,567 - INFO - --- 仮想通貨価格の更新 ---
2025-10-14 03:30:20,480 - INFO - 仮想通貨価格の更新が完了しました
2025-10-14 03:30:20,488 - INFO - --- 貴金属価格の更新 ---
2025-10-14 03:30:20,826 - ERROR - 貴金属価格更新エラー: 一部の価格が取得できませんでした: 金, プラチナ, 銀
2025-10-14 03:30:20,854 - ERROR - 詳細エラー情報: Traceback (most recent call last):
  File "G:\マイドライブ\MyWork\My_rule.py", line 537, in update_all_prices_with_logging
    metal_prices = get_precious_metal_prices()
                   ^^^^^^^^^^^^^^^^^^^^^^^^^^^
  File "G:\マイドライブ\MyWork\My_rule.py", line 243, in get_precious_metal_prices
    prices = get_tanaka_precious_metal_prices()
             ^^^^^^^^^^^^^^^^^^^^^^^^^^^^^^^^^^
  File "G:\マイドライブ\MyWork\My_rule.py", line 313, in get_tanaka_precious_metal_prices
    raise Exception(f"一部の価格が取得できませんでした: {', '.join(missing)}")
Exception: 一部の価格が取得できませんでした: 金, プラチナ, 銀

2025-10-14 03:30:20,859 - INFO - --- 実行日の更新 ---
2025-10-14 03:30:21,938 - INFO - 実行日の更新が完了しました
2025-10-14 03:30:21,938 - INFO - === 更新完了: 2/3 タスクが成功 ===
2025-10-14 03:30:21,942 - WARNING - 1 個のタスクが失敗しました
価格取得エラー: Expecting value: line 1 column 1 (char 0)
ビットコイン価格: 1756.30万円
イーサリウム価格: 64.43万円
J29（ビットコイン価格）を 1756.30万円 に更新しました
J30（イーサリウム価格）を 64.43万円 に更新しました
ファイル 'datasets/maki_250630.xlsx' の更新が完了しました（書式保持）。
=== 貴金属価格取得開始（田中貴金属） ===
田中貴金属サイトから価格取得を試行...
田中貴金属価格取得エラー: 一部の価格が取得できませんでした: 金, プラチナ, 銀
H14に実行日 2025/10/14 を更新しました
H16に実行日 2025/10/14 を更新しました
家計資産シートの実行日更新が完了しました（書式保持）。
[2025/10/14  3:30:22.37] Price update completed successfully 
[2025/10/15  4:19:22.50] Starting price update (PowerShell version)... 
[2025/10/15  4:19:34.44] PowerShell execution completed 
[2025/10/16  3:30:02.77] Starting price update with correct Python path... 
[2025/10/16  3:30:02.82] Using Python from Anaconda maki2 environment 
2025-10-16 03:30:15,884 - INFO - === 価格データの自動更新を開始 ===
2025-10-16 03:30:15,912 - INFO - --- 仮想通貨価格の更新 ---
2025-10-16 03:30:17,659 - INFO - 仮想通貨価格の更新が完了しました
2025-10-16 03:30:17,668 - INFO - --- 貴金属価格の更新 ---
2025-10-16 03:30:17,970 - ERROR - 貴金属価格更新エラー: 一部の価格が取得できませんでした: 金, プラチナ, 銀
2025-10-16 03:30:18,017 - ERROR - 詳細エラー情報: Traceback (most recent call last):
  File "G:\マイドライブ\MyWork\My_rule.py", line 537, in update_all_prices_with_logging
    metal_prices = get_precious_metal_prices()
                   ^^^^^^^^^^^^^^^^^^^^^^^^^^^
  File "G:\マイドライブ\MyWork\My_rule.py", line 243, in get_precious_metal_prices
    prices = get_tanaka_precious_metal_prices()
             ^^^^^^^^^^^^^^^^^^^^^^^^^^^^^^^^^^
  File "G:\マイドライブ\MyWork\My_rule.py", line 313, in get_tanaka_precious_metal_prices
    raise Exception(f"一部の価格が取得できませんでした: {', '.join(missing)}")
Exception: 一部の価格が取得できませんでした: 金, プラチナ, 銀

2025-10-16 03:30:18,020 - INFO - --- 実行日の更新 ---
2025-10-16 03:30:19,133 - INFO - 実行日の更新が完了しました
2025-10-16 03:30:19,138 - INFO - === 更新完了: 2/3 タスクが成功 ===
2025-10-16 03:30:19,140 - WARNING - 1 個のタスクが失敗しました
価格取得エラー: Expecting value: line 1 column 1 (char 0)
ビットコイン価格: 1683.16万円
イーサリウム価格: 60.47万円
J29（ビットコイン価格）を 1683.16万円 に更新しました
J30（イーサリウム価格）を 60.47万円 に更新しました
ファイル 'datasets/maki_250630.xlsx' の更新が完了しました（書式保持）。
=== 貴金属価格取得開始（田中貴金属） ===
田中貴金属サイトから価格取得を試行...
田中貴金属価格取得エラー: 一部の価格が取得できませんでした: 金, プラチナ, 銀
H14に実行日 2025/10/16 を更新しました
H16に実行日 2025/10/16 を更新しました
家計資産シートの実行日更新が完了しました（書式保持）。
[2025/10/16  3:30:19.67] Price update completed successfully 
[2025/10/16 13:23:19.77] Starting price update (PowerShell version)... 
[2025/10/16 13:23:25.21] PowerShell execution completed 
[2025/10/16 13:26:04.03] Starting price update (PowerShell version)... 
[2025/10/16 13:26:08.00] PowerShell execution completed 
[2025/10/16 13:28:11.52] Starting price update (PowerShell version)... 
[2025/10/16 13:28:15.67] PowerShell execution completed 
[2025/10/16 13:28:36.45] Starting price update (PowerShell version)... 
[2025/10/16 13:28:39.66] PowerShell execution completed 
[2025/10/17  3:34:51.69] Starting price update with correct Python path... 
[2025/10/17  3:34:51.71] Using Python from Anaconda maki2 environment 
2025-10-17 03:35:00,449 - INFO - === 価格データの自動更新を開始 ===
2025-10-17 03:35:00,462 - INFO - --- 仮想通貨価格の更新 ---
2025-10-17 03:35:01,932 - INFO - 仮想通貨価格の更新が完了しました
2025-10-17 03:35:01,936 - INFO - --- 貴金属価格の更新 ---
2025-10-17 03:35:02,465 - INFO - 貴金属価格取得成功: 金=22706.00円/g, プラチナ=9091.00円/g, 銀=202.00円/g
2025-10-17 03:35:04,157 - INFO - 貴金属価格の更新が完了しました
2025-10-17 03:35:04,157 - INFO - --- 実行日の更新 ---
2025-10-17 03:35:04,975 - INFO - 実行日の更新が完了しました
2025-10-17 03:35:04,976 - INFO - === 更新完了: 3/3 タスクが成功 ===
2025-10-17 03:35:04,977 - INFO - 全ての更新が正常に完了しました
価格取得エラー: Expecting value: line 1 column 1 (char 0)
ビットコイン価格: 1623.58万円
イーサリウム価格: 58.45万円
J29（ビットコイン価格）を 1623.58万円 に更新しました
J30（イーサリウム価格）を 58.45万円 に更新しました
ファイル 'datasets/maki_250630.xlsx' の更新が完了しました（書式保持）。
=== 貴金属価格取得開始 ===
方法1: 田中貴金属サイトから価格取得を試行...
デバッグ: 田中貴金属サイトにアクセス中... URL: https://gold.tanaka.co.jp/commodity/souba/
デバッグ: レスポンスステータス: 200
デバッグ: ページテキストの最初の500文字: 




田中貴金属工業株式会社｜貴金属価格情報





























メニュー



検索






閉じる


はじめての方

なぜ田中貴金属が選ばれるのか
資産としての金
地金・コインのご購入
地金・コインのご売却
よくある質問
資料ダウンロード
お問い合わせ


商品・サービス一覧

地金
						
金地金
プラチナ地金


コイン
						
ウィーン金貨ハーモニー
メイプルリーフ金貨
プラチナ ウィーンコインハーモニー
プラチナ メイプルリーフコイン
プラチナ イーグルコイン


田中貴金属 総合口座
						
田中貴金属の純金積立
インターネットで地金・コイン購入


貴金属ジュエリーの買取り
						
RE:TANAKA




貴金属価格情報

貴金属価格情報

金価格推移
プラチナ価格推移
銀価格推移


本日のリサイクル価格（RE:TANAKA）
Tanaka Retail Price
マーケット市況情報
需給レポート


店舗検索

田中貴金属直営店を検索
エリアから検索（直営店・特約店）
北海道
東北
関東

デバッグ: 価格候補: ['202', '22,706', '254', '22,514', '254', '9,091', '121', '8,872', '121', '286', '276', '22,706', '254', '22,514', '254', '9,091', '121', '8,872', '121', '286', '276', '202', '749', '200', '684', '894', '381', '735', '341', '775', '197', '489', '169', '586', '80,868', '67,987', '749', '200', '381', '735', '197', '489', '80,868', '684', '894', '341', '775', '169', '586', '67,987', '201', '309', '014', '280', '879', '264', '995', '157', '422', '143', '090', '132', '497', '81,428', '71,743', '65,224', '33,337', '29,066', '25,953', '309', '014', '157', '422', '81,428', '33,337', '280', '879', '143', '090', '71,743', '29,066', '264', '995', '132', '497', '65,224', '25,953', '012', '414', '012', '561', '301', '011', '105', '352']
デバッグ: 金価格を候補から発見: 22706.0円
デバッグ: プラチナ価格を候補から発見: 9091.0円
デバッグ: 銀価格を候補から発見: 202.0円
デバッグ: 全価格取得成功 - 金:22706.0, プラチナ:9091.0, 銀:202.0
○ 田中貴金属から価格取得成功
デバッグ: Excelファイルパス = datasets/maki_250630.xlsx
デバッグ: 貴金属価格を取得中...
=== 貴金属価格取得開始 ===
方法1: 田中貴金属サイトから価格取得を試行...
デバッグ: 田中貴金属サイトにアクセス中... URL: https://gold.tanaka.co.jp/commodity/souba/
デバッグ: レスポンスステータス: 200
デバッグ: ページテキストの最初の500文字: 




田中貴金属工業株式会社｜貴金属価格情報





























メニュー



検索






閉じる


はじめての方

なぜ田中貴金属が選ばれるのか
資産としての金
地金・コインのご購入
地金・コインのご売却
よくある質問
資料ダウンロード
お問い合わせ


商品・サービス一覧

地金
						
金地金
プラチナ地金


コイン
						
ウィーン金貨ハーモニー
メイプルリーフ金貨
プラチナ ウィーンコインハーモニー
プラチナ メイプルリーフコイン
プラチナ イーグルコイン


田中貴金属 総合口座
						
田中貴金属の純金積立
インターネットで地金・コイン購入


貴金属ジュエリーの買取り
						
RE:TANAKA




貴金属価格情報

貴金属価格情報

金価格推移
プラチナ価格推移
銀価格推移


本日のリサイクル価格（RE:TANAKA）
Tanaka Retail Price
マーケット市況情報
需給レポート


店舗検索

田中貴金属直営店を検索
エリアから検索（直営店・特約店）
北海道
東北
関東

デバッグ: 価格候補: ['202', '22,706', '254', '22,514', '254', '9,091', '121', '8,872', '121', '286', '276', '22,706', '254', '22,514', '254', '9,091', '121', '8,872', '121', '286', '276', '202', '749', '200', '684', '894', '381', '735', '341', '775', '197', '489', '169', '586', '80,868', '67,987', '749', '200', '381', '735', '197', '489', '80,868', '684', '894', '341', '775', '169', '586', '67,987', '201', '309', '014', '280', '879', '264', '995', '157', '422', '143', '090', '132', '497', '81,428', '71,743', '65,224', '33,337', '29,066', '25,953', '309', '014', '157', '422', '81,428', '33,337', '280', '879', '143', '090', '71,743', '29,066', '264', '995', '132', '497', '65,224', '25,953', '012', '414', '012', '561', '301', '011', '105', '352']
デバッグ: 金価格を候補から発見: 22706.0円
デバッグ: プラチナ価格を候補から発見: 9091.0円
デバッグ: 銀価格を候補から発見: 202.0円
デバッグ: 全価格取得成功 - 金:22706.0, プラチナ:9091.0, 銀:202.0
○ 田中貴金属から価格取得成功
デバッグ: 取得した価格 = {'gold': 22706.0, 'platinum': 9091.0, 'silver': 202.0}
デバッグ: Excelファイルを読み込み中...
デバッグ: 利用可能なシート名 = ['ストック', '家計資産', 'calc', 'フロー', '口座', '2nd2', 'Tips', '損益通算', '図', '給与', '2nd']
デバッグ: 'ストック'シートを取得しました
デバッグ: 更新前の値を確認...
デバッグ: 更新前 - 金:22596, 銀:202, プラチナ:9065
デバッグ: 更新後の値を確認...
デバッグ: 更新後 - 金:22706.0, 銀:202.0, プラチナ:9091.0
R30（金買取価格）を 22706.00円/g に更新しました
R31（銀買取価格）を 202.00円/g に更新しました
R32（プラチナ買取価格）を 9091.00円/g に更新しました
デバッグ: ファイルを保存中...
ストックシートの貴金属価格更新が完了しました（書式保持）。
デバッグ: 保存後の確認...
デバッグ: 保存後確認 - 金:22706, 銀:202, プラチナ:9091
H14に実行日 2025/10/17 を更新しました
H16に実行日 2025/10/17 を更新しました
家計資産シートの実行日更新が完了しました（書式保持）。
[2025/10/17  3:35:05.24] Price update completed successfully 
[2025/10/18  3:30:03.52] Starting price update with correct Python path... 
[2025/10/18  3:30:03.66] Using Python from Anaconda maki2 environment 
2025-10-18 03:30:11,572 - INFO - === 価格データの自動更新を開始 ===
2025-10-18 03:30:11,581 - INFO - --- 仮想通貨価格の更新 ---
2025-10-18 03:30:13,037 - INFO - 仮想通貨価格の更新が完了しました
2025-10-18 03:30:13,038 - INFO - --- 貴金属価格の更新 ---
2025-10-18 03:30:13,215 - INFO - 貴金属価格取得成功: 金=23254.00円/g, プラチナ=9268.00円/g, 銀=254.00円/g
2025-10-18 03:30:14,754 - INFO - 貴金属価格の更新が完了しました
2025-10-18 03:30:14,755 - INFO - --- 実行日の更新 ---
2025-10-18 03:30:15,453 - INFO - 実行日の更新が完了しました
2025-10-18 03:30:15,454 - INFO - === 更新完了: 3/3 タスクが成功 ===
2025-10-18 03:30:15,455 - INFO - 全ての更新が正常に完了しました
価格取得エラー: Expecting value: line 1 column 1 (char 0)
ビットコイン価格: 1608.59万円
イーサリウム価格: 57.75万円
J29（ビットコイン価格）を 1608.59万円 に更新しました
J30（イーサリウム価格）を 57.75万円 に更新しました
ファイル 'datasets/maki_250630.xlsx' の更新が完了しました（書式保持）。
=== 貴金属価格取得開始 ===
方法1: 田中貴金属サイトから価格取得を試行...
デバッグ: 田中貴金属サイトにアクセス中... URL: https://gold.tanaka.co.jp/commodity/souba/
デバッグ: レスポンスステータス: 200
デバッグ: ページテキストの最初の500文字: 




田中貴金属工業株式会社｜貴金属価格情報





























メニュー



検索






閉じる


はじめての方

なぜ田中貴金属が選ばれるのか
資産としての金
地金・コインのご購入
地金・コインのご売却
よくある質問
資料ダウンロード
お問い合わせ


商品・サービス一覧

地金
						
金地金
プラチナ地金


コイン
						
ウィーン金貨ハーモニー
メイプルリーフ金貨
プラチナ ウィーンコインハーモニー
プラチナ メイプルリーフコイン
プラチナ イーグルコイン


田中貴金属 総合口座
						
田中貴金属の純金積立
インターネットで地金・コイン購入


貴金属ジュエリーの買取り
						
RE:TANAKA




貴金属価格情報

貴金属価格情報

金価格推移
プラチナ価格推移
銀価格推移


本日のリサイクル価格（RE:TANAKA）
Tanaka Retail Price
マーケット市況情報
需給レポート


店舗検索

田中貴金属直営店を検索
エリアから検索（直営店・特約店）
北海道
東北
関東

デバッグ: 価格候補: ['202', '23,254', '658', '23,062', '658', '9,268', '203', '9,049', '203', '291', '281', '23,254', '658', '23,062', '658', '9,268', '203', '9,049', '203', '291', '281', '202', '767', '275', '701', '559', '390', '945', '350', '091', '202', '253', '173', '712', '82,819', '69,641', '767', '275', '390', '945', '202', '253', '82,819', '701', '559', '350', '091', '173', '712', '69,641', '201', '315', '034', '286', '487', '270', '281', '160', '489', '145', '946', '135', '140', '83,014', '73,175', '66,525', '33,987', '29,647', '26,470', '315', '034', '160', '489', '83,014', '33,987', '286', '487', '145', '946', '73,175', '29,647', '270', '281', '135', '140', '66,525', '26,470', '012', '414', '012', '561', '301', '011', '105', '352']
デバッグ: 金価格を候補から発見: 23254.0円
デバッグ: プラチナ価格を候補から発見: 9268.0円
デバッグ: 銀価格を発見: 254.0円 (パターン: (\d{2,3})\s*円)
デバッグ: 全価格取得成功 - 金:23254.0, プラチナ:9268.0, 銀:254.0
○ 田中貴金属から価格取得成功
デバッグ: Excelファイルパス = datasets/maki_250630.xlsx
デバッグ: 貴金属価格を取得中...
=== 貴金属価格取得開始 ===
方法1: 田中貴金属サイトから価格取得を試行...
デバッグ: 田中貴金属サイトにアクセス中... URL: https://gold.tanaka.co.jp/commodity/souba/
デバッグ: レスポンスステータス: 200
デバッグ: ページテキストの最初の500文字: 




田中貴金属工業株式会社｜貴金属価格情報





























メニュー



検索






閉じる


はじめての方

なぜ田中貴金属が選ばれるのか
資産としての金
地金・コインのご購入
地金・コインのご売却
よくある質問
資料ダウンロード
お問い合わせ


商品・サービス一覧

地金
						
金地金
プラチナ地金


コイン
						
ウィーン金貨ハーモニー
メイプルリーフ金貨
プラチナ ウィーンコインハーモニー
プラチナ メイプルリーフコイン
プラチナ イーグルコイン


田中貴金属 総合口座
						
田中貴金属の純金積立
インターネットで地金・コイン購入


貴金属ジュエリーの買取り
						
RE:TANAKA




貴金属価格情報

貴金属価格情報

金価格推移
プラチナ価格推移
銀価格推移


本日のリサイクル価格（RE:TANAKA）
Tanaka Retail Price
マーケット市況情報
需給レポート


店舗検索

田中貴金属直営店を検索
エリアから検索（直営店・特約店）
北海道
東北
関東

デバッグ: 価格候補: ['202', '23,254', '658', '23,062', '658', '9,268', '203', '9,049', '203', '291', '281', '23,254', '658', '23,062', '658', '9,268', '203', '9,049', '203', '291', '281', '202', '767', '275', '701', '559', '390', '945', '350', '091', '202', '253', '173', '712', '82,819', '69,641', '767', '275', '390', '945', '202', '253', '82,819', '701', '559', '350', '091', '173', '712', '69,641', '201', '315', '034', '286', '487', '270', '281', '160', '489', '145', '946', '135', '140', '83,014', '73,175', '66,525', '33,987', '29,647', '26,470', '315', '034', '160', '489', '83,014', '33,987', '286', '487', '145', '946', '73,175', '29,647', '270', '281', '135', '140', '66,525', '26,470', '012', '414', '012', '561', '301', '011', '105', '352']
デバッグ: 金価格を候補から発見: 23254.0円
デバッグ: プラチナ価格を候補から発見: 9268.0円
デバッグ: 銀価格を発見: 254.0円 (パターン: (\d{2,3})\s*円)
デバッグ: 全価格取得成功 - 金:23254.0, プラチナ:9268.0, 銀:254.0
○ 田中貴金属から価格取得成功
デバッグ: 取得した価格 = {'gold': 23254.0, 'platinum': 9268.0, 'silver': 254.0}
デバッグ: Excelファイルを読み込み中...
デバッグ: 利用可能なシート名 = ['ストック', '家計資産', 'calc', 'フロー', '口座', '2nd2', 'Tips', '損益通算', '図', '給与', '2nd']
デバッグ: 'ストック'シートを取得しました
デバッグ: 更新前の値を確認...
デバッグ: 更新前 - 金:22706, 銀:202, プラチナ:9091
デバッグ: 更新後の値を確認...
デバッグ: 更新後 - 金:23254.0, 銀:254.0, プラチナ:9268.0
R30（金買取価格）を 23254.00円/g に更新しました
R31（銀買取価格）を 254.00円/g に更新しました
R32（プラチナ買取価格）を 9268.00円/g に更新しました
デバッグ: ファイルを保存中...
ストックシートの貴金属価格更新が完了しました（書式保持）。
デバッグ: 保存後の確認...
デバッグ: 保存後確認 - 金:23254, 銀:254, プラチナ:9268
H14に実行日 2025/10/18 を更新しました
H16に実行日 2025/10/18 を更新しました
家計資産シートの実行日更新が完了しました（書式保持）。
[2025/10/18  3:30:15.80] Price update completed successfully 
[2025/10/19  3:30:02.46] Starting price update with correct Python path... 
[2025/10/19  3:30:02.52] Using Python from Anaconda maki2 environment 
2025-10-19 03:30:11,486 - INFO - === 価格データの自動更新を開始 ===
2025-10-19 03:30:11,502 - INFO - --- 仮想通貨価格の更新 ---
2025-10-19 03:30:12,928 - INFO - 仮想通貨価格の更新が完了しました
2025-10-19 03:30:12,928 - INFO - --- 貴金属価格の更新 ---
2025-10-19 03:30:13,217 - INFO - 貴金属価格取得成功: 金=23254.00円/g, プラチナ=9268.00円/g, 銀=254.00円/g
2025-10-19 03:30:15,231 - INFO - 貴金属価格の更新が完了しました
2025-10-19 03:30:15,232 - INFO - --- 実行日の更新 ---
2025-10-19 03:30:16,072 - INFO - 実行日の更新が完了しました
2025-10-19 03:30:16,072 - INFO - === 更新完了: 3/3 タスクが成功 ===
2025-10-19 03:30:16,072 - INFO - 全ての更新が正常に完了しました
価格取得エラー: Expecting value: line 1 column 1 (char 0)
ビットコイン価格: 1608.40万円
イーサリウム価格: 58.56万円
J29（ビットコイン価格）を 1608.40万円 に更新しました
J30（イーサリウム価格）を 58.56万円 に更新しました
ファイル 'datasets/maki_250630.xlsx' の更新が完了しました（書式保持）。
=== 貴金属価格取得開始 ===
方法1: 田中貴金属サイトから価格取得を試行...
デバッグ: 田中貴金属サイトにアクセス中... URL: https://gold.tanaka.co.jp/commodity/souba/
デバッグ: レスポンスステータス: 200
デバッグ: ページテキストの最初の500文字: 




田中貴金属工業株式会社｜貴金属価格情報





























メニュー



検索






閉じる


はじめての方

なぜ田中貴金属が選ばれるのか
資産としての金
地金・コインのご購入
地金・コインのご売却
よくある質問
資料ダウンロード
お問い合わせ


商品・サービス一覧

地金
						
金地金
プラチナ地金


コイン
						
ウィーン金貨ハーモニー
メイプルリーフ金貨
プラチナ ウィーンコインハーモニー
プラチナ メイプルリーフコイン
プラチナ イーグルコイン


田中貴金属 総合口座
						
田中貴金属の純金積立
インターネットで地金・コイン購入


貴金属ジュエリーの買取り
						
RE:TANAKA




貴金属価格情報

貴金属価格情報

金価格推移
プラチナ価格推移
銀価格推移


本日のリサイクル価格（RE:TANAKA）
Tanaka Retail Price
マーケット市況情報
需給レポート


店舗検索

田中貴金属直営店を検索
エリアから検索（直営店・特約店）
北海道
東北
関東

デバッグ: 価格候補: ['202', '23,254', '658', '23,062', '658', '9,268', '203', '9,049', '203', '291', '281', '23,254', '658', '23,062', '658', '9,268', '203', '9,049', '203', '291', '281', '202', '767', '275', '701', '559', '390', '945', '350', '091', '202', '253', '173', '712', '82,819', '69,641', '767', '275', '390', '945', '202', '253', '82,819', '701', '559', '350', '091', '173', '712', '69,641', '201', '315', '034', '286', '487', '270', '281', '160', '489', '145', '946', '135', '140', '83,014', '73,175', '66,525', '33,987', '29,647', '26,470', '315', '034', '160', '489', '83,014', '33,987', '286', '487', '145', '946', '73,175', '29,647', '270', '281', '135', '140', '66,525', '26,470', '012', '414', '012', '561', '301', '011', '105', '352']
デバッグ: 金価格を候補から発見: 23254.0円
デバッグ: プラチナ価格を候補から発見: 9268.0円
デバッグ: 銀価格を発見: 254.0円 (パターン: (\d{2,3})\s*円)
デバッグ: 全価格取得成功 - 金:23254.0, プラチナ:9268.0, 銀:254.0
○ 田中貴金属から価格取得成功
デバッグ: Excelファイルパス = datasets/maki_250630.xlsx
デバッグ: 貴金属価格を取得中...
=== 貴金属価格取得開始 ===
方法1: 田中貴金属サイトから価格取得を試行...
デバッグ: 田中貴金属サイトにアクセス中... URL: https://gold.tanaka.co.jp/commodity/souba/
デバッグ: レスポンスステータス: 200
デバッグ: ページテキストの最初の500文字: 




田中貴金属工業株式会社｜貴金属価格情報





























メニュー



検索






閉じる


はじめての方

なぜ田中貴金属が選ばれるのか
資産としての金
地金・コインのご購入
地金・コインのご売却
よくある質問
資料ダウンロード
お問い合わせ


商品・サービス一覧

地金
						
金地金
プラチナ地金


コイン
						
ウィーン金貨ハーモニー
メイプルリーフ金貨
プラチナ ウィーンコインハーモニー
プラチナ メイプルリーフコイン
プラチナ イーグルコイン


田中貴金属 総合口座
						
田中貴金属の純金積立
インターネットで地金・コイン購入


貴金属ジュエリーの買取り
						
RE:TANAKA




貴金属価格情報

貴金属価格情報

金価格推移
プラチナ価格推移
銀価格推移


本日のリサイクル価格（RE:TANAKA）
Tanaka Retail Price
マーケット市況情報
需給レポート


店舗検索

田中貴金属直営店を検索
エリアから検索（直営店・特約店）
北海道
東北
関東

デバッグ: 価格候補: ['202', '23,254', '658', '23,062', '658', '9,268', '203', '9,049', '203', '291', '281', '23,254', '658', '23,062', '658', '9,268', '203', '9,049', '203', '291', '281', '202', '767', '275', '701', '559', '390', '945', '350', '091', '202', '253', '173', '712', '82,819', '69,641', '767', '275', '390', '945', '202', '253', '82,819', '701', '559', '350', '091', '173', '712', '69,641', '201', '315', '034', '286', '487', '270', '281', '160', '489', '145', '946', '135', '140', '83,014', '73,175', '66,525', '33,987', '29,647', '26,470', '315', '034', '160', '489', '83,014', '33,987', '286', '487', '145', '946', '73,175', '29,647', '270', '281', '135', '140', '66,525', '26,470', '012', '414', '012', '561', '301', '011', '105', '352']
デバッグ: 金価格を候補から発見: 23254.0円
デバッグ: プラチナ価格を候補から発見: 9268.0円
デバッグ: 銀価格を発見: 254.0円 (パターン: (\d{2,3})\s*円)
デバッグ: 全価格取得成功 - 金:23254.0, プラチナ:9268.0, 銀:254.0
○ 田中貴金属から価格取得成功
デバッグ: 取得した価格 = {'gold': 23254.0, 'platinum': 9268.0, 'silver': 254.0}
デバッグ: Excelファイルを読み込み中...
デバッグ: 利用可能なシート名 = ['ストック', '家計資産', 'calc', 'フロー', '口座', '2nd2', 'Tips', '損益通算', '図', '給与', '2nd']
デバッグ: 'ストック'シートを取得しました
デバッグ: 更新前の値を確認...
デバッグ: 更新前 - 金:23254, 銀:254, プラチナ:9268
デバッグ: 更新後の値を確認...
デバッグ: 更新後 - 金:23254.0, 銀:254.0, プラチナ:9268.0
R30（金買取価格）を 23254.00円/g に更新しました
R31（銀買取価格）を 254.00円/g に更新しました
R32（プラチナ買取価格）を 9268.00円/g に更新しました
デバッグ: ファイルを保存中...
ストックシートの貴金属価格更新が完了しました（書式保持）。
デバッグ: 保存後の確認...
デバッグ: 保存後確認 - 金:23254, 銀:254, プラチナ:9268
H14に実行日 2025/10/19 を更新しました
H16に実行日 2025/10/19 を更新しました
家計資産シートの実行日更新が完了しました（書式保持）。
[2025/10/19  3:30:16.44] Price update completed successfully 
[2025/10/20  4:52:00.67] Starting price update (PowerShell version)... 
[2025/10/20  4:52:16.14] PowerShell execution completed 
[2025/10/21  3:30:02.71] Starting price update with correct Python path... 
[2025/10/21  3:30:02.80] Using Python from Anaconda maki2 environment 
2025-10-21 03:30:13,377 - INFO - === 価格データの自動更新を開始 ===
2025-10-21 03:30:13,392 - INFO - --- 仮想通貨価格の更新 ---
2025-10-21 03:30:14,606 - INFO - 仮想通貨価格の更新が完了しました
2025-10-21 03:30:14,609 - INFO - --- 貴金属価格の更新 ---
2025-10-21 03:30:14,921 - INFO - 貴金属価格取得成功: 金=22836.00円/g, プラチナ=8714.00円/g, 銀=202.00円/g
2025-10-21 03:30:16,305 - INFO - 貴金属価格の更新が完了しました
2025-10-21 03:30:16,307 - INFO - --- 実行日の更新 ---
2025-10-21 03:30:17,169 - INFO - 実行日の更新が完了しました
2025-10-21 03:30:17,171 - INFO - === 更新完了: 3/3 タスクが成功 ===
2025-10-21 03:30:17,174 - INFO - 全ての更新が正常に完了しました
価格取得エラー: Expecting value: line 1 column 1 (char 0)
ビットコイン価格: 1666.73万円
イーサリウム価格: 59.65万円
J29（ビットコイン価格）を 1666.73万円 に更新しました
J30（イーサリウム価格）を 59.65万円 に更新しました
ファイル 'datasets/maki_250630.xlsx' の更新が完了しました（書式保持）。
=== 貴金属価格取得開始 ===
方法1: 田中貴金属サイトから価格取得を試行...
デバッグ: 田中貴金属サイトにアクセス中... URL: https://gold.tanaka.co.jp/commodity/souba/
デバッグ: レスポンスステータス: 200
デバッグ: ページテキストの最初の500文字: 




田中貴金属工業株式会社｜貴金属価格情報





























メニュー



検索






閉じる


はじめての方

なぜ田中貴金属が選ばれるのか
資産としての金
地金・コインのご購入
地金・コインのご売却
よくある質問
資料ダウンロード
お問い合わせ


商品・サービス一覧

地金
						
金地金
プラチナ地金


コイン
						
ウィーン金貨ハーモニー
メイプルリーフ金貨
プラチナ ウィーンコインハーモニー
プラチナ メイプルリーフコイン
プラチナ イーグルコイン


田中貴金属 総合口座
						
田中貴金属の純金積立
インターネットで地金・コイン購入


貴金属ジュエリーの買取り
						
RE:TANAKA




貴金属価格情報

貴金属価格情報

金価格推移
プラチナ価格推移
銀価格推移


本日のリサイクル価格（RE:TANAKA）
Tanaka Retail Price
マーケット市況情報
需給レポート


店舗検索

田中貴金属直営店を検索
エリアから検索（直営店・特約店）
北海道
東北
関東

デバッグ: 価格候補: ['202', '22,836', '418', '22,644', '418', '8,714', '583', '8,495', '583', '283', '272', '22,836', '418', '22,644', '418', '8,714', '583', '8,495', '583', '283', '272', '202', '753', '483', '688', '843', '383', '917', '343', '746', '198', '618', '170', '564', '81,330', '68,378', '753', '483', '383', '917', '198', '618', '81,330', '688', '843', '343', '746', '170', '564', '68,378', '201', '296', '190', '268', '934', '253', '734', '150', '889', '137', '004', '126', '867', '78,048', '68,692', '62,452', '31,954', '27,830', '24,850', '296', '190', '150', '889', '78,048', '31,954', '268', '934', '137', '004', '68,692', '27,830', '253', '734', '126', '867', '62,452', '24,850', '012', '414', '012', '561', '301', '011', '105', '352']
デバッグ: 金価格を候補から発見: 22836.0円
デバッグ: プラチナ価格を候補から発見: 8714.0円
デバッグ: 銀価格を候補から発見: 202.0円
デバッグ: 全価格取得成功 - 金:22836.0, プラチナ:8714.0, 銀:202.0
○ 田中貴金属から価格取得成功
デバッグ: Excelファイルパス = datasets/maki_250630.xlsx
デバッグ: 貴金属価格を取得中...
=== 貴金属価格取得開始 ===
方法1: 田中貴金属サイトから価格取得を試行...
デバッグ: 田中貴金属サイトにアクセス中... URL: https://gold.tanaka.co.jp/commodity/souba/
デバッグ: レスポンスステータス: 200
デバッグ: ページテキストの最初の500文字: 




田中貴金属工業株式会社｜貴金属価格情報





























メニュー



検索






閉じる


はじめての方

なぜ田中貴金属が選ばれるのか
資産としての金
地金・コインのご購入
地金・コインのご売却
よくある質問
資料ダウンロード
お問い合わせ


商品・サービス一覧

地金
						
金地金
プラチナ地金


コイン
						
ウィーン金貨ハーモニー
メイプルリーフ金貨
プラチナ ウィーンコインハーモニー
プラチナ メイプルリーフコイン
プラチナ イーグルコイン


田中貴金属 総合口座
						
田中貴金属の純金積立
インターネットで地金・コイン購入


貴金属ジュエリーの買取り
						
RE:TANAKA




貴金属価格情報

貴金属価格情報

金価格推移
プラチナ価格推移
銀価格推移


本日のリサイクル価格（RE:TANAKA）
Tanaka Retail Price
マーケット市況情報
需給レポート


店舗検索

田中貴金属直営店を検索
エリアから検索（直営店・特約店）
北海道
東北
関東

デバッグ: 価格候補: ['202', '22,836', '418', '22,644', '418', '8,714', '583', '8,495', '583', '283', '272', '22,836', '418', '22,644', '418', '8,714', '583', '8,495', '583', '283', '272', '202', '753', '483', '688', '843', '383', '917', '343', '746', '198', '618', '170', '564', '81,330', '68,378', '753', '483', '383', '917', '198', '618', '81,330', '688', '843', '343', '746', '170', '564', '68,378', '201', '296', '190', '268', '934', '253', '734', '150', '889', '137', '004', '126', '867', '78,048', '68,692', '62,452', '31,954', '27,830', '24,850', '296', '190', '150', '889', '78,048', '31,954', '268', '934', '137', '004', '68,692', '27,830', '253', '734', '126', '867', '62,452', '24,850', '012', '414', '012', '561', '301', '011', '105', '352']
デバッグ: 金価格を候補から発見: 22836.0円
デバッグ: プラチナ価格を候補から発見: 8714.0円
デバッグ: 銀価格を候補から発見: 202.0円
デバッグ: 全価格取得成功 - 金:22836.0, プラチナ:8714.0, 銀:202.0
○ 田中貴金属から価格取得成功
デバッグ: 取得した価格 = {'gold': 22836.0, 'platinum': 8714.0, 'silver': 202.0}
デバッグ: Excelファイルを読み込み中...
デバッグ: 利用可能なシート名 = ['ストック', '家計資産', 'calc', 'フロー', '口座', '2nd2', 'Tips', '損益通算', '図', '給与', '2nd']
デバッグ: 'ストック'シートを取得しました
デバッグ: 更新前の値を確認...
デバッグ: 更新前 - 金:23254, 銀:254, プラチナ:9268
デバッグ: 更新後の値を確認...
デバッグ: 更新後 - 金:22836.0, 銀:202.0, プラチナ:8714.0
R30（金買取価格）を 22836.00円/g に更新しました
R31（銀買取価格）を 202.00円/g に更新しました
R32（プラチナ買取価格）を 8714.00円/g に更新しました
デバッグ: ファイルを保存中...
ストックシートの貴金属価格更新が完了しました（書式保持）。
デバッグ: 保存後の確認...
デバッグ: 保存後確認 - 金:22836, 銀:202, プラチナ:8714
H14に実行日 2025/10/21 を更新しました
H16に実行日 2025/10/21 を更新しました
家計資産シートの実行日更新が完了しました（書式保持）。
[2025/10/21  3:30:17.44] Price update completed successfully 
[2025/10/21  5:23:52.49] Starting price update (PowerShell version)... 
[2025/10/21  5:24:01.42] PowerShell execution completed 
[2025/10/21  5:33:01.47] Starting price update (PowerShell version)... 
[2025/10/21  5:33:01.79] PowerShell execution completed 
[2025/10/21  5:34:28.45] Starting price update (PowerShell version)... 
[2025/10/21  5:34:31.69] PowerShell execution completed 
[2025/10/21 13:06:39.95] Starting price update (PowerShell version)... 
[2025/10/21 13:07:03.55] PowerShell execution completed 
[2025/10/21 13:10:55.18] Starting price update (PowerShell version)... 
[2025/10/21 13:11:00.71] PowerShell execution completed 
[2025/10/21 13:18:32.07] Starting price update (PowerShell version)... 
[2025/10/21 13:18:35.54] PowerShell execution completed 
[2025/10/21 13:20:07.43] Starting price update (PowerShell version)... 
[2025/10/21 13:20:11.27] PowerShell execution completed 
[2025/10/21 13:35:02.24] Starting price update (PowerShell version)... 
[2025/10/21 13:35:06.15] PowerShell execution completed 
[2025/10/21 13:37:26.32] Starting price update (PowerShell version)... 
[2025/10/21 13:37:30.13] PowerShell execution completed 
[2025/10/21 13:48:24.79] Starting price update (PowerShell version)... 
[2025/10/21 13:48:25.08] PowerShell execution completed 
[2025/10/21 13:48:37.59] Starting price update (PowerShell version)... 
[2025/10/21 13:48:37.87] PowerShell execution completed 
[2025/10/21 13:48:49.54] Starting price update (PowerShell version)... 
[2025/10/21 13:48:53.19] PowerShell execution completed 
[2025/10/21 13:53:21.22] Starting price update (PowerShell version)... 
[2025/10/21 13:53:24.97] PowerShell execution completed 
[2025/10/21 13:55:27.64] Starting price update (PowerShell version)... 
[2025/10/21 13:55:31.57] PowerShell execution completed 
[2025/10/22  4:14:23.93] Starting price update (PowerShell version)... 
[2025/10/22  4:14:32.76] PowerShell execution completed 
[2025/10/23  3:40:10.47] Starting price update with correct Python path... 
[2025/10/23  3:40:10.48] Using Python from Anaconda maki2 environment 
2025-10-23 03:40:15,625 - INFO - === 価格データの自動更新を開始 ===
2025-10-23 03:40:15,638 - INFO - --- 仮想通貨価格の更新 ---
2025-10-23 03:40:16,304 - INFO - 仮想通貨価格の更新が完了しました
2025-10-23 03:40:16,309 - INFO - --- 貴金属価格の更新 ---
2025-10-23 03:40:17,917 - INFO - 貴金属価格の更新が完了しました
2025-10-23 03:40:17,921 - INFO - --- 実行日の更新 ---
2025-10-23 03:40:18,133 - INFO - 実行日の更新が完了しました
2025-10-23 03:40:18,138 - INFO - === 更新完了: 3/3 タスクが成功 ===
2025-10-23 03:40:18,138 - INFO - 全ての更新が正常に完了しました
指定されたファイルが見つかりません: MyWork/datasets/maki_250630.xlsx
代替パスを検索中...
ファイルを発見: .\datasets\maki_250630.xlsx
価格取得エラー: 403 Client Error: Forbidden for url: https://api.coinmarketcap.com/v1/ticker/bitcoin/
J29（ビットコイン価格）を 1642.20万円 に更新しました
J30（イーサリウム価格）を 57.86万円 に更新しました
ファイル '.\datasets\maki_250630.xlsx' の更新が完了しました（書式保持）。
デバッグ: Excelファイルパス = .\datasets\maki_250630.xlsx
デバッグ: 貴金属価格を取得中...
デバッグ: 取得した価格 = {'gold': 21276.137219049993, 'silver': 256.03334396037513, 'platinum': 8067.832050031747}
デバッグ: Excelファイルを読み込み中...
デバッグ: 利用可能なシート名 = ['ストック', '家計資産', 'calc', 'フロー', '口座', '2nd2', 'Tips', '損益通算', '図', '給与', '2nd']
デバッグ: 'ストック'シートを取得しました
デバッグ: 更新前の値を確認...
デバッグ: 更新前 - 金:23109, 銀:251.3618808900304, プラチナ:7741.504770211927
デバッグ: 更新後の値を確認...
デバッグ: 更新後 - 金:21276.137219049993, 銀:256.03334396037513, プラチナ:8067.832050031747
R30（金買取価格）を 21276.14円/g に更新しました
R31（銀買取価格）を 256.03円/g に更新しました
R32（プラチナ買取価格）を 8067.83円/g に更新しました
デバッグ: ファイルを保存中...
ストックシートの貴金属価格更新が完了しました（書式保持）。
デバッグ: 保存後の確認...
デバッグ: 保存後確認 - 金:21276.13721904999, 銀:256.0333439603751, プラチナ:8067.832050031747
H14に実行日 2025/10/23 を更新しました
H16に実行日 2025/10/23 を更新しました
家計資産シートの実行日更新が完了しました（書式保持）。
[2025/10/23  3:40:18.27] Price update completed successfully 
[2025/10/24  3:30:03.38] Starting price update with correct Python path... 
[2025/10/24  3:30:03.45] Using Python from Anaconda maki2 environment 
2025-10-24 03:30:08,926 - INFO - === 価格データの自動更新を開始 ===
2025-10-24 03:30:08,938 - INFO - --- 仮想通貨価格の更新 ---
2025-10-24 03:30:09,480 - INFO - 仮想通貨価格の更新が完了しました
2025-10-24 03:30:09,480 - INFO - --- 貴金属価格の更新 ---
2025-10-24 03:30:10,840 - INFO - 貴金属価格の更新が完了しました
2025-10-24 03:30:10,842 - INFO - --- 実行日の更新 ---
2025-10-24 03:30:10,998 - INFO - 実行日の更新が完了しました
2025-10-24 03:30:10,998 - INFO - === 更新完了: 3/3 タスクが成功 ===
2025-10-24 03:30:10,999 - INFO - 全ての更新が正常に完了しました
指定されたファイルが見つかりません: MyWork/datasets/maki_250630.xlsx
代替パスを検索中...
ファイルを発見: .\datasets\maki_250630.xlsx
価格取得エラー: 403 Client Error: Forbidden for url: https://api.coinmarketcap.com/v1/ticker/bitcoin/
J29（ビットコイン価格）を 1688.12万円 に更新しました
J30（イーサリウム価格）を 59.34万円 に更新しました
ファイル '.\datasets\maki_250630.xlsx' の更新が完了しました（書式保持）。
デバッグ: Excelファイルパス = .\datasets\maki_250630.xlsx
デバッグ: 貴金属価格を取得中...
デバッグ: 取得した価格 = {'gold': 19678.25507950182, 'silver': 234.03220499198417, 'platinum': 7321.2500335399145}
デバッグ: Excelファイルを読み込み中...
デバッグ: 利用可能なシート名 = ['ストック', '家計資産', 'calc', 'フロー', '口座', '2nd2', 'Tips', '損益通算', '図', '給与', '2nd']
デバッグ: 'ストック'シートを取得しました
デバッグ: 更新前の値を確認...
デバッグ: 更新前 - 金:21276.13721904999, 銀:256.0333439603751, プラチナ:8067.832050031747
デバッグ: 更新後の値を確認...
デバッグ: 更新後 - 金:19678.25507950182, 銀:234.03220499198417, プラチナ:7321.2500335399145
R30（金買取価格）を 19678.26円/g に更新しました
R31（銀買取価格）を 234.03円/g に更新しました
R32（プラチナ買取価格）を 7321.25円/g に更新しました
デバッグ: ファイルを保存中...
ストックシートの貴金属価格更新が完了しました（書式保持）。
デバッグ: 保存後の確認...
デバッグ: 保存後確認 - 金:19678.25507950182, 銀:234.0322049919842, プラチナ:7321.250033539915
H14に実行日 2025/10/24 を更新しました
H16に実行日 2025/10/24 を更新しました
家計資産シートの実行日更新が完了しました（書式保持）。
[2025/10/24  3:30:11.09] Price update completed successfully 
[2025/10/25  3:30:04.81] Starting price update with correct Python path... 
[2025/10/25  3:30:04.86] Using Python from Anaconda maki2 environment 
2025-10-25 03:30:08,582 - INFO - === 価格データの自動更新を開始 ===
2025-10-25 03:30:08,589 - INFO - --- 仮想通貨価格の更新 ---
2025-10-25 03:30:09,270 - INFO - 仮想通貨価格の更新が完了しました
2025-10-25 03:30:09,270 - INFO - --- 貴金属価格の更新 ---
2025-10-25 03:30:10,534 - INFO - 貴金属価格の更新が完了しました
2025-10-25 03:30:10,559 - INFO - --- 実行日の更新 ---
2025-10-25 03:30:10,752 - INFO - 実行日の更新が完了しました
2025-10-25 03:30:10,753 - INFO - === 更新完了: 3/3 タスクが成功 ===
2025-10-25 03:30:10,753 - INFO - 全ての更新が正常に完了しました
指定されたファイルが見つかりません: MyWork/datasets/maki_250630.xlsx
代替パスを検索中...
ファイルを発見: .\datasets\maki_250630.xlsx
価格取得エラー: 403 Client Error: Forbidden for url: https://api.coinmarketcap.com/v1/ticker/bitcoin/
J29（ビットコイン価格）を 1689.42万円 に更新しました
J30（イーサリウム価格）を 59.73万円 に更新しました
ファイル '.\datasets\maki_250630.xlsx' の更新が完了しました（書式保持）。
デバッグ: Excelファイルパス = .\datasets\maki_250630.xlsx
デバッグ: 貴金属価格を取得中...
デバッグ: 取得した価格 = {'gold': 20094.669936307582, 'silver': 236.86161595216757, 'platinum': 7730.197210404942}
デバッグ: Excelファイルを読み込み中...
デバッグ: 利用可能なシート名 = ['ストック', '家計資産', 'calc', 'フロー', '口座', '2nd2', 'Tips', '損益通算', '図', '給与', '2nd']
デバッグ: 'ストック'シートを取得しました
デバッグ: 更新前の値を確認...
デバッグ: 更新前 - 金:19678.25507950182, 銀:234.0322049919842, プラチナ:7321.250033539915
デバッグ: 更新後の値を確認...
デバッグ: 更新後 - 金:20094.669936307582, 銀:236.86161595216757, プラチナ:7730.197210404942
R30（金買取価格）を 20094.67円/g に更新しました
R31（銀買取価格）を 236.86円/g に更新しました
R32（プラチナ買取価格）を 7730.20円/g に更新しました
デバッグ: ファイルを保存中...
ストックシートの貴金属価格更新が完了しました（書式保持）。
デバッグ: 保存後の確認...
デバッグ: 保存後確認 - 金:20094.66993630758, 銀:236.8616159521676, プラチナ:7730.197210404942
H14に実行日 2025/10/25 を更新しました
H16に実行日 2025/10/25 を更新しました
家計資産シートの実行日更新が完了しました（書式保持）。
[2025/10/25  3:30:10.83] Price update completed successfully 
[2025/10/26  3:30:02.62] Starting price update with correct Python path... 
[2025/10/26  3:30:02.65] Using Python from Anaconda maki2 environment 
2025-10-26 03:30:07,569 - INFO - === 価格データの自動更新を開始 ===
2025-10-26 03:30:07,582 - INFO - --- 仮想通貨価格の更新 ---
2025-10-26 03:30:08,219 - INFO - 仮想通貨価格の更新が完了しました
2025-10-26 03:30:08,220 - INFO - --- 貴金属価格の更新 ---
2025-10-26 03:30:09,509 - INFO - 貴金属価格の更新が完了しました
2025-10-26 03:30:09,510 - INFO - --- 実行日の更新 ---
2025-10-26 03:30:09,746 - INFO - 実行日の更新が完了しました
2025-10-26 03:30:09,747 - INFO - === 更新完了: 3/3 タスクが成功 ===
2025-10-26 03:30:09,748 - INFO - 全ての更新が正常に完了しました
指定されたファイルが見つかりません: MyWork/datasets/maki_250630.xlsx
代替パスを検索中...
ファイルを発見: .\datasets\maki_250630.xlsx
価格取得エラー: 403 Client Error: Forbidden for url: https://api.coinmarketcap.com/v1/ticker/bitcoin/
J29（ビットコイン価格）を 1704.14万円 に更新しました
J30（イーサリウム価格）を 60.25万円 に更新しました
ファイル '.\datasets\maki_250630.xlsx' の更新が完了しました（書式保持）。
デバッグ: Excelファイルパス = .\datasets\maki_250630.xlsx
デバッグ: 貴金属価格を取得中...
デバッグ: 取得した価格 = {'gold': 20292.251937651276, 'silver': 240.35596903618435, 'platinum': 7801.738064163619}
デバッグ: Excelファイルを読み込み中...
デバッグ: 利用可能なシート名 = ['ストック', '家計資産', 'calc', 'フロー', '口座', '2nd2', 'Tips', '損益通算', '図', '給与', '2nd']
デバッグ: 'ストック'シートを取得しました
デバッグ: 更新前の値を確認...
デバッグ: 更新前 - 金:20094.66993630758, 銀:236.8616159521676, プラチナ:7730.197210404942
デバッグ: 更新後の値を確認...
デバッグ: 更新後 - 金:20292.251937651276, 銀:240.35596903618435, プラチナ:7801.738064163619
R30（金買取価格）を 20292.25円/g に更新しました
R31（銀買取価格）を 240.36円/g に更新しました
R32（プラチナ買取価格）を 7801.74円/g に更新しました
デバッグ: ファイルを保存中...
ストックシートの貴金属価格更新が完了しました（書式保持）。
デバッグ: 保存後の確認...
デバッグ: 保存後確認 - 金:20292.25193765128, 銀:240.3559690361843, プラチナ:7801.738064163619
H14に実行日 2025/10/26 を更新しました
H16に実行日 2025/10/26 を更新しました
家計資産シートの実行日更新が完了しました（書式保持）。
[2025/10/26  3:30:09.83] Price update completed successfully 
[2025/10/27  3:30:04.61] Starting price update with correct Python path... 
[2025/10/27  3:30:04.64] Using Python from Anaconda maki2 environment 
2025-10-27 03:30:08,880 - INFO - === 価格データの自動更新を開始 ===
2025-10-27 03:30:08,888 - INFO - --- 仮想通貨価格の更新 ---
2025-10-27 03:30:13,387 - INFO - 仮想通貨価格の更新が完了しました
2025-10-27 03:30:13,388 - INFO - --- 貴金属価格の更新 ---
2025-10-27 03:30:15,035 - INFO - 貴金属価格の更新が完了しました
2025-10-27 03:30:15,036 - INFO - --- 実行日の更新 ---
2025-10-27 03:30:15,237 - INFO - 実行日の更新が完了しました
2025-10-27 03:30:15,237 - INFO - === 更新完了: 3/3 タスクが成功 ===
2025-10-27 03:30:15,237 - INFO - 全ての更新が正常に完了しました
指定されたファイルが見つかりません: MyWork/datasets/maki_250630.xlsx
代替パスを検索中...
ファイルを発見: .\datasets\maki_250630.xlsx
価格取得エラー: 403 Client Error: Forbidden for url: https://api.coinmarketcap.com/v1/ticker/bitcoin/
J29（ビットコイン価格）を 1736.67万円 に更新しました
J30（イーサリウム価格）を 62.24万円 に更新しました
ファイル '.\datasets\maki_250630.xlsx' の更新が完了しました（書式保持）。
デバッグ: Excelファイルパス = .\datasets\maki_250630.xlsx
デバッグ: 貴金属価格を取得中...
デバッグ: 取得した価格 = {'gold': 20227.0178766863, 'silver': 239.05559230791405, 'platinum': 7833.6934712275315}
デバッグ: Excelファイルを読み込み中...
デバッグ: 利用可能なシート名 = ['ストック', '家計資産', 'calc', 'フロー', '口座', '2nd2', 'Tips', '損益通算', '図', '給与', '2nd']
デバッグ: 'ストック'シートを取得しました
デバッグ: 更新前の値を確認...
デバッグ: 更新前 - 金:20292.25193765128, 銀:240.3559690361843, プラチナ:7801.738064163619
デバッグ: 更新後の値を確認...
デバッグ: 更新後 - 金:20227.0178766863, 銀:239.05559230791405, プラチナ:7833.6934712275315
R30（金買取価格）を 20227.02円/g に更新しました
R31（銀買取価格）を 239.06円/g に更新しました
R32（プラチナ買取価格）を 7833.69円/g に更新しました
デバッグ: ファイルを保存中...
ストックシートの貴金属価格更新が完了しました（書式保持）。
デバッグ: 保存後の確認...
デバッグ: 保存後確認 - 金:20227.0178766863, 銀:239.0555923079141, プラチナ:7833.693471227532
H14に実行日 2025/10/27 を更新しました
H16に実行日 2025/10/27 を更新しました
家計資産シートの実行日更新が完了しました（書式保持）。
[2025/10/27  3:30:15.32] Price update completed successfully 
[2025/10/28  4:37:47.63] Starting price update (PowerShell version)... 
[2025/10/28  4:37:56.15] PowerShell execution completed 
[2025/10/28 13:21:08.21] Starting price update (PowerShell version)... 
[2025/10/28 13:21:13.09] PowerShell execution completed 
[2025/10/28 13:39:32.47] Starting price update (PowerShell version)... 
[2025/10/28 13:39:36.85] PowerShell execution completed 
[2025/10/28 13:44:43.62] Starting price update (PowerShell version)... 
[2025/10/28 13:44:47.91] PowerShell execution completed 
[2025/10/28 13:46:22.06] Starting price update (PowerShell version)... 
[2025/10/28 13:46:26.28] PowerShell execution completed 
[2025/10/29  4:51:10.37] Starting price update (PowerShell version)... 
[2025/10/29  4:51:20.10] PowerShell execution completed 
[2025/10/30  3:30:03.03] Starting price update with correct Python path... 
[2025/10/30  3:30:03.11] Using Python from Anaconda maki2 environment 
2025-10-30 03:30:07,071 - INFO - === 価格データの自動更新を開始 ===
2025-10-30 03:30:07,080 - INFO - --- 仮想通貨価格の更新 ---
2025-10-30 03:30:07,632 - INFO - 仮想通貨価格の更新が完了しました
2025-10-30 03:30:07,632 - INFO - --- 貴金属価格の更新 ---
2025-10-30 03:30:08,744 - INFO - 貴金属価格の更新が完了しました
2025-10-30 03:30:08,746 - INFO - --- 実行日の更新 ---
2025-10-30 03:30:08,946 - INFO - 実行日の更新が完了しました
2025-10-30 03:30:08,946 - INFO - === 更新完了: 3/3 タスクが成功 ===
2025-10-30 03:30:08,946 - INFO - 全ての更新が正常に完了しました
指定されたファイルが見つかりません: MyWork/datasets/maki_250630.xlsx
代替パスを検索中...
ファイルを発見: .\datasets\maki_250630.xlsx
J29（ビットコイン価格）を 1697.60万円 に更新しました
J30（イーサリウム価格）を 60.82万円 に更新しました
ファイル '.\datasets\maki_250630.xlsx' の更新が完了しました（書式保持）。
デバッグ: Excelファイルパス = .\datasets\maki_250630.xlsx
デバッグ: 貴金属価格を取得中...
デバッグ: 取得した価格 = {'gold': 21448.16181908224, 'silver': 251.66669433971353, 'platinum': 8362.78228851625}
デバッグ: Excelファイルを読み込み中...
デバッグ: 利用可能なシート名 = ['ストック', '家計資産', 'calc', 'フロー', '口座', '2nd2', 'Tips', '損益通算', '図', '給与', '2nd']
デバッグ: 'ストック'シートを取得しました
デバッグ: 更新前の値を確認...
デバッグ: 更新前 - 金:21818.83306967742, 銀:258.3946595163893, プラチナ:8581.39948688419
デバッグ: 更新後の値を確認...
デバッグ: 更新後 - 金:21448.16181908224, 銀:251.66669433971353, プラチナ:8362.78228851625
R30（金買取価格）を 21448.16円/g に更新しました
R31（銀買取価格）を 251.67円/g に更新しました
R32（プラチナ買取価格）を 8362.78円/g に更新しました
デバッグ: ファイルを保存中...
ストックシートの貴金属価格更新が完了しました（書式保持）。
デバッグ: 保存後の確認...
デバッグ: 保存後確認 - 金:21448.16181908224, 銀:251.6666943397135, プラチナ:8362.78228851625
H14に実行日 2025/10/30 を更新しました
H16に実行日 2025/10/30 を更新しました
家計資産シートの実行日更新が完了しました（書式保持）。
[2025/10/30  3:30:09.03] Price update completed successfully 
[2025/10/31  4:08:17.54] Starting price update with correct Python path... 
[2025/10/31  4:08:17.57] Using Python from Anaconda maki2 environment 
2025-10-31 04:08:23,670 - INFO - === 価格データの自動更新を開始 ===
2025-10-31 04:08:23,680 - INFO - --- 仮想通貨価格の更新 ---
2025-10-31 04:08:24,592 - INFO - 仮想通貨価格の更新が完了しました
2025-10-31 04:08:24,593 - INFO - --- 貴金属価格の更新 ---
2025-10-31 04:08:26,310 - INFO - 貴金属価格の更新が完了しました
2025-10-31 04:08:26,312 - INFO - --- 実行日の更新 ---
2025-10-31 04:08:26,589 - INFO - 実行日の更新が完了しました
2025-10-31 04:08:26,590 - INFO - === 更新完了: 3/3 タスクが成功 ===
2025-10-31 04:08:26,591 - INFO - 全ての更新が正常に完了しました
指定されたファイルが見つかりません: MyWork/datasets/maki_250630.xlsx
代替パスを検索中...
ファイルを発見: .\datasets\maki_250630.xlsx
J29（ビットコイン価格）を 1646.25万円 に更新しました
J30（イーサリウム価格）を 57.34万円 に更新しました
ファイル '.\datasets\maki_250630.xlsx' の更新が完了しました（書式保持）。
デバッグ: Excelファイルパス = .\datasets\maki_250630.xlsx
デバッグ: 貴金属価格を取得中...
デバッグ: 取得した価格 = {'gold': 21541.261741131875, 'silver': 256.34258888935307, 'platinum': 8515.961659631545}
デバッグ: Excelファイルを読み込み中...
デバッグ: 利用可能なシート名 = ['ストック', '家計資産', 'calc', 'フロー', '口座', '2nd2', 'Tips', '損益通算', '図', '給与', '2nd']
デバッグ: 'ストック'シートを取得しました
デバッグ: 更新前の値を確認...
デバッグ: 更新前 - 金:21448.16181908224, 銀:251.6666943397135, プラチナ:8362.78228851625
デバッグ: 更新後の値を確認...
デバッグ: 更新後 - 金:21541.261741131875, 銀:256.34258888935307, プラチナ:8515.961659631545
R30（金買取価格）を 21541.26円/g に更新しました
R31（銀買取価格）を 256.34円/g に更新しました
R32（プラチナ買取価格）を 8515.96円/g に更新しました
デバッグ: ファイルを保存中...
ストックシートの貴金属価格更新が完了しました（書式保持）。
デバッグ: 保存後の確認...
デバッグ: 保存後確認 - 金:21541.26174113188, 銀:256.3425888893531, プラチナ:8515.961659631545
H14に実行日 2025/10/31 を更新しました
H16に実行日 2025/10/31 を更新しました
家計資産シートの実行日更新が完了しました（書式保持）。
[2025/10/31  4:08:26.80] Price update completed successfully 
[2025/11/01  3:44:14.99] Starting price update with correct Python path... 
[2025/11/01  3:44:15.01] Using Python from Anaconda maki2 environment 
2025-11-01 03:44:22,943 - INFO - === 価格データの自動更新を開始 ===
2025-11-01 03:44:22,968 - INFO - --- 仮想通貨価格の更新 ---
2025-11-01 03:44:23,689 - INFO - 仮想通貨価格の更新が完了しました
2025-11-01 03:44:23,693 - INFO - --- 貴金属価格の更新 ---
2025-11-01 03:44:25,347 - INFO - 貴金属価格の更新が完了しました
2025-11-01 03:44:25,347 - INFO - --- 実行日の更新 ---
2025-11-01 03:44:25,615 - INFO - 実行日の更新が完了しました
2025-11-01 03:44:25,615 - INFO - === 更新完了: 3/3 タスクが成功 ===
2025-11-01 03:44:25,618 - INFO - 全ての更新が正常に完了しました
指定されたファイルが見つかりません: MyWork/datasets/maki_250630.xlsx
代替パスを検索中...
ファイルを発見: .\datasets\maki_250630.xlsx
J29（ビットコイン価格）を 1687.16万円 に更新しました
J30（イーサリウム価格）を 59.49万円 に更新しました
ファイル '.\datasets\maki_250630.xlsx' の更新が完了しました（書式保持）。
デバッグ: Excelファイルパス = .\datasets\maki_250630.xlsx
デバッグ: 貴金属価格を取得中...
デバッグ: 取得した価格 = {'gold': 21515.01281952568, 'silver': 260.0222207923488, 'platinum': 8674.49337311275}
デバッグ: Excelファイルを読み込み中...
デバッグ: 利用可能なシート名 = ['ストック', '家計資産', 'calc', 'フロー', '口座', '2nd2', 'Tips', '損益通算', '図', '給与', '2nd']
デバッグ: 'ストック'シートを取得しました
デバッグ: 更新前の値を確認...
デバッグ: 更新前 - 金:21541.26174113188, 銀:256.3425888893531, プラチナ:8515.961659631545
デバッグ: 更新後の値を確認...
デバッグ: 更新後 - 金:21515.01281952568, 銀:260.0222207923488, プラチナ:8674.49337311275
R30（金買取価格）を 21515.01円/g に更新しました
R31（銀買取価格）を 260.02円/g に更新しました
R32（プラチナ買取価格）を 8674.49円/g に更新しました
デバッグ: ファイルを保存中...
ストックシートの貴金属価格更新が完了しました（書式保持）。
デバッグ: 保存後の確認...
デバッグ: 保存後確認 - 金:21515.01281952568, 銀:260.0222207923488, プラチナ:8674.49337311275
H14に実行日 2025/11/01 を更新しました
H16に実行日 2025/11/01 を更新しました
家計資産シートの実行日更新が完了しました（書式保持）。
[2025/11/01  3:44:25.78] Price update completed successfully 
[2025/11/02  3:30:02.50] Starting price update with correct Python path... 
[2025/11/02  3:30:02.53] Using Python from Anaconda maki2 environment 
2025-11-02 03:30:07,813 - INFO - === 価格データの自動更新を開始 ===
2025-11-02 03:30:07,845 - INFO - --- 仮想通貨価格の更新 ---
2025-11-02 03:30:08,391 - INFO - 仮想通貨価格の更新が完了しました
2025-11-02 03:30:08,395 - INFO - --- 貴金属価格の更新 ---
2025-11-02 03:30:09,737 - INFO - 貴金属価格の更新が完了しました
2025-11-02 03:30:09,737 - INFO - --- 実行日の更新 ---
2025-11-02 03:30:09,970 - INFO - 実行日の更新が完了しました
2025-11-02 03:30:09,971 - INFO - === 更新完了: 3/3 タスクが成功 ===
2025-11-02 03:30:09,971 - INFO - 全ての更新が正常に完了しました
指定されたファイルが見つかりません: MyWork/datasets/maki_250630.xlsx
代替パスを検索中...
ファイルを発見: .\datasets\maki_250630.xlsx
J29（ビットコイン価格）を 1697.57万円 に更新しました
J30（イーサリウム価格）を 59.61万円 に更新しました
ファイル '.\datasets\maki_250630.xlsx' の更新が完了しました（書式保持）。
デバッグ: Excelファイルパス = .\datasets\maki_250630.xlsx
デバッグ: 貴金属価格を取得中...
デバッグ: 取得した価格 = {'gold': 21890.196223922296, 'silver': 266.1852262264891, 'platinum': 8746.866990029886}
デバッグ: Excelファイルを読み込み中...
デバッグ: 利用可能なシート名 = ['ストック', '家計資産', 'calc', 'フロー', '口座', '2nd2', 'Tips', '損益通算', '図', '給与', '2nd']
デバッグ: 'ストック'シートを取得しました
デバッグ: 更新前の値を確認...
デバッグ: 更新前 - 金:21515.01281952568, 銀:260.0222207923488, プラチナ:8674.49337311275
デバッグ: 更新後の値を確認...
デバッグ: 更新後 - 金:21890.196223922296, 銀:266.1852262264891, プラチナ:8746.866990029886
R30（金買取価格）を 21890.20円/g に更新しました
R31（銀買取価格）を 266.19円/g に更新しました
R32（プラチナ買取価格）を 8746.87円/g に更新しました
デバッグ: ファイルを保存中...
ストックシートの貴金属価格更新が完了しました（書式保持）。
デバッグ: 保存後の確認...
デバッグ: 保存後確認 - 金:21890.1962239223, 銀:266.1852262264891, プラチナ:8746.866990029886
H14に実行日 2025/11/02 を更新しました
H16に実行日 2025/11/02 を更新しました
家計資産シートの実行日更新が完了しました（書式保持）。
[2025/11/02  3:30:10.07] Price update completed successfully 
[2025/11/03  3:30:02.87] Starting price update with correct Python path... 
[2025/11/03  3:30:02.91] Using Python from Anaconda maki2 environment 
2025-11-03 03:30:09,485 - INFO - === 価格データの自動更新を開始 ===
2025-11-03 03:30:09,493 - INFO - --- 仮想通貨価格の更新 ---
2025-11-03 03:30:09,961 - INFO - 仮想通貨価格の更新が完了しました
2025-11-03 03:30:09,962 - INFO - --- 貴金属価格の更新 ---
2025-11-03 03:30:11,657 - INFO - 貴金属価格の更新が完了しました
2025-11-03 03:30:11,657 - INFO - --- 実行日の更新 ---
2025-11-03 03:30:11,905 - INFO - 実行日の更新が完了しました
2025-11-03 03:30:11,910 - INFO - === 更新完了: 3/3 タスクが成功 ===
2025-11-03 03:30:11,911 - INFO - 全ての更新が正常に完了しました
指定されたファイルが見つかりません: MyWork/datasets/maki_250630.xlsx
代替パスを検索中...
ファイルを発見: .\datasets\maki_250630.xlsx
J29（ビットコイン価格）を 1696.60万円 に更新しました
J30（イーサリウム価格）を 59.42万円 に更新しました
ファイル '.\datasets\maki_250630.xlsx' の更新が完了しました（書式保持）。
デバッグ: Excelファイルパス = .\datasets\maki_250630.xlsx
デバッグ: 貴金属価格を取得中...
デバッグ: 取得した価格 = {'gold': 21736.155751767288, 'silver': 264.34041740769504, 'platinum': 8509.335005951876}
デバッグ: Excelファイルを読み込み中...
デバッグ: 利用可能なシート名 = ['ストック', '家計資産', 'calc', 'フロー', '口座', '2nd2', 'Tips', '損益通算', '図', '給与', '2nd']
デバッグ: 'ストック'シートを取得しました
デバッグ: 更新前の値を確認...
デバッグ: 更新前 - 金:21890.1962239223, 銀:266.1852262264891, プラチナ:8746.866990029886
デバッグ: 更新後の値を確認...
デバッグ: 更新後 - 金:21736.155751767288, 銀:264.34041740769504, プラチナ:8509.335005951876
R30（金買取価格）を 21736.16円/g に更新しました
R31（銀買取価格）を 264.34円/g に更新しました
R32（プラチナ買取価格）を 8509.34円/g に更新しました
デバッグ: ファイルを保存中...
ストックシートの貴金属価格更新が完了しました（書式保持）。
デバッグ: 保存後の確認...
デバッグ: 保存後確認 - 金:21736.15575176729, 銀:264.340417407695, プラチナ:8509.335005951876
H14に実行日 2025/11/03 を更新しました
H16に実行日 2025/11/03 を更新しました
家計資産シートの実行日更新が完了しました（書式保持）。
[2025/11/03  3:30:12.00] Price update completed successfully 
[2025/11/04  3:34:14.87] Starting price update with correct Python path... 
[2025/11/04  3:34:14.89] Using Python from Anaconda maki2 environment 
2025-11-04 03:34:56,758 - INFO - === 価格データの自動更新を開始 ===
2025-11-04 03:34:56,780 - INFO - --- 仮想通貨価格の更新 ---
2025-11-04 03:34:57,713 - INFO - 仮想通貨価格の更新が完了しました
2025-11-04 03:34:57,713 - INFO - --- 貴金属価格の更新 ---
2025-11-04 03:34:59,800 - INFO - 貴金属価格の更新が完了しました
2025-11-04 03:34:59,804 - INFO - --- 実行日の更新 ---
2025-11-04 03:35:00,046 - INFO - 実行日の更新が完了しました
2025-11-04 03:35:00,050 - INFO - === 更新完了: 3/3 タスクが成功 ===
2025-11-04 03:35:00,050 - INFO - 全ての更新が正常に完了しました
指定されたファイルが見つかりません: MyWork/datasets/maki_250630.xlsx
代替パスを検索中...
ファイルを発見: .\datasets\maki_250630.xlsx
J29（ビットコイン価格）を 1655.02万円 に更新しました
J30（イーサリウム価格）を 56.36万円 に更新しました
ファイル '.\datasets\maki_250630.xlsx' の更新が完了しました（書式保持）。
デバッグ: Excelファイルパス = .\datasets\maki_250630.xlsx
デバッグ: 貴金属価格を取得中...
デバッグ: 取得した価格 = {'gold': 21774.75634466641, 'silver': 264.7895727193526, 'platinum': 8458.604640046711}
デバッグ: Excelファイルを読み込み中...
デバッグ: 利用可能なシート名 = ['ストック', '家計資産', 'calc', 'フロー', '口座', '2nd2', 'Tips', '損益通算', '図', '給与', '2nd']
デバッグ: 'ストック'シートを取得しました
デバッグ: 更新前の値を確認...
デバッグ: 更新前 - 金:21736.15575176729, 銀:264.340417407695, プラチナ:8509.335005951876
デバッグ: 更新後の値を確認...
デバッグ: 更新後 - 金:21774.75634466641, 銀:264.7895727193526, プラチナ:8458.604640046711
R30（金買取価格）を 21774.76円/g に更新しました
R31（銀買取価格）を 264.79円/g に更新しました
R32（プラチナ買取価格）を 8458.60円/g に更新しました
デバッグ: ファイルを保存中...
ストックシートの貴金属価格更新が完了しました（書式保持）。
デバッグ: 保存後の確認...
デバッグ: 保存後確認 - 金:21774.75634466641, 銀:264.7895727193526, プラチナ:8458.604640046711
H14に実行日 2025/11/04 を更新しました
H16に実行日 2025/11/04 を更新しました
家計資産シートの実行日更新が完了しました（書式保持）。
[2025/11/04  3:35:00.19] Price update completed successfully 
[2025/11/05  3:30:02.83] Starting price update with correct Python path... 
[2025/11/05  3:30:02.87] Using Python from Anaconda maki2 environment 
2025-11-05 03:30:07,564 - INFO - === 価格データの自動更新を開始 ===
2025-11-05 03:30:07,577 - INFO - --- 仮想通貨価格の更新 ---
2025-11-05 03:30:08,186 - INFO - 仮想通貨価格の更新が完了しました
2025-11-05 03:30:08,187 - INFO - --- 貴金属価格の更新 ---
2025-11-05 03:30:09,624 - INFO - 貴金属価格の更新が完了しました
2025-11-05 03:30:09,626 - INFO - --- 実行日の更新 ---
2025-11-05 03:30:09,798 - INFO - 実行日の更新が完了しました
2025-11-05 03:30:09,798 - INFO - === 更新完了: 3/3 タスクが成功 ===
2025-11-05 03:30:09,798 - INFO - 全ての更新が正常に完了しました
指定されたファイルが見つかりません: MyWork/datasets/maki_250630.xlsx
代替パスを検索中...
ファイルを発見: .\datasets\maki_250630.xlsx
J29（ビットコイン価格）を 1544.72万円 に更新しました
J30（イーサリウム価格）を 50.96万円 に更新しました
ファイル '.\datasets\maki_250630.xlsx' の更新が完了しました（書式保持）。
デバッグ: Excelファイルパス = .\datasets\maki_250630.xlsx
デバッグ: 貴金属価格を取得中...
デバッグ: 取得した価格 = {'gold': 21559.72820783766, 'silver': 262.82383131239646, 'platinum': 8410.328703219117}
デバッグ: Excelファイルを読み込み中...
デバッグ: 利用可能なシート名 = ['ストック', '家計資産', 'calc', 'フロー', '口座', '2nd2', 'Tips', '損益通算', '図', '給与', '2nd']
デバッグ: 'ストック'シートを取得しました
デバッグ: 更新前の値を確認...
デバッグ: 更新前 - 金:21774.75634466641, 銀:264.7895727193526, プラチナ:8458.604640046711
デバッグ: 更新後の値を確認...
デバッグ: 更新後 - 金:21559.72820783766, 銀:262.82383131239646, プラチナ:8410.328703219117
R30（金買取価格）を 21559.73円/g に更新しました
R31（銀買取価格）を 262.82円/g に更新しました
R32（プラチナ買取価格）を 8410.33円/g に更新しました
デバッグ: ファイルを保存中...
ストックシートの貴金属価格更新が完了しました（書式保持）。
デバッグ: 保存後の確認...
デバッグ: 保存後確認 - 金:21559.72820783766, 銀:262.8238313123965, プラチナ:8410.328703219117
H14に実行日 2025/11/05 を更新しました
H16に実行日 2025/11/05 を更新しました
家計資産シートの実行日更新が完了しました（書式保持）。
[2025/11/05  3:30:09.88] Price update completed successfully 
[2025/11/06  5:02:58.39] Starting price update (PowerShell version)... 
[2025/11/06  5:03:06.32] PowerShell execution completed 
[2025/11/07  4:30:15.78] Starting price update (PowerShell version)... 
[2025/11/07  4:30:23.92] PowerShell execution completed 
[2025/11/08  3:30:02.20] Starting price update with correct Python path... 
[2025/11/08  3:30:02.22] Using Python from Anaconda maki2 environment 
2025-11-08 03:30:07,317 - INFO - === 価格データの自動更新を開始 ===
2025-11-08 03:30:07,331 - INFO - --- 仮想通貨価格の更新 ---
2025-11-08 03:30:07,890 - INFO - 仮想通貨価格の更新が完了しました
2025-11-08 03:30:07,890 - INFO - --- 貴金属価格の更新 ---
2025-11-08 03:30:09,415 - INFO - 貴金属価格の更新が完了しました
2025-11-08 03:30:09,418 - INFO - --- 実行日の更新 ---
2025-11-08 03:30:09,590 - INFO - 実行日の更新が完了しました
2025-11-08 03:30:09,590 - INFO - === 更新完了: 3/3 タスクが成功 ===
2025-11-08 03:30:09,594 - INFO - 全ての更新が正常に完了しました
指定されたファイルが見つかりません: MyWork/datasets/maki_250630.xlsx
代替パスを検索中...
ファイルを発見: .\datasets\maki_250630.xlsx
J29（ビットコイン価格）を 1571.37万円 に更新しました
J30（イーサリウム価格）を 52.33万円 に更新しました
ファイル '.\datasets\maki_250630.xlsx' の更新が完了しました（書式保持）。
デバッグ: Excelファイルパス = .\datasets\maki_250630.xlsx
デバッグ: 貴金属価格を取得中...
デバッグ: 取得した価格 = {'gold': 21477.194497176737, 'silver': 259.737508092967, 'platinum': 8415.615817941025}
デバッグ: Excelファイルを読み込み中...
デバッグ: 利用可能なシート名 = ['ストック', '家計資産', 'calc', 'フロー', '口座', '2nd2', 'Tips', '損益通算', '図', '給与', '2nd']
デバッグ: 'ストック'シートを取得しました
デバッグ: 更新前の値を確認...
デバッグ: 更新前 - 金:21260.13402122725, 銀:254.4759484273311, プラチナ:8291.547805770511
デバッグ: 更新後の値を確認...
デバッグ: 更新後 - 金:21477.194497176737, 銀:259.737508092967, プラチナ:8415.615817941025
R30（金買取価格）を 21477.19円/g に更新しました
R31（銀買取価格）を 259.74円/g に更新しました
R32（プラチナ買取価格）を 8415.62円/g に更新しました
デバッグ: ファイルを保存中...
ストックシートの貴金属価格更新が完了しました（書式保持）。
デバッグ: 保存後の確認...
デバッグ: 保存後確認 - 金:21477.19449717674, 銀:259.737508092967, プラチナ:8415.615817941025
H14に実行日 2025/11/08 を更新しました
H16に実行日 2025/11/08 を更新しました
家計資産シートの実行日更新が完了しました（書式保持）。
[2025/11/08  3:30:09.68] Price update completed successfully 
[2025/11/09  3:30:04.08] Starting price update with correct Python path... 
[2025/11/09  3:30:04.33] Using Python from Anaconda maki2 environment 
2025-11-09 03:30:10,085 - INFO - === 価格データの自動更新を開始 ===
2025-11-09 03:30:10,096 - INFO - --- 仮想通貨価格の更新 ---
2025-11-09 03:30:10,601 - INFO - 仮想通貨価格の更新が完了しました
2025-11-09 03:30:10,602 - INFO - --- 貴金属価格の更新 ---
2025-11-09 03:30:11,711 - INFO - 貴金属価格の更新が完了しました
2025-11-09 03:30:11,712 - INFO - --- 実行日の更新 ---
2025-11-09 03:30:11,900 - INFO - 実行日の更新が完了しました
2025-11-09 03:30:11,900 - INFO - === 更新完了: 3/3 タスクが成功 ===
2025-11-09 03:30:11,901 - INFO - 全ての更新が正常に完了しました
指定されたファイルが見つかりません: MyWork/datasets/maki_250630.xlsx
代替パスを検索中...
ファイルを発見: .\datasets\maki_250630.xlsx
J29（ビットコイン価格）を 1564.59万円 に更新しました
J30（イーサリウム価格）を 52.02万円 に更新しました
ファイル '.\datasets\maki_250630.xlsx' の更新が完了しました（書式保持）。
デバッグ: Excelファイルパス = .\datasets\maki_250630.xlsx
デバッグ: 貴金属価格を取得中...
デバッグ: 取得した価格 = {'gold': 21582.46286491187, 'silver': 260.7632653225651, 'platinum': 8296.624478209646}
デバッグ: Excelファイルを読み込み中...
デバッグ: 利用可能なシート名 = ['ストック', '家計資産', 'calc', 'フロー', '口座', '2nd2', 'Tips', '損益通算', '図', '給与', '2nd']
デバッグ: 'ストック'シートを取得しました
デバッグ: 更新前の値を確認...
デバッグ: 更新前 - 金:21477.19449717674, 銀:259.737508092967, プラチナ:8415.615817941025
デバッグ: 更新後の値を確認...
デバッグ: 更新後 - 金:21582.46286491187, 銀:260.7632653225651, プラチナ:8296.624478209646
R30（金買取価格）を 21582.46円/g に更新しました
R31（銀買取価格）を 260.76円/g に更新しました
R32（プラチナ買取価格）を 8296.62円/g に更新しました
デバッグ: ファイルを保存中...
ストックシートの貴金属価格更新が完了しました（書式保持）。
デバッグ: 保存後の確認...
デバッグ: 保存後確認 - 金:21582.46286491187, 銀:260.7632653225651, プラチナ:8296.624478209646
H14に実行日 2025/11/09 を更新しました
H16に実行日 2025/11/09 を更新しました
家計資産シートの実行日更新が完了しました（書式保持）。
[2025/11/09  3:30:12.01] Price update completed successfully 
[2025/11/10  3:30:02.32] Starting price update with correct Python path... 
[2025/11/10  3:30:02.36] Using Python from Anaconda maki2 environment 
2025-11-10 03:30:08,985 - INFO - === 価格データの自動更新を開始 ===
2025-11-10 03:30:09,035 - INFO - --- 仮想通貨価格の更新 ---
2025-11-10 03:30:13,597 - INFO - 仮想通貨価格の更新が完了しました
2025-11-10 03:30:13,597 - INFO - --- 貴金属価格の更新 ---
2025-11-10 03:30:14,791 - INFO - 貴金属価格の更新が完了しました
2025-11-10 03:30:14,792 - INFO - --- 実行日の更新 ---
2025-11-10 03:30:14,959 - INFO - 実行日の更新が完了しました
2025-11-10 03:30:14,959 - INFO - === 更新完了: 3/3 タスクが成功 ===
2025-11-10 03:30:14,959 - INFO - 全ての更新が正常に完了しました
指定されたファイルが見つかりません: MyWork/datasets/maki_250630.xlsx
代替パスを検索中...
ファイルを発見: .\datasets\maki_250630.xlsx
J29（ビットコイン価格）を 1587.17万円 に更新しました
J30（イーサリウム価格）を 53.85万円 に更新しました
ファイル '.\datasets\maki_250630.xlsx' の更新が完了しました（書式保持）。
デバッグ: Excelファイルパス = .\datasets\maki_250630.xlsx
デバッグ: 貴金属価格を取得中...
デバッグ: 取得した価格 = {'gold': 21617.04625907764, 'silver': 261.09726388911406, 'platinum': 8360.937411435407}
デバッグ: Excelファイルを読み込み中...
デバッグ: 利用可能なシート名 = ['ストック', '家計資産', 'calc', 'フロー', '口座', '2nd2', 'Tips', '損益通算', '図', '給与', '2nd']
デバッグ: 'ストック'シートを取得しました
デバッグ: 更新前の値を確認...
デバッグ: 更新前 - 金:21582.46286491187, 銀:260.7632653225651, プラチナ:8296.624478209646
デバッグ: 更新後の値を確認...
デバッグ: 更新後 - 金:21617.04625907764, 銀:261.09726388911406, プラチナ:8360.937411435407
R30（金買取価格）を 21617.05円/g に更新しました
R31（銀買取価格）を 261.10円/g に更新しました
R32（プラチナ買取価格）を 8360.94円/g に更新しました
デバッグ: ファイルを保存中...
ストックシートの貴金属価格更新が完了しました（書式保持）。
デバッグ: 保存後の確認...
デバッグ: 保存後確認 - 金:21617.04625907764, 銀:261.0972638891141, プラチナ:8360.937411435407
H14に実行日 2025/11/10 を更新しました
H16に実行日 2025/11/10 を更新しました
家計資産シートの実行日更新が完了しました（書式保持）。
[2025/11/10  3:30:15.05] Price update completed successfully 
[2025/11/11  5:10:45.84] Starting price update (PowerShell version)... 
[2025/11/11  5:10:56.51] PowerShell execution completed 
[2025/11/12  4:35:12.04] Starting price update (PowerShell version)... 
[2025/11/12  4:35:22.86] PowerShell execution completed 
[2025/11/13  3:30:02.33] Starting price update with correct Python path... 
[2025/11/13  3:30:02.42] Using Python from Anaconda maki2 environment 
2025-11-13 03:30:08,452 - INFO - === 価格データの自動更新を開始 ===
2025-11-13 03:30:08,477 - INFO - --- 仮想通貨価格の更新 ---
2025-11-13 03:30:09,064 - INFO - 仮想通貨価格の更新が完了しました
2025-11-13 03:30:09,064 - INFO - --- 貴金属価格の更新 ---
2025-11-13 03:30:10,677 - INFO - 貴金属価格の更新が完了しました
2025-11-13 03:30:10,681 - INFO - --- 実行日の更新 ---
2025-11-13 03:30:10,847 - INFO - 実行日の更新が完了しました
2025-11-13 03:30:10,847 - INFO - === 更新完了: 3/3 タスクが成功 ===
2025-11-13 03:30:10,847 - INFO - 全ての更新が正常に完了しました
指定されたファイルが見つかりません: MyWork/datasets/maki_250630.xlsx
代替パスを検索中...
ファイルを発見: .\datasets\maki_250630.xlsx
J29（ビットコイン価格）を 1571.24万円 に更新しました
J30（イーサリウム価格）を 53.10万円 に更新しました
ファイル '.\datasets\maki_250630.xlsx' の更新が完了しました（書式保持）。
デバッグ: Excelファイルパス = .\datasets\maki_250630.xlsx
デバッグ: 貴金属価格を取得中...
デバッグ: 取得した価格 = {'gold': 22465.299788233573, 'silver': 275.6052606417075, 'platinum': 8659.461669149257}
デバッグ: Excelファイルを読み込み中...
デバッグ: 利用可能なシート名 = ['ストック', '家計資産', 'calc', 'フロー', '口座', '2nd2', 'Tips', '損益通算', '図', '給与', '2nd']
デバッグ: 'ストック'シートを取得しました
デバッグ: 更新前の値を確認...
デバッグ: 更新前 - 金:21820.73611228105, 銀:264.0729599580412, プラチナ:8476.47111009129
デバッグ: 更新後の値を確認...
デバッグ: 更新後 - 金:22465.299788233573, 銀:275.6052606417075, プラチナ:8659.461669149257
R30（金買取価格）を 22465.30円/g に更新しました
R31（銀買取価格）を 275.61円/g に更新しました
R32（プラチナ買取価格）を 8659.46円/g に更新しました
デバッグ: ファイルを保存中...
ストックシートの貴金属価格更新が完了しました（書式保持）。
デバッグ: 保存後の確認...
デバッグ: 保存後確認 - 金:22465.29978823357, 銀:275.6052606417075, プラチナ:8659.461669149257
H14に実行日 2025/11/13 を更新しました
H16に実行日 2025/11/13 を更新しました
家計資産シートの実行日更新が完了しました（書式保持）。
[2025/11/13  3:30:10.94] Price update completed successfully 
[2025/11/14  3:30:02.99] Starting price update with correct Python path... 
[2025/11/14  3:30:03.05] Using Python from Anaconda maki2 environment 
2025-11-14 03:30:07,581 - INFO - === 価格データの自動更新を開始 ===
2025-11-14 03:30:07,607 - INFO - --- 仮想通貨価格の更新 ---
2025-11-14 03:30:08,191 - INFO - 仮想通貨価格の更新が完了しました
2025-11-14 03:30:08,191 - INFO - --- 貴金属価格の更新 ---
2025-11-14 03:30:10,028 - INFO - 貴金属価格の更新が完了しました
2025-11-14 03:30:10,029 - INFO - --- 実行日の更新 ---
2025-11-14 03:30:10,232 - INFO - 実行日の更新が完了しました
2025-11-14 03:30:10,232 - INFO - === 更新完了: 3/3 タスクが成功 ===
2025-11-14 03:30:10,232 - INFO - 全ての更新が正常に完了しました
指定されたファイルが見つかりません: MyWork/datasets/maki_250630.xlsx
代替パスを検索中...
ファイルを発見: .\datasets\maki_250630.xlsx
J29（ビットコイン価格）を 1524.28万円 に更新しました
J30（イーサリウム価格）を 49.86万円 に更新しました
ファイル '.\datasets\maki_250630.xlsx' の更新が完了しました（書式保持）。
デバッグ: Excelファイルパス = .\datasets\maki_250630.xlsx
デバッグ: 貴金属価格を取得中...
デバッグ: 取得した価格 = {'gold': 22552.77204872667, 'silver': 279.30830155884655, 'platinum': 8678.220941703936}
デバッグ: Excelファイルを読み込み中...
デバッグ: 利用可能なシート名 = ['ストック', '家計資産', 'calc', 'フロー', '口座', '2nd2', 'Tips', '損益通算', '図', '給与', '2nd']
デバッグ: 'ストック'シートを取得しました
デバッグ: 更新前の値を確認...
デバッグ: 更新前 - 金:22465.29978823357, 銀:275.6052606417075, プラチナ:8659.461669149257
デバッグ: 更新後の値を確認...
デバッグ: 更新後 - 金:22552.77204872667, 銀:279.30830155884655, プラチナ:8678.220941703936
R30（金買取価格）を 22552.77円/g に更新しました
R31（銀買取価格）を 279.31円/g に更新しました
R32（プラチナ買取価格）を 8678.22円/g に更新しました
デバッグ: ファイルを保存中...
ストックシートの貴金属価格更新が完了しました（書式保持）。
デバッグ: 保存後の確認...
デバッグ: 保存後確認 - 金:22552.77204872667, 銀:279.3083015588466, プラチナ:8678.220941703936
H14に実行日 2025/11/14 を更新しました
H16に実行日 2025/11/14 を更新しました
家計資産シートの実行日更新が完了しました（書式保持）。
[2025/11/14  3:30:10.31] Price update completed successfully 
[2025/11/15  4:27:47.09] Starting price update (PowerShell version)... 
[2025/11/15  4:27:54.75] PowerShell execution completed 
[2025/11/16  3:30:02.44] Starting price update with correct Python path... 
[2025/11/16  3:30:02.50] Using Python from Anaconda maki2 environment 
2025-11-16 03:30:07,594 - INFO - === 価格データの自動更新を開始 ===
2025-11-16 03:30:07,615 - INFO - --- 仮想通貨価格の更新 ---
2025-11-16 03:30:08,206 - INFO - 仮想通貨価格の更新が完了しました
2025-11-16 03:30:08,206 - INFO - --- 貴金属価格の更新 ---
2025-11-16 03:30:09,722 - INFO - 貴金属価格の更新が完了しました
2025-11-16 03:30:09,731 - INFO - --- 実行日の更新 ---
2025-11-16 03:30:10,024 - INFO - 実行日の更新が完了しました
2025-11-16 03:30:10,025 - INFO - === 更新完了: 3/3 タスクが成功 ===
2025-11-16 03:30:10,027 - INFO - 全ての更新が正常に完了しました
指定されたファイルが見つかりません: MyWork/datasets/maki_250630.xlsx
代替パスを検索中...
ファイルを発見: .\datasets\maki_250630.xlsx
J29（ビットコイン価格）を 1483.36万円 に更新しました
J30（イーサリウム価格）を 49.62万円 に更新しました
ファイル '.\datasets\maki_250630.xlsx' の更新が完了しました（書式保持）。
デバッグ: Excelファイルパス = .\datasets\maki_250630.xlsx
デバッグ: 貴金属価格を取得中...
デバッグ: 取得した価格 = {'gold': 22815.133606708838, 'silver': 286.65299509850075, 'platinum': 8696.50332979207}
デバッグ: Excelファイルを読み込み中...
デバッグ: 利用可能なシート名 = ['ストック', '家計資産', 'calc', 'フロー', '口座', '2nd2', 'Tips', '損益通算', '図', '給与', '2nd']
デバッグ: 'ストック'シートを取得しました
デバッグ: 更新前の値を確認...
デバッグ: 更新前 - 金:22828.00136386281, 銀:289.2850692464422, プラチナ:8836.724356687811
デバッグ: 更新後の値を確認...
デバッグ: 更新後 - 金:22815.133606708838, 銀:286.65299509850075, プラチナ:8696.50332979207
R30（金買取価格）を 22815.13円/g に更新しました
R31（銀買取価格）を 286.65円/g に更新しました
R32（プラチナ買取価格）を 8696.50円/g に更新しました
デバッグ: ファイルを保存中...
ストックシートの貴金属価格更新が完了しました（書式保持）。
デバッグ: 保存後の確認...
デバッグ: 保存後確認 - 金:22815.13360670884, 銀:286.6529950985008, プラチナ:8696.50332979207
H14に実行日 2025/11/16 を更新しました
H16に実行日 2025/11/16 を更新しました
家計資産シートの実行日更新が完了しました（書式保持）。
[2025/11/16  3:30:10.14] Price update completed successfully 
[2025/11/17  4:22:30.32] Starting price update (PowerShell version)... 
[2025/11/17  4:22:39.17] PowerShell execution completed 
[2025/11/18  3:30:03.17] Starting price update with correct Python path... 
[2025/11/18  3:30:03.21] Using Python from Anaconda maki2 environment 
2025-11-18 03:30:08,163 - INFO - === 価格データの自動更新を開始 ===
2025-11-18 03:30:08,199 - INFO - --- 仮想通貨価格の更新 ---
2025-11-18 03:30:09,257 - INFO - 仮想通貨価格の更新が完了しました
2025-11-18 03:30:09,280 - INFO - --- 貴金属価格の更新 ---
2025-11-18 03:30:11,444 - INFO - 貴金属価格の更新が完了しました
2025-11-18 03:30:11,444 - INFO - --- 実行日の更新 ---
2025-11-18 03:30:11,651 - INFO - 実行日の更新が完了しました
2025-11-18 03:30:11,652 - INFO - === 更新完了: 3/3 タスクが成功 ===
2025-11-18 03:30:11,652 - INFO - 全ての更新が正常に完了しました
指定されたファイルが見つかりません: MyWork/datasets/maki_250630.xlsx
代替パスを検索中...
ファイルを発見: .\datasets\maki_250630.xlsx
J29（ビットコイン価格）を 1434.55万円 に更新しました
J30（イーサリウム価格）を 47.07万円 に更新しました
ファイル '.\datasets\maki_250630.xlsx' の更新が完了しました（書式保持）。
デバッグ: Excelファイルパス = .\datasets\maki_250630.xlsx
デバッグ: 貴金属価格を取得中...
デバッグ: 取得した価格 = {'gold': 22348.871395532435, 'silver': 276.793048226294, 'platinum': 8490.85889454667}
デバッグ: Excelファイルを読み込み中...
デバッグ: 利用可能なシート名 = ['ストック', '家計資産', 'calc', 'フロー', '口座', '2nd2', 'Tips', '損益通算', '図', '給与', '2nd']
デバッグ: 'ストック'シートを取得しました
デバッグ: 更新前の値を確認...
デバッグ: 更新前 - 金:22178.1967091261, 銀:274.8506954040024, プラチナ:8374.67417322366
デバッグ: 更新後の値を確認...
デバッグ: 更新後 - 金:22348.871395532435, 銀:276.793048226294, プラチナ:8490.85889454667
R30（金買取価格）を 22348.87円/g に更新しました
R31（銀買取価格）を 276.79円/g に更新しました
R32（プラチナ買取価格）を 8490.86円/g に更新しました
デバッグ: ファイルを保存中...
ストックシートの貴金属価格更新が完了しました（書式保持）。
デバッグ: 保存後の確認...
デバッグ: 保存後確認 - 金:22348.87139553243, 銀:276.793048226294, プラチナ:8490.85889454667
H14に実行日 2025/11/18 を更新しました
H16に実行日 2025/11/18 を更新しました
家計資産シートの実行日更新が完了しました（書式保持）。
[2025/11/18  3:30:11.74] Price update completed successfully 
[2025/11/19  3:31:33.33] Starting price update with correct Python path... 
[2025/11/19  3:31:33.36] Using Python from Anaconda maki2 environment 
2025-11-19 03:31:45,190 - INFO - === 価格データの自動更新を開始 ===
2025-11-19 03:31:45,198 - INFO - --- 仮想通貨価格の更新 ---
2025-11-19 03:31:45,708 - INFO - 仮想通貨価格の更新が完了しました
2025-11-19 03:31:45,708 - INFO - --- 貴金属価格の更新 ---
2025-11-19 03:31:47,108 - INFO - 貴金属価格の更新が完了しました
2025-11-19 03:31:47,119 - INFO - --- 実行日の更新 ---
2025-11-19 03:31:47,390 - INFO - 実行日の更新が完了しました
2025-11-19 03:31:47,390 - INFO - === 更新完了: 3/3 タスクが成功 ===
2025-11-19 03:31:47,390 - INFO - 全ての更新が正常に完了しました
指定されたファイルが見つかりません: MyWork/datasets/maki_250630.xlsx
代替パスを検索中...
ファイルを発見: .\datasets\maki_250630.xlsx
J29（ビットコイン価格）を 1450.80万円 に更新しました
J30（イーサリウム価格）を 48.93万円 に更新しました
ファイル '.\datasets\maki_250630.xlsx' の更新が完了しました（書式保持）。
デバッグ: Excelファイルパス = .\datasets\maki_250630.xlsx
デバッグ: 貴金属価格を取得中...
デバッグ: 取得した価格 = {'gold': 22430.753431129855, 'silver': 278.29866095397927, 'platinum': 8472.553738650076}
デバッグ: Excelファイルを読み込み中...
デバッグ: 利用可能なシート名 = ['ストック', '家計資産', 'calc', 'フロー', '口座', '2nd2', 'Tips', '損益通算', '図', '給与', '2nd']
デバッグ: 'ストック'シートを取得しました
デバッグ: 更新前の値を確認...
デバッグ: 更新前 - 金:22348.87139553243, 銀:276.793048226294, プラチナ:8490.85889454667
デバッグ: 更新後の値を確認...
デバッグ: 更新後 - 金:22430.753431129855, 銀:278.29866095397927, プラチナ:8472.553738650076
R30（金買取価格）を 22430.75円/g に更新しました
R31（銀買取価格）を 278.30円/g に更新しました
R32（プラチナ買取価格）を 8472.55円/g に更新しました
デバッグ: ファイルを保存中...
ストックシートの貴金属価格更新が完了しました（書式保持）。
デバッグ: 保存後の確認...
デバッグ: 保存後確認 - 金:22430.75343112986, 銀:278.2986609539793, プラチナ:8472.553738650076
H14に実行日 2025/11/19 を更新しました
H16に実行日 2025/11/19 を更新しました
家計資産シートの実行日更新が完了しました（書式保持）。
[2025/11/19  3:31:47.49] Price update completed successfully 
[2025/11/20  3:30:04.51] Starting price update with correct Python path... 
[2025/11/20  3:30:04.63] Using Python from Anaconda maki2 environment 
2025-11-20 03:30:08,458 - INFO - === 価格データの自動更新を開始 ===
2025-11-20 03:30:08,467 - INFO - --- 仮想通貨価格の更新 ---
2025-11-20 03:30:09,321 - INFO - 仮想通貨価格の更新が完了しました
2025-11-20 03:30:09,368 - INFO - --- 貴金属価格の更新 ---
2025-11-20 03:30:10,912 - INFO - 貴金属価格の更新が完了しました
2025-11-20 03:30:10,914 - INFO - --- 実行日の更新 ---
2025-11-20 03:30:11,057 - INFO - 実行日の更新が完了しました
2025-11-20 03:30:11,057 - INFO - === 更新完了: 3/3 タスクが成功 ===
2025-11-20 03:30:11,057 - INFO - 全ての更新が正常に完了しました
指定されたファイルが見つかりません: MyWork/datasets/maki_250630.xlsx
代替パスを検索中...
ファイルを発見: .\datasets\maki_250630.xlsx
J29（ビットコイン価格）を 1394.45万円 に更新しました
J30（イーサリウム価格）を 45.22万円 に更新しました
ファイル '.\datasets\maki_250630.xlsx' の更新が完了しました（書式保持）。
デバッグ: Excelファイルパス = .\datasets\maki_250630.xlsx
デバッグ: 貴金属価格を取得中...
デバッグ: 取得した価格 = {'gold': 22335.581601697904, 'silver': 276.0973302213752, 'platinum': 8503.498244739978}
デバッグ: Excelファイルを読み込み中...
デバッグ: 利用可能なシート名 = ['ストック', '家計資産', 'calc', 'フロー', '口座', '2nd2', 'Tips', '損益通算', '図', '給与', '2nd']
デバッグ: 'ストック'シートを取得しました
デバッグ: 更新前の値を確認...
デバッグ: 更新前 - 金:22430.75343112986, 銀:278.2986609539793, プラチナ:8472.553738650076
デバッグ: 更新後の値を確認...
デバッグ: 更新後 - 金:22335.581601697904, 銀:276.0973302213752, プラチナ:8503.498244739978
R30（金買取価格）を 22335.58円/g に更新しました
R31（銀買取価格）を 276.10円/g に更新しました
R32（プラチナ買取価格）を 8503.50円/g に更新しました
デバッグ: ファイルを保存中...
ストックシートの貴金属価格更新が完了しました（書式保持）。
デバッグ: 保存後の確認...
デバッグ: 保存後確認 - 金:22335.5816016979, 銀:276.0973302213752, プラチナ:8503.498244739978
H14に実行日 2025/11/20 を更新しました
H16に実行日 2025/11/20 を更新しました
家計資産シートの実行日更新が完了しました（書式保持）。
[2025/11/20  3:30:11.13] Price update completed successfully 
[2025/11/21  3:30:02.55] Starting price update with correct Python path... 
[2025/11/21  3:30:02.65] Using Python from Anaconda maki2 environment 
2025-11-21 03:30:08,113 - INFO - === 価格データの自動更新を開始 ===
2025-11-21 03:30:08,128 - INFO - --- 仮想通貨価格の更新 ---
2025-11-21 03:30:08,841 - INFO - 仮想通貨価格の更新が完了しました
2025-11-21 03:30:08,841 - INFO - --- 貴金属価格の更新 ---
2025-11-21 03:30:10,565 - INFO - 貴金属価格の更新が完了しました
2025-11-21 03:30:10,570 - INFO - --- 実行日の更新 ---
2025-11-21 03:30:10,774 - INFO - 実行日の更新が完了しました
2025-11-21 03:30:10,778 - INFO - === 更新完了: 3/3 タスクが成功 ===
2025-11-21 03:30:10,778 - INFO - 全ての更新が正常に完了しました
指定されたファイルが見つかりません: MyWork/datasets/maki_250630.xlsx
代替パスを検索中...
ファイルを発見: .\datasets\maki_250630.xlsx
J29（ビットコイン価格）を 1368.98万円 に更新しました
J30（イーサリウム価格）を 44.45万円 に更新しました
ファイル '.\datasets\maki_250630.xlsx' の更新が完了しました（書式保持）。
デバッグ: Excelファイルパス = .\datasets\maki_250630.xlsx
デバッグ: 貴金属価格を取得中...
デバッグ: 取得した価格 = {'gold': 22646.055238565717, 'silver': 282.3530460473711, 'platinum': 8546.65673848764}
デバッグ: Excelファイルを読み込み中...
デバッグ: 利用可能なシート名 = ['ストック', '家計資産', 'calc', 'フロー', '口座', '2nd2', 'Tips', '損益通算', '図', '給与', '2nd']
デバッグ: 'ストック'シートを取得しました
デバッグ: 更新前の値を確認...
デバッグ: 更新前 - 金:22335.5816016979, 銀:276.0973302213752, プラチナ:8503.498244739978
デバッグ: 更新後の値を確認...
デバッグ: 更新後 - 金:22646.055238565717, 銀:282.3530460473711, プラチナ:8546.65673848764
R30（金買取価格）を 22646.06円/g に更新しました
R31（銀買取価格）を 282.35円/g に更新しました
R32（プラチナ買取価格）を 8546.66円/g に更新しました
デバッグ: ファイルを保存中...
ストックシートの貴金属価格更新が完了しました（書式保持）。
デバッグ: 保存後の確認...
デバッグ: 保存後確認 - 金:22646.05523856572, 銀:282.3530460473711, プラチナ:8546.65673848764
H14に実行日 2025/11/21 を更新しました
H16に実行日 2025/11/21 を更新しました
家計資産シートの実行日更新が完了しました（書式保持）。
[2025/11/21  3:30:10.88] Price update completed successfully 
[2025/11/22  4:35:28.84] Starting price update (PowerShell version)... 
[2025/11/22  4:35:37.37] PowerShell execution completed 
[2025/11/23  4:13:42.88] Starting price update (PowerShell version)... 
[2025/11/23  4:13:52.21] PowerShell execution completed 
[2025/11/24  3:30:03.49] Starting price update with correct Python path... 
[2025/11/24  3:30:03.55] Using Python from Anaconda maki2 environment 
2025-11-24 03:30:09,751 - INFO - === 価格データの自動更新を開始 ===
2025-11-24 03:30:09,760 - INFO - --- 仮想通貨価格の更新 ---
2025-11-24 03:30:10,348 - INFO - 仮想通貨価格の更新が完了しました
2025-11-24 03:30:10,348 - INFO - --- 貴金属価格の更新 ---
2025-11-24 03:30:11,790 - INFO - 貴金属価格の更新が完了しました
2025-11-24 03:30:11,791 - INFO - --- 実行日の更新 ---
2025-11-24 03:30:11,957 - INFO - 実行日の更新が完了しました
2025-11-24 03:30:11,957 - INFO - === 更新完了: 3/3 タスクが成功 ===
2025-11-24 03:30:11,957 - INFO - 全ての更新が正常に完了しました
指定されたファイルが見つかりません: MyWork/datasets/maki_250630.xlsx
代替パスを検索中...
ファイルを発見: .\datasets\maki_250630.xlsx
J29（ビットコイン価格）を 1360.70万円 に更新しました
J30（イーサリウム価格）を 43.91万円 に更新しました
ファイル '.\datasets\maki_250630.xlsx' の更新が完了しました（書式保持）。
デバッグ: Excelファイルパス = .\datasets\maki_250630.xlsx
デバッグ: 貴金属価格を取得中...
デバッグ: 取得した価格 = {'gold': 22528.412483394684, 'silver': 277.0594765520728, 'platinum': 8404.022046208358}
デバッグ: Excelファイルを読み込み中...
デバッグ: 利用可能なシート名 = ['ストック', '家計資産', 'calc', 'フロー', '口座', '2nd2', 'Tips', '損益通算', '図', '給与', '2nd']
デバッグ: 'ストック'シートを取得しました
デバッグ: 更新前の値を確認...
デバッグ: 更新前 - 金:22609.92531212252, 銀:281.5838618863227, プラチナ:8415.39972280184
デバッグ: 更新後の値を確認...
デバッグ: 更新後 - 金:22528.412483394684, 銀:277.0594765520728, プラチナ:8404.022046208358
R30（金買取価格）を 22528.41円/g に更新しました
R31（銀買取価格）を 277.06円/g に更新しました
R32（プラチナ買取価格）を 8404.02円/g に更新しました
デバッグ: ファイルを保存中...
ストックシートの貴金属価格更新が完了しました（書式保持）。
デバッグ: 保存後の確認...
デバッグ: 保存後確認 - 金:22528.41248339468, 銀:277.0594765520728, プラチナ:8404.022046208358
H14に実行日 2025/11/24 を更新しました
H16に実行日 2025/11/24 を更新しました
家計資産シートの実行日更新が完了しました（書式保持）。
[2025/11/24  3:30:12.04] Price update completed successfully 
[2025/11/25  3:30:03.92] Starting price update with correct Python path... 
[2025/11/25  3:30:03.97] Using Python from Anaconda maki2 environment 
2025-11-25 03:30:09,009 - INFO - === 価格データの自動更新を開始 ===
2025-11-25 03:30:09,017 - INFO - --- 仮想通貨価格の更新 ---
2025-11-25 03:30:13,641 - INFO - 仮想通貨価格の更新が完了しました
2025-11-25 03:30:13,641 - INFO - --- 貴金属価格の更新 ---
2025-11-25 03:30:15,079 - INFO - 貴金属価格の更新が完了しました
2025-11-25 03:30:15,081 - INFO - --- 実行日の更新 ---
2025-11-25 03:30:15,245 - INFO - 実行日の更新が完了しました
2025-11-25 03:30:15,245 - INFO - === 更新完了: 3/3 タスクが成功 ===
2025-11-25 03:30:15,247 - INFO - 全ての更新が正常に完了しました
指定されたファイルが見つかりません: MyWork/datasets/maki_250630.xlsx
代替パスを検索中...
ファイルを発見: .\datasets\maki_250630.xlsx
J29（ビットコイン価格）を 1385.54万円 に更新しました
J30（イーサリウム価格）を 46.10万円 に更新しました
ファイル '.\datasets\maki_250630.xlsx' の更新が完了しました（書式保持）。
デバッグ: Excelファイルパス = .\datasets\maki_250630.xlsx
デバッグ: 貴金属価格を取得中...
デバッグ: 取得した価格 = {'gold': 22492.348792581128, 'silver': 276.65775991804685, 'platinum': 8390.115186916008}
デバッグ: Excelファイルを読み込み中...
デバッグ: 利用可能なシート名 = ['ストック', '家計資産', 'calc', 'フロー', '口座', '2nd2', 'Tips', '損益通算', '図', '給与', '2nd']
デバッグ: 'ストック'シートを取得しました
デバッグ: 更新前の値を確認...
デバッグ: 更新前 - 金:22528.41248339468, 銀:277.0594765520728, プラチナ:8404.022046208358
デバッグ: 更新後の値を確認...
デバッグ: 更新後 - 金:22492.348792581128, 銀:276.65775991804685, プラチナ:8390.115186916008
R30（金買取価格）を 22492.35円/g に更新しました
R31（銀買取価格）を 276.66円/g に更新しました
R32（プラチナ買取価格）を 8390.12円/g に更新しました
デバッグ: ファイルを保存中...
ストックシートの貴金属価格更新が完了しました（書式保持）。
デバッグ: 保存後の確認...
デバッグ: 保存後確認 - 金:22492.34879258113, 銀:276.6577599180468, プラチナ:8390.115186916008
H14に実行日 2025/11/25 を更新しました
H16に実行日 2025/11/25 を更新しました
家計資産シートの実行日更新が完了しました（書式保持）。
[2025/11/25  3:30:15.35] Price update completed successfully 
[2025/11/26  3:30:03.76] Starting price update with correct Python path... 
[2025/11/26  3:30:03.80] Using Python from Anaconda maki2 environment 
2025-11-26 03:30:09,572 - INFO - === 価格データの自動更新を開始 ===
2025-11-26 03:30:09,579 - INFO - --- 仮想通貨価格の更新 ---
2025-11-26 03:30:14,271 - INFO - 仮想通貨価格の更新が完了しました
2025-11-26 03:30:14,271 - INFO - --- 貴金属価格の更新 ---
2025-11-26 03:30:15,886 - INFO - 貴金属価格の更新が完了しました
2025-11-26 03:30:15,888 - INFO - --- 実行日の更新 ---
2025-11-26 03:30:16,043 - INFO - 実行日の更新が完了しました
2025-11-26 03:30:16,043 - INFO - === 更新完了: 3/3 タスクが成功 ===
2025-11-26 03:30:16,043 - INFO - 全ての更新が正常に完了しました
指定されたファイルが見つかりません: MyWork/datasets/maki_250630.xlsx
代替パスを検索中...
ファイルを発見: .\datasets\maki_250630.xlsx
J29（ビットコイン価格）を 1365.47万円 に更新しました
J30（イーサリウム価格）を 45.94万円 に更新しました
ファイル '.\datasets\maki_250630.xlsx' の更新が完了しました（書式保持）。
デバッグ: Excelファイルパス = .\datasets\maki_250630.xlsx
デバッグ: 貴金属価格を取得中...
デバッグ: 取得した価格 = {'gold': 22309.63946530182, 'silver': 274.70307307453567, 'platinum': 8408.819380958166}
デバッグ: Excelファイルを読み込み中...
デバッグ: 利用可能なシート名 = ['ストック', '家計資産', 'calc', 'フロー', '口座', '2nd2', 'Tips', '損益通算', '図', '給与', '2nd']
デバッグ: 'ストック'シートを取得しました
デバッグ: 更新前の値を確認...
デバッグ: 更新前 - 金:22492.34879258113, 銀:276.6577599180468, プラチナ:8390.115186916008
デバッグ: 更新後の値を確認...
デバッグ: 更新後 - 金:22309.63946530182, 銀:274.70307307453567, プラチナ:8408.819380958166
R30（金買取価格）を 22309.64円/g に更新しました
R31（銀買取価格）を 274.70円/g に更新しました
R32（プラチナ買取価格）を 8408.82円/g に更新しました
デバッグ: ファイルを保存中...
ストックシートの貴金属価格更新が完了しました（書式保持）。
デバッグ: 保存後の確認...
デバッグ: 保存後確認 - 金:22309.63946530182, 銀:274.7030730745357, プラチナ:8408.819380958166
H14に実行日 2025/11/26 を更新しました
H16に実行日 2025/11/26 を更新しました
家計資産シートの実行日更新が完了しました（書式保持）。
[2025/11/26  3:30:16.13] Price update completed successfully 
[2025/11/27  3:30:04.45] Starting price update with correct Python path... 
[2025/11/27  3:30:04.49] Using Python from Anaconda maki2 environment 
2025-11-27 03:30:10,461 - INFO - === 価格データの自動更新を開始 ===
2025-11-27 03:30:10,467 - INFO - --- 仮想通貨価格の更新 ---
2025-11-27 03:30:11,050 - INFO - 仮想通貨価格の更新が完了しました
2025-11-27 03:30:11,050 - INFO - --- 貴金属価格の更新 ---
2025-11-27 03:30:12,532 - INFO - 貴金属価格の更新が完了しました
2025-11-27 03:30:12,533 - INFO - --- 実行日の更新 ---
2025-11-27 03:30:12,712 - INFO - 実行日の更新が完了しました
2025-11-27 03:30:12,712 - INFO - === 更新完了: 3/3 タスクが成功 ===
2025-11-27 03:30:12,713 - INFO - 全ての更新が正常に完了しました
指定されたファイルが見つかりません: MyWork/datasets/maki_250630.xlsx
代替パスを検索中...
ファイルを発見: .\datasets\maki_250630.xlsx
J29（ビットコイン価格）を 1411.88万円 に更新しました
J30（イーサリウム価格）を 47.49万円 に更新しました
ファイル '.\datasets\maki_250630.xlsx' の更新が完了しました（書式保持）。
デバッグ: Excelファイルパス = .\datasets\maki_250630.xlsx
デバッグ: 貴金属価格を取得中...
デバッグ: 取得した価格 = {'gold': 22775.423902335664, 'silver': 282.17705732277454, 'platinum': 8549.10439056073}
デバッグ: Excelファイルを読み込み中...
デバッグ: 利用可能なシート名 = ['ストック', '家計資産', 'calc', 'フロー', '口座', '2nd2', 'Tips', '損益通算', '図', '給与', '2nd']
デバッグ: 'ストック'シートを取得しました
デバッグ: 更新前の値を確認...
デバッグ: 更新前 - 金:22309.63946530182, 銀:274.7030730745357, プラチナ:8408.819380958166
デバッグ: 更新後の値を確認...
デバッグ: 更新後 - 金:22775.423902335664, 銀:282.17705732277454, プラチナ:8549.10439056073
R30（金買取価格）を 22775.42円/g に更新しました
R31（銀買取価格）を 282.18円/g に更新しました
R32（プラチナ買取価格）を 8549.10円/g に更新しました
デバッグ: ファイルを保存中...
ストックシートの貴金属価格更新が完了しました（書式保持）。
デバッグ: 保存後の確認...
デバッグ: 保存後確認 - 金:22775.42390233566, 銀:282.1770573227745, プラチナ:8549.10439056073
H14に実行日 2025/11/27 を更新しました
H16に実行日 2025/11/27 を更新しました
家計資産シートの実行日更新が完了しました（書式保持）。
[2025/11/27  3:30:12.79] Price update completed successfully 
[2025/11/28  4:09:21.76] Starting price update with correct Python path... 
[2025/11/28  4:09:21.78] Using Python from Anaconda maki2 environment 
2025-11-28 04:09:28,101 - INFO - === 価格データの自動更新を開始 ===
2025-11-28 04:09:28,113 - INFO - --- 仮想通貨価格の更新 ---
2025-11-28 04:09:28,743 - INFO - 仮想通貨価格の更新が完了しました
2025-11-28 04:09:28,746 - INFO - --- 貴金属価格の更新 ---
2025-11-28 04:09:30,446 - INFO - 貴金属価格の更新が完了しました
2025-11-28 04:09:30,446 - INFO - --- 実行日の更新 ---
2025-11-28 04:09:30,667 - INFO - 実行日の更新が完了しました
2025-11-28 04:09:30,671 - INFO - === 更新完了: 3/3 タスクが成功 ===
2025-11-28 04:09:30,671 - INFO - 全ての更新が正常に完了しました
指定されたファイルが見つかりません: MyWork/datasets/maki_250630.xlsx
代替パスを検索中...
ファイルを発見: .\datasets\maki_250630.xlsx
J29（ビットコイン価格）を 1431.82万円 に更新しました
J30（イーサリウム価格）を 47.39万円 に更新しました
ファイル '.\datasets\maki_250630.xlsx' の更新が完了しました（書式保持）。
デバッグ: Excelファイルパス = .\datasets\maki_250630.xlsx
デバッグ: 貴金属価格を取得中...
デバッグ: 取得した価格 = {'gold': 22837.66013473124, 'silver': 284.0894070330952, 'platinum': 8539.59020997176}
デバッグ: Excelファイルを読み込み中...
デバッグ: 利用可能なシート名 = ['ストック', '家計資産', 'calc', 'フロー', '口座', '2nd2', 'Tips', '損益通算', '図', '給与', '2nd']
デバッグ: 'ストック'シートを取得しました
デバッグ: 更新前の値を確認...
デバッグ: 更新前 - 金:22775.42390233566, 銀:282.1770573227745, プラチナ:8549.10439056073
デバッグ: 更新後の値を確認...
デバッグ: 更新後 - 金:22837.66013473124, 銀:284.0894070330952, プラチナ:8539.59020997176
R30（金買取価格）を 22837.66円/g に更新しました
R31（銀買取価格）を 284.09円/g に更新しました
R32（プラチナ買取価格）を 8539.59円/g に更新しました
デバッグ: ファイルを保存中...
ストックシートの貴金属価格更新が完了しました（書式保持）。
デバッグ: 保存後の確認...
デバッグ: 保存後確認 - 金:22837.66013473124, 銀:284.0894070330952, プラチナ:8539.59020997176
H14に実行日 2025/11/28 を更新しました
H16に実行日 2025/11/28 を更新しました
家計資産シートの実行日更新が完了しました（書式保持）。
[2025/11/28  4:09:30.78] Price update completed successfully 
[2025/11/29  3:30:02.82] Starting price update with correct Python path... 
[2025/11/29  3:30:02.89] Using Python from Anaconda maki2 environment 
2025-11-29 03:30:08,355 - INFO - === 価格データの自動更新を開始 ===
2025-11-29 03:30:08,366 - INFO - --- 仮想通貨価格の更新 ---
2025-11-29 03:30:09,002 - INFO - 仮想通貨価格の更新が完了しました
2025-11-29 03:30:09,002 - INFO - --- 貴金属価格の更新 ---
2025-11-29 03:30:10,583 - INFO - 貴金属価格の更新が完了しました
2025-11-29 03:30:10,585 - INFO - --- 実行日の更新 ---
2025-11-29 03:30:10,754 - INFO - 実行日の更新が完了しました
2025-11-29 03:30:10,754 - INFO - === 更新完了: 3/3 タスクが成功 ===
2025-11-29 03:30:10,755 - INFO - 全ての更新が正常に完了しました
指定されたファイルが見つかりません: MyWork/datasets/maki_250630.xlsx
代替パスを検索中...
ファイルを発見: .\datasets\maki_250630.xlsx
J29（ビットコイン価格）を 1417.67万円 に更新しました
J30（イーサリウム価格）を 47.42万円 に更新しました
ファイル '.\datasets\maki_250630.xlsx' の更新が完了しました（書式保持）。
デバッグ: Excelファイルパス = .\datasets\maki_250630.xlsx
デバッグ: 貴金属価格を取得中...
デバッグ: 取得した価格 = {'gold': 22900.023010900717, 'silver': 292.59023896908394, 'platinum': 8915.43179778271}
デバッグ: Excelファイルを読み込み中...
デバッグ: 利用可能なシート名 = ['ストック', '家計資産', 'calc', 'フロー', '口座', '2nd2', 'Tips', '損益通算', '図', '給与', '2nd']
デバッグ: 'ストック'シートを取得しました
デバッグ: 更新前の値を確認...
デバッグ: 更新前 - 金:22837.66013473124, 銀:284.0894070330952, プラチナ:8539.59020997176
デバッグ: 更新後の値を確認...
デバッグ: 更新後 - 金:22900.023010900717, 銀:292.59023896908394, プラチナ:8915.43179778271
R30（金買取価格）を 22900.02円/g に更新しました
R31（銀買取価格）を 292.59円/g に更新しました
R32（プラチナ買取価格）を 8915.43円/g に更新しました
デバッグ: ファイルを保存中...
ストックシートの貴金属価格更新が完了しました（書式保持）。
デバッグ: 保存後の確認...
デバッグ: 保存後確認 - 金:22900.02301090072, 銀:292.5902389690839, プラチナ:8915.43179778271
H14に実行日 2025/11/29 を更新しました
H16に実行日 2025/11/29 を更新しました
家計資産シートの実行日更新が完了しました（書式保持）。
[2025/11/29  3:30:10.83] Price update completed successfully 
[2025/11/30  5:53:43.51] Starting price update with correct Python path... 
[2025/11/30  5:53:43.55] Using Python from Anaconda maki2 environment 
2025-11-30 05:53:50,287 - INFO - === 価格データの自動更新を開始 ===
2025-11-30 05:53:50,300 - INFO - --- 仮想通貨価格の更新 ---
2025-11-30 05:53:50,924 - INFO - 仮想通貨価格の更新が完了しました
2025-11-30 05:53:50,924 - INFO - --- 貴金属価格の更新 ---
2025-11-30 05:53:52,666 - INFO - 貴金属価格の更新が完了しました
2025-11-30 05:53:52,670 - INFO - --- 実行日の更新 ---
2025-11-30 05:53:52,932 - INFO - 実行日の更新が完了しました
2025-11-30 05:53:52,932 - INFO - === 更新完了: 3/3 タスクが成功 ===
2025-11-30 05:53:52,932 - INFO - 全ての更新が正常に完了しました
指定されたファイルが見つかりません: MyWork/datasets/maki_250630.xlsx
代替パスを検索中...
ファイルを発見: .\datasets\maki_250630.xlsx
J29（ビットコイン価格）を 1420.29万円 に更新しました
J30（イーサリウム価格）を 46.76万円 に更新しました
ファイル '.\datasets\maki_250630.xlsx' の更新が完了しました（書式保持）。
デバッグ: Excelファイルパス = .\datasets\maki_250630.xlsx
デバッグ: 貴金属価格を取得中...
デバッグ: 取得した価格 = {'gold': 23021.36162830842, 'silver': 296.1635634471788, 'platinum': 8981.704814418013}
デバッグ: Excelファイルを読み込み中...
デバッグ: 利用可能なシート名 = ['ストック', '家計資産', 'calc', 'フロー', '口座', '2nd2', 'Tips', '損益通算', '図', '給与', '2nd']
デバッグ: 'ストック'シートを取得しました
デバッグ: 更新前の値を確認...
デバッグ: 更新前 - 金:22900.02301090072, 銀:292.5902389690839, プラチナ:8915.43179778271
デバッグ: 更新後の値を確認...
デバッグ: 更新後 - 金:23021.36162830842, 銀:296.1635634471788, プラチナ:8981.704814418013
R30（金買取価格）を 23021.36円/g に更新しました
R31（銀買取価格）を 296.16円/g に更新しました
R32（プラチナ買取価格）を 8981.70円/g に更新しました
デバッグ: ファイルを保存中...
ストックシートの貴金属価格更新が完了しました（書式保持）。
デバッグ: 保存後の確認...
デバッグ: 保存後確認 - 金:23021.36162830842, 銀:296.1635634471788, プラチナ:8981.704814418013
H14に実行日 2025/11/30 を更新しました
H16に実行日 2025/11/30 を更新しました
家計資産シートの実行日更新が完了しました（書式保持）。
[2025/11/30  5:53:53.06] Price update completed successfully 
[2025/12/01  3:36:36.78] Starting price update with correct Python path... 
[2025/12/01  3:36:36.81] Using Python from Anaconda maki2 environment 
2025-12-01 03:36:40,042 - INFO - === 価格データの自動更新を開始 ===
2025-12-01 03:36:40,055 - INFO - --- 仮想通貨価格の更新 ---
2025-12-01 03:36:40,567 - INFO - 仮想通貨価格の更新が完了しました
2025-12-01 03:36:40,571 - INFO - --- 貴金属価格の更新 ---
2025-12-01 03:36:42,204 - INFO - 貴金属価格の更新が完了しました
2025-12-01 03:36:42,205 - INFO - --- 実行日の更新 ---
2025-12-01 03:36:42,438 - INFO - 実行日の更新が完了しました
2025-12-01 03:36:42,438 - INFO - === 更新完了: 3/3 タスクが成功 ===
2025-12-01 03:36:42,438 - INFO - 全ての更新が正常に完了しました
指定されたファイルが見つかりません: MyWork/datasets/maki_250630.xlsx
代替パスを検索中...
ファイルを発見: .\datasets\maki_250630.xlsx
J29（ビットコイン価格）を 1427.98万円 に更新しました
J30（イーサリウム価格）を 47.40万円 に更新しました
ファイル '.\datasets\maki_250630.xlsx' の更新が完了しました（書式保持）。
デバッグ: Excelファイルパス = .\datasets\maki_250630.xlsx
デバッグ: 貴金属価格を取得中...
デバッグ: 取得した価格 = {'gold': 23229.189359962966, 'silver': 310.5146948613577, 'platinum': 9222.954469411763}
デバッグ: Excelファイルを読み込み中...
デバッグ: 利用可能なシート名 = ['ストック', '家計資産', 'calc', 'フロー', '口座', '2nd2', 'Tips', '損益通算', '図', '給与', '2nd']
デバッグ: 'ストック'シートを取得しました
デバッグ: 更新前の値を確認...
デバッグ: 更新前 - 金:23021.36162830842, 銀:296.1635634471788, プラチナ:8981.704814418013
デバッグ: 更新後の値を確認...
デバッグ: 更新後 - 金:23229.189359962966, 銀:310.5146948613577, プラチナ:9222.954469411763
R30（金買取価格）を 23229.19円/g に更新しました
R31（銀買取価格）を 310.51円/g に更新しました
R32（プラチナ買取価格）を 9222.95円/g に更新しました
デバッグ: ファイルを保存中...
ストックシートの貴金属価格更新が完了しました（書式保持）。
デバッグ: 保存後の確認...
デバッグ: 保存後確認 - 金:23229.18935996297, 銀:310.5146948613577, プラチナ:9222.954469411763
H14に実行日 2025/12/01 を更新しました
H16に実行日 2025/12/01 を更新しました
家計資産シートの実行日更新が完了しました（書式保持）。
[2025/12/01  3:36:42.55] Price update completed successfully 
[2025/12/02  3:42:30.87] Starting price update (PowerShell version)... 
[2025/12/02  3:42:41.67] PowerShell execution completed 
[2025/12/03  3:46:44.06] Starting price update with correct Python path... 
[2025/12/03  3:46:44.09] Using Python from Anaconda maki2 environment 
2025-12-03 03:46:57,197 - INFO - === 価格データの自動更新を開始 ===
2025-12-03 03:46:57,222 - INFO - --- 仮想通貨価格の更新 ---
2025-12-03 03:46:57,935 - INFO - 仮想通貨価格の更新が完了しました
2025-12-03 03:46:57,935 - INFO - --- 貴金属価格の更新 ---
2025-12-03 03:46:59,801 - INFO - 貴金属価格の更新が完了しました
2025-12-03 03:46:59,801 - INFO - --- 実行日の更新 ---
2025-12-03 03:47:00,163 - INFO - 実行日の更新が完了しました
2025-12-03 03:47:00,163 - INFO - === 更新完了: 3/3 タスクが成功 ===
2025-12-03 03:47:00,167 - INFO - 全ての更新が正常に完了しました
指定されたファイルが見つかりません: MyWork/datasets/maki_250630.xlsx
代替パスを検索中...
ファイルを発見: .\datasets\maki_250630.xlsx
J29（ビットコイン価格）を 1434.45万円 に更新しました
J30（イーサリウム価格）を 47.10万円 に更新しました
ファイル '.\datasets\maki_250630.xlsx' の更新が完了しました（書式保持）。
デバッグ: Excelファイルパス = .\datasets\maki_250630.xlsx
デバッグ: 貴金属価格を取得中...
デバッグ: 取得した価格 = {'gold': 23274.62596174229, 'silver': 314.57340324316135, 'platinum': 9285.92772572193}
デバッグ: Excelファイルを読み込み中...
デバッグ: 利用可能なシート名 = ['ストック', '家計資産', 'calc', 'フロー', '口座', '2nd2', 'Tips', '損益通算', '図', '給与', '2nd']
デバッグ: 'ストック'シートを取得しました
デバッグ: 更新前の値を確認...
デバッグ: 更新前 - 金:23155.9708848386, 銀:309.2127929942429, プラチナ:9185.179158630175
デバッグ: 更新後の値を確認...
デバッグ: 更新後 - 金:23274.62596174229, 銀:314.57340324316135, プラチナ:9285.92772572193
R30（金買取価格）を 23274.63円/g に更新しました
R31（銀買取価格）を 314.57円/g に更新しました
R32（プラチナ買取価格）を 9285.93円/g に更新しました
デバッグ: ファイルを保存中...
ストックシートの貴金属価格更新が完了しました（書式保持）。
デバッグ: 保存後の確認...
デバッグ: 保存後確認 - 金:23274.62596174229, 銀:314.5734032431614, プラチナ:9285.92772572193
H14に実行日 2025/12/03 を更新しました
H16に実行日 2025/12/03 を更新しました
家計資産シートの実行日更新が完了しました（書式保持）。
[2025/12/03  3:47:00.36] Price update completed successfully 
[2025/12/04  4:18:47.69] Starting price update with correct Python path... 
[2025/12/04  4:18:47.71] Using Python from Anaconda maki2 environment 
2025-12-04 04:18:51,033 - INFO - === 価格データの自動更新を開始 ===
2025-12-04 04:18:51,047 - INFO - --- 仮想通貨価格の更新 ---
2025-12-04 04:18:52,031 - INFO - 仮想通貨価格の更新が完了しました
2025-12-04 04:18:52,031 - INFO - --- 貴金属価格の更新 ---
2025-12-04 04:18:53,822 - INFO - 貴金属価格の更新が完了しました
2025-12-04 04:18:53,822 - INFO - --- 実行日の更新 ---
2025-12-04 04:18:54,144 - INFO - 実行日の更新が完了しました
2025-12-04 04:18:54,144 - INFO - === 更新完了: 3/3 タスクが成功 ===
2025-12-04 04:18:54,144 - INFO - 全ての更新が正常に完了しました
指定されたファイルが見つかりません: MyWork/datasets/maki_250630.xlsx
代替パスを検索中...
ファイルを発見: .\datasets\maki_250630.xlsx
J29（ビットコイン価格）を 1436.23万円 に更新しました
J30（イーサリウム価格）を 48.34万円 に更新しました
ファイル '.\datasets\maki_250630.xlsx' の更新が完了しました（書式保持）。
デバッグ: Excelファイルパス = .\datasets\maki_250630.xlsx
デバッグ: 貴金属価格を取得中...
デバッグ: 取得した価格 = {'gold': 22990.731758225706, 'silver': 310.79124340469576, 'platinum': 9089.950433323258}
デバッグ: Excelファイルを読み込み中...
デバッグ: 利用可能なシート名 = ['ストック', '家計資産', 'calc', 'フロー', '口座', '2nd2', 'Tips', '損益通算', '図', '給与', '2nd']
デバッグ: 'ストック'シートを取得しました
デバッグ: 更新前の値を確認...
デバッグ: 更新前 - 金:23274.62596174229, 銀:314.5734032431614, プラチナ:9285.92772572193
デバッグ: 更新後の値を確認...
デバッグ: 更新後 - 金:22990.731758225706, 銀:310.79124340469576, プラチナ:9089.950433323258
R30（金買取価格）を 22990.73円/g に更新しました
R31（銀買取価格）を 310.79円/g に更新しました
R32（プラチナ買取価格）を 9089.95円/g に更新しました
デバッグ: ファイルを保存中...
ストックシートの貴金属価格更新が完了しました（書式保持）。
デバッグ: 保存後の確認...
デバッグ: 保存後確認 - 金:22990.73175822571, 銀:310.7912434046958, プラチナ:9089.950433323258
H14に実行日 2025/12/04 を更新しました
H16に実行日 2025/12/04 を更新しました
家計資産シートの実行日更新が完了しました（書式保持）。
[2025/12/04  4:18:54.27] Price update completed successfully 
[2025/12/05  3:30:02.73] Starting price update with correct Python path... 
[2025/12/05  3:30:02.78] Using Python from Anaconda maki2 environment 
2025-12-05 03:30:07,587 - INFO - === 価格データの自動更新を開始 ===
2025-12-05 03:30:07,612 - INFO - --- 仮想通貨価格の更新 ---
2025-12-05 03:30:08,237 - INFO - 仮想通貨価格の更新が完了しました
2025-12-05 03:30:08,237 - INFO - --- 貴金属価格の更新 ---
2025-12-05 03:30:10,008 - INFO - 貴金属価格の更新が完了しました
2025-12-05 03:30:10,008 - INFO - --- 実行日の更新 ---
2025-12-05 03:30:10,253 - INFO - 実行日の更新が完了しました
2025-12-05 03:30:10,253 - INFO - === 更新完了: 3/3 タスクが成功 ===
2025-12-05 03:30:10,253 - INFO - 全ての更新が正常に完了しました
指定されたファイルが見つかりません: MyWork/datasets/maki_250630.xlsx
代替パスを検索中...
ファイルを発見: .\datasets\maki_250630.xlsx
J29（ビットコイン価格）を 1432.58万円 に更新しました
J30（イーサリウム価格）を 48.93万円 に更新しました
ファイル '.\datasets\maki_250630.xlsx' の更新が完了しました（書式保持）。
デバッグ: Excelファイルパス = .\datasets\maki_250630.xlsx
デバッグ: 貴金属価格を取得中...
デバッグ: 取得した価格 = {'gold': 23041.715745766513, 'silver': 318.3661913436779, 'platinum': 9028.56875007284}
デバッグ: Excelファイルを読み込み中...
デバッグ: 利用可能なシート名 = ['ストック', '家計資産', 'calc', 'フロー', '口座', '2nd2', 'Tips', '損益通算', '図', '給与', '2nd']
デバッグ: 'ストック'シートを取得しました
デバッグ: 更新前の値を確認...
デバッグ: 更新前 - 金:22990.73175822571, 銀:310.7912434046958, プラチナ:9089.950433323258
デバッグ: 更新後の値を確認...
デバッグ: 更新後 - 金:23041.715745766513, 銀:318.3661913436779, プラチナ:9028.56875007284
R30（金買取価格）を 23041.72円/g に更新しました
R31（銀買取価格）を 318.37円/g に更新しました
R32（プラチナ買取価格）を 9028.57円/g に更新しました
デバッグ: ファイルを保存中...
ストックシートの貴金属価格更新が完了しました（書式保持）。
デバッグ: 保存後の確認...
デバッグ: 保存後確認 - 金:23041.71574576651, 銀:318.3661913436779, プラチナ:9028.56875007284
H14に実行日 2025/12/05 を更新しました
H16に実行日 2025/12/05 を更新しました
家計資産シートの実行日更新が完了しました（書式保持）。
[2025/12/05  3:30:10.36] Price update completed successfully 
[2025/12/06  3:30:04.10] Starting price update with correct Python path... 
[2025/12/06  3:30:04.12] Using Python from Anaconda maki2 environment 
2025-12-06 03:30:09,438 - INFO - === 価格データの自動更新を開始 ===
2025-12-06 03:30:09,458 - INFO - --- 仮想通貨価格の更新 ---
2025-12-06 03:30:10,160 - INFO - 仮想通貨価格の更新が完了しました
2025-12-06 03:30:10,161 - INFO - --- 貴金属価格の更新 ---
2025-12-06 03:30:11,815 - INFO - 貴金属価格の更新が完了しました
2025-12-06 03:30:11,817 - INFO - --- 実行日の更新 ---
2025-12-06 03:30:12,081 - INFO - 実行日の更新が完了しました
2025-12-06 03:30:12,083 - INFO - === 更新完了: 3/3 タスクが成功 ===
2025-12-06 03:30:12,084 - INFO - 全ての更新が正常に完了しました
指定されたファイルが見つかりません: MyWork/datasets/maki_250630.xlsx
代替パスを検索中...
ファイルを発見: .\datasets\maki_250630.xlsx
J29（ビットコイン価格）を 1388.05万円 に更新しました
J30（イーサリウム価格）を 47.00万円 に更新しました
ファイル '.\datasets\maki_250630.xlsx' の更新が完了しました（書式保持）。
デバッグ: Excelファイルパス = .\datasets\maki_250630.xlsx
デバッグ: 貴金属価格を取得中...
デバッグ: 取得した価格 = {'gold': 23076.271601966622, 'silver': 320.62562754541125, 'platinum': 9142.340128247606}
デバッグ: Excelファイルを読み込み中...
デバッグ: 利用可能なシート名 = ['ストック', '家計資産', 'calc', 'フロー', '口座', '2nd2', 'Tips', '損益通算', '図', '給与', '2nd']
デバッグ: 'ストック'シートを取得しました
デバッグ: 更新前の値を確認...
デバッグ: 更新前 - 金:23041.71574576651, 銀:318.3661913436779, プラチナ:9028.56875007284
デバッグ: 更新後の値を確認...
デバッグ: 更新後 - 金:23076.271601966622, 銀:320.62562754541125, プラチナ:9142.340128247606
R30（金買取価格）を 23076.27円/g に更新しました
R31（銀買取価格）を 320.63円/g に更新しました
R32（プラチナ買取価格）を 9142.34円/g に更新しました
デバッグ: ファイルを保存中...
ストックシートの貴金属価格更新が完了しました（書式保持）。
デバッグ: 保存後の確認...
デバッグ: 保存後確認 - 金:23076.27160196662, 銀:320.6256275454112, プラチナ:9142.340128247606
H14に実行日 2025/12/06 を更新しました
H16に実行日 2025/12/06 を更新しました
家計資産シートの実行日更新が完了しました（書式保持）。
[2025/12/06  3:30:12.18] Price update completed successfully 
[2025/12/07  3:30:04.13] Starting price update with correct Python path... 
[2025/12/07  3:30:04.19] Using Python from Anaconda maki2 environment 
2025-12-07 03:30:10,360 - INFO - === 価格データの自動更新を開始 ===
2025-12-07 03:30:10,380 - INFO - --- 仮想通貨価格の更新 ---
2025-12-07 03:30:11,204 - INFO - 仮想通貨価格の更新が完了しました
2025-12-07 03:30:11,206 - INFO - --- 貴金属価格の更新 ---
2025-12-07 03:30:12,913 - INFO - 貴金属価格の更新が完了しました
2025-12-07 03:30:12,916 - INFO - --- 実行日の更新 ---
2025-12-07 03:30:13,212 - INFO - 実行日の更新が完了しました
2025-12-07 03:30:13,214 - INFO - === 更新完了: 3/3 タスクが成功 ===
2025-12-07 03:30:13,216 - INFO - 全ての更新が正常に完了しました
指定されたファイルが見つかりません: MyWork/datasets/maki_250630.xlsx
代替パスを検索中...
ファイルを発見: .\datasets\maki_250630.xlsx
J29（ビットコイン価格）を 1394.73万円 に更新しました
J30（イーサリウム価格）を 47.44万円 に更新しました
ファイル '.\datasets\maki_250630.xlsx' の更新が完了しました（書式保持）。
デバッグ: Excelファイルパス = .\datasets\maki_250630.xlsx
デバッグ: 貴金属価格を取得中...
デバッグ: 取得した価格 = {'gold': 22998.352981300446, 'silver': 312.31419627492915, 'platinum': 9044.669938557023}
デバッグ: Excelファイルを読み込み中...
デバッグ: 利用可能なシート名 = ['ストック', '家計資産', 'calc', 'フロー', '口座', '2nd2', 'Tips', '損益通算', '図', '給与', '2nd']
デバッグ: 'ストック'シートを取得しました
デバッグ: 更新前の値を確認...
デバッグ: 更新前 - 金:23076.27160196662, 銀:320.6256275454112, プラチナ:9142.340128247606
デバッグ: 更新後の値を確認...
デバッグ: 更新後 - 金:22998.352981300446, 銀:312.31419627492915, プラチナ:9044.669938557023
R30（金買取価格）を 22998.35円/g に更新しました
R31（銀買取価格）を 312.31円/g に更新しました
R32（プラチナ買取価格）を 9044.67円/g に更新しました
デバッグ: ファイルを保存中...
ストックシートの貴金属価格更新が完了しました（書式保持）。
デバッグ: 保存後の確認...
デバッグ: 保存後確認 - 金:22998.35298130045, 銀:312.3141962749291, プラチナ:9044.669938557023
H14に実行日 2025/12/07 を更新しました
H16に実行日 2025/12/07 を更新しました
家計資産シートの実行日更新が完了しました（書式保持）。
[2025/12/07  3:30:13.33] Price update completed successfully 
[2025/12/08  4:53:50.71] Starting price update (PowerShell version)... 
[2025/12/08  4:53:58.37] PowerShell execution completed 
[2025/12/09  3:37:20.40] Starting price update (PowerShell version)... 
[2025/12/09  3:37:28.31] PowerShell execution completed 
[2025/12/10  3:30:02.36] Starting price update with correct Python path... 
[2025/12/10  3:30:02.42] Using Python from Anaconda maki2 environment 
2025-12-10 03:30:07,417 - INFO - === 価格データの自動更新を開始 ===
2025-12-10 03:30:07,433 - INFO - --- 仮想通貨価格の更新 ---
2025-12-10 03:30:07,992 - INFO - 仮想通貨価格の更新が完了しました
2025-12-10 03:30:07,992 - INFO - --- 貴金属価格の更新 ---
2025-12-10 03:30:09,854 - INFO - 貴金属価格の更新が完了しました
2025-12-10 03:30:09,854 - INFO - --- 実行日の更新 ---
2025-12-10 03:30:10,100 - INFO - 実行日の更新が完了しました
2025-12-10 03:30:10,100 - INFO - === 更新完了: 3/3 タスクが成功 ===
2025-12-10 03:30:10,100 - INFO - 全ての更新が正常に完了しました
指定されたファイルが見つかりません: MyWork/datasets/maki_250630.xlsx
代替パスを検索中...
ファイルを発見: .\datasets\maki_250630.xlsx
J29（ビットコイン価格）を 1477.23万円 に更新しました
J30（イーサリウム価格）を 53.11万円 に更新しました
ファイル '.\datasets\maki_250630.xlsx' の更新が完了しました（書式保持）。
デバッグ: Excelファイルパス = .\datasets\maki_250630.xlsx
デバッグ: 貴金属価格を取得中...
デバッグ: 取得した価格 = {'gold': 23270.185822549338, 'silver': 322.0612567799022, 'platinum': 9161.880554194619}
デバッグ: Excelファイルを読み込み中...
デバッグ: 利用可能なシート名 = ['ストック', '家計資産', 'calc', 'フロー', '口座', '2nd2', 'Tips', '損益通算', '図', '給与', '2nd']
デバッグ: 'ストック'シートを取得しました
デバッグ: 更新前の値を確認...
デバッグ: 更新前 - 金:23058.72811293986, 銀:320.2698185823731, プラチナ:9039.201245749435
デバッグ: 更新後の値を確認...
デバッグ: 更新後 - 金:23270.185822549338, 銀:322.0612567799022, プラチナ:9161.880554194619
R30（金買取価格）を 23270.19円/g に更新しました
R31（銀買取価格）を 322.06円/g に更新しました
R32（プラチナ買取価格）を 9161.88円/g に更新しました
デバッグ: ファイルを保存中...
ストックシートの貴金属価格更新が完了しました（書式保持）。
デバッグ: 保存後の確認...
デバッグ: 保存後確認 - 金:23270.18582254934, 銀:322.0612567799022, プラチナ:9161.880554194619
H14に実行日 2025/12/10 を更新しました
H16に実行日 2025/12/10 を更新しました
家計資産シートの実行日更新が完了しました（書式保持）。
[2025/12/10  3:30:10.20] Price update completed successfully 
[2025/12/11  5:05:09.54] Starting price update (PowerShell version)... 
[2025/12/11  5:05:17.78] PowerShell execution completed 
[2025/12/12  3:30:03.00] Starting price update with correct Python path... 
[2025/12/12  3:30:03.05] Using Python from Anaconda maki2 environment 
2025-12-12 03:30:08,688 - INFO - === 価格データの自動更新を開始 ===
2025-12-12 03:30:08,699 - INFO - --- 仮想通貨価格の更新 ---
2025-12-12 03:30:09,254 - INFO - 仮想通貨価格の更新が完了しました
2025-12-12 03:30:09,258 - INFO - --- 貴金属価格の更新 ---
2025-12-12 03:30:10,823 - INFO - 貴金属価格の更新が完了しました
2025-12-12 03:30:10,825 - INFO - --- 実行日の更新 ---
2025-12-12 03:30:10,988 - INFO - 実行日の更新が完了しました
2025-12-12 03:30:10,988 - INFO - === 更新完了: 3/3 タスクが成功 ===
2025-12-12 03:30:10,988 - INFO - 全ての更新が正常に完了しました
指定されたファイルが見つかりません: MyWork/datasets/maki_250630.xlsx
代替パスを検索中...
ファイルを発見: .\datasets\maki_250630.xlsx
J29（ビットコイン価格）を 1403.71万円 に更新しました
J30（イーサリウム価格）を 49.72万円 に更新しました
ファイル '.\datasets\maki_250630.xlsx' の更新が完了しました（書式保持）。
デバッグ: Excelファイルパス = .\datasets\maki_250630.xlsx
デバッグ: 貴金属価格を取得中...
デバッグ: 取得した価格 = {'gold': 23091.50639542426, 'silver': 334.08332630287043, 'platinum': 9217.935874030105}
デバッグ: Excelファイルを読み込み中...
デバッグ: 利用可能なシート名 = ['ストック', '家計資産', 'calc', 'フロー', '口座', '2nd2', 'Tips', '損益通算', '図', '給与', '2nd']
デバッグ: 'ストック'シートを取得しました
デバッグ: 更新前の値を確認...
デバッグ: 更新前 - 金:23116.72660022549, 銀:320.1536088230881, プラチナ:9153.180218721202
デバッグ: 更新後の値を確認...
デバッグ: 更新後 - 金:23091.50639542426, 銀:334.08332630287043, プラチナ:9217.935874030105
R30（金買取価格）を 23091.51円/g に更新しました
R31（銀買取価格）を 334.08円/g に更新しました
R32（プラチナ買取価格）を 9217.94円/g に更新しました
デバッグ: ファイルを保存中...
ストックシートの貴金属価格更新が完了しました（書式保持）。
デバッグ: 保存後の確認...
デバッグ: 保存後確認 - 金:23091.50639542426, 銀:334.0833263028704, プラチナ:9217.935874030105
H14に実行日 2025/12/12 を更新しました
H16に実行日 2025/12/12 を更新しました
家計資産シートの実行日更新が完了しました（書式保持）。
[2025/12/12  3:30:11.07] Price update completed successfully 
[2025/12/13  3:30:03.31] Starting price update with correct Python path... 
[2025/12/13  3:30:03.42] Using Python from Anaconda maki2 environment 
2025-12-13 03:30:08,039 - INFO - === 価格データの自動更新を開始 ===
2025-12-13 03:30:08,048 - INFO - --- 仮想通貨価格の更新 ---
2025-12-13 03:30:08,609 - INFO - 仮想通貨価格の更新が完了しました
2025-12-13 03:30:08,609 - INFO - --- 貴金属価格の更新 ---
2025-12-13 03:30:10,038 - INFO - 貴金属価格の更新が完了しました
2025-12-13 03:30:10,038 - INFO - --- 実行日の更新 ---
2025-12-13 03:30:10,201 - INFO - 実行日の更新が完了しました
2025-12-13 03:30:10,201 - INFO - === 更新完了: 3/3 タスクが成功 ===
2025-12-13 03:30:10,201 - INFO - 全ての更新が正常に完了しました
指定されたファイルが見つかりません: MyWork/datasets/maki_250630.xlsx
代替パスを検索中...
ファイルを発見: .\datasets\maki_250630.xlsx
J29（ビットコイン価格）を 1409.91万円 に更新しました
J30（イーサリウム価格）を 48.08万円 に更新しました
ファイル '.\datasets\maki_250630.xlsx' の更新が完了しました（書式保持）。
デバッグ: Excelファイルパス = .\datasets\maki_250630.xlsx
デバッグ: 貴金属価格を取得中...
デバッグ: 取得した価格 = {'gold': 23307.905508347303, 'silver': 344.20385271187655, 'platinum': 9207.091259480332}
デバッグ: Excelファイルを読み込み中...
デバッグ: 利用可能なシート名 = ['ストック', '家計資産', 'calc', 'フロー', '口座', '2nd2', 'Tips', '損益通算', '図', '給与', '2nd']
デバッグ: 'ストック'シートを取得しました
デバッグ: 更新前の値を確認...
デバッグ: 更新前 - 金:23091.50639542426, 銀:334.0833263028704, プラチナ:9217.935874030105
デバッグ: 更新後の値を確認...
デバッグ: 更新後 - 金:23307.905508347303, 銀:344.20385271187655, プラチナ:9207.091259480332
R30（金買取価格）を 23307.91円/g に更新しました
R31（銀買取価格）を 344.20円/g に更新しました
R32（プラチナ買取価格）を 9207.09円/g に更新しました
デバッグ: ファイルを保存中...
ストックシートの貴金属価格更新が完了しました（書式保持）。
デバッグ: 保存後の確認...
デバッグ: 保存後確認 - 金:23307.9055083473, 銀:344.2038527118766, プラチナ:9207.091259480332
H14に実行日 2025/12/13 を更新しました
H16に実行日 2025/12/13 を更新しました
家計資産シートの実行日更新が完了しました（書式保持）。
[2025/12/13  3:30:10.29] Price update completed successfully 
[2025/12/14  3:53:09.68] Starting price update with correct Python path... 
[2025/12/14  3:53:09.69] Using Python from Anaconda maki2 environment 
2025-12-14 03:53:14,999 - INFO - === 価格データの自動更新を開始 ===
2025-12-14 03:53:15,021 - INFO - --- 仮想通貨価格の更新 ---
2025-12-14 03:53:15,774 - INFO - 仮想通貨価格の更新が完了しました
2025-12-14 03:53:15,775 - INFO - --- 貴金属価格の更新 ---
2025-12-14 03:53:17,357 - INFO - 貴金属価格の更新が完了しました
2025-12-14 03:53:17,362 - INFO - --- 実行日の更新 ---
2025-12-14 03:53:17,616 - INFO - 実行日の更新が完了しました
2025-12-14 03:53:17,620 - INFO - === 更新完了: 3/3 タスクが成功 ===
2025-12-14 03:53:17,620 - INFO - 全ての更新が正常に完了しました
指定されたファイルが見つかりません: MyWork/datasets/maki_250630.xlsx
代替パスを検索中...
ファイルを発見: .\datasets\maki_250630.xlsx
J29（ビットコイン価格）を 1403.69万円 に更新しました
J30（イーサリウム価格）を 48.34万円 に更新しました
ファイル '.\datasets\maki_250630.xlsx' の更新が完了しました（書式保持）。
デバッグ: Excelファイルパス = .\datasets\maki_250630.xlsx
デバッグ: 貴金属価格を取得中...
デバッグ: 取得した価格 = {'gold': 23482.62047828357, 'silver': 347.81874480346914, 'platinum': 9321.641991693752}
デバッグ: Excelファイルを読み込み中...
デバッグ: 利用可能なシート名 = ['ストック', '家計資産', 'calc', 'フロー', '口座', '2nd2', 'Tips', '損益通算', '図', '給与', '2nd']
デバッグ: 'ストック'シートを取得しました
デバッグ: 更新前の値を確認...
デバッグ: 更新前 - 金:23307.9055083473, 銀:344.2038527118766, プラチナ:9207.091259480332
デバッグ: 更新後の値を確認...
デバッグ: 更新後 - 金:23482.62047828357, 銀:347.81874480346914, プラチナ:9321.641991693752
R30（金買取価格）を 23482.62円/g に更新しました
R31（銀買取価格）を 347.82円/g に更新しました
R32（プラチナ買取価格）を 9321.64円/g に更新しました
デバッグ: ファイルを保存中...
ストックシートの貴金属価格更新が完了しました（書式保持）。
デバッグ: 保存後の確認...
デバッグ: 保存後確認 - 金:23482.62047828357, 銀:347.8187448034691, プラチナ:9321.641991693752
H14に実行日 2025/12/14 を更新しました
H16に実行日 2025/12/14 を更新しました
家計資産シートの実行日更新が完了しました（書式保持）。
[2025/12/14  3:53:17.75] Price update completed successfully 
[2025/12/15  3:30:02.73] Starting price update with correct Python path... 
[2025/12/15  3:30:02.79] Using Python from Anaconda maki2 environment 
2025-12-15 03:30:07,653 - INFO - === 価格データの自動更新を開始 ===
2025-12-15 03:30:07,660 - INFO - --- 仮想通貨価格の更新 ---
2025-12-15 03:30:08,189 - INFO - 仮想通貨価格の更新が完了しました
2025-12-15 03:30:08,189 - INFO - --- 貴金属価格の更新 ---
2025-12-15 03:30:09,755 - INFO - 貴金属価格の更新が完了しました
2025-12-15 03:30:09,756 - INFO - --- 実行日の更新 ---
2025-12-15 03:30:09,910 - INFO - 実行日の更新が完了しました
2025-12-15 03:30:09,910 - INFO - === 更新完了: 3/3 タスクが成功 ===
2025-12-15 03:30:09,910 - INFO - 全ての更新が正常に完了しました
指定されたファイルが見つかりません: MyWork/datasets/maki_250630.xlsx
代替パスを検索中...
ファイルを発見: .\datasets\maki_250630.xlsx
J29（ビットコイン価格）を 1382.76万円 に更新しました
J30（イーサリウム価格）を 48.08万円 に更新しました
ファイル '.\datasets\maki_250630.xlsx' の更新が完了しました（書式保持）。
デバッグ: Excelファイルパス = .\datasets\maki_250630.xlsx
デバッグ: 貴金属価格を取得中...
デバッグ: 取得した価格 = {'gold': 23633.661430345288, 'silver': 340.38419701065624, 'platinum': 9648.69868312927}
デバッグ: Excelファイルを読み込み中...
デバッグ: 利用可能なシート名 = ['ストック', '家計資産', 'calc', 'フロー', '口座', '2nd2', 'Tips', '損益通算', '図', '給与', '2nd']
デバッグ: 'ストック'シートを取得しました
デバッグ: 更新前の値を確認...
デバッグ: 更新前 - 金:23482.62047828357, 銀:347.8187448034691, プラチナ:9321.641991693752
デバッグ: 更新後の値を確認...
デバッグ: 更新後 - 金:23633.661430345288, 銀:340.38419701065624, プラチナ:9648.69868312927
R30（金買取価格）を 23633.66円/g に更新しました
R31（銀買取価格）を 340.38円/g に更新しました
R32（プラチナ買取価格）を 9648.70円/g に更新しました
デバッグ: ファイルを保存中...
ストックシートの貴金属価格更新が完了しました（書式保持）。
デバッグ: 保存後の確認...
デバッグ: 保存後確認 - 金:23633.66143034529, 銀:340.3841970106562, プラチナ:9648.69868312927
H14に実行日 2025/12/15 を更新しました
H16に実行日 2025/12/15 を更新しました
家計資産シートの実行日更新が完了しました（書式保持）。
[2025/12/15  3:30:09.99] Price update completed successfully 
[2025/12/16  4:23:59.38] Starting price update (PowerShell version)... 
[2025/12/16  4:24:09.00] PowerShell execution completed 
[2025/12/17  3:30:03.32] Starting price update with correct Python path... 
[2025/12/17  3:30:03.38] Using Python from Anaconda maki2 environment 
2025-12-17 03:30:08,891 - INFO - === 価格データの自動更新を開始 ===
2025-12-17 03:30:08,912 - INFO - --- 仮想通貨価格の更新 ---
2025-12-17 03:30:09,485 - INFO - 仮想通貨価格の更新が完了しました
2025-12-17 03:30:09,487 - INFO - --- 貴金属価格の更新 ---
2025-12-17 03:30:10,888 - INFO - 貴金属価格の更新が完了しました
2025-12-17 03:30:10,890 - INFO - --- 実行日の更新 ---
2025-12-17 03:30:11,111 - INFO - 実行日の更新が完了しました
2025-12-17 03:30:11,112 - INFO - === 更新完了: 3/3 タスクが成功 ===
2025-12-17 03:30:11,113 - INFO - 全ての更新が正常に完了しました
指定されたファイルが見つかりません: MyWork/datasets/maki_250630.xlsx
代替パスを検索中...
ファイルを発見: .\datasets\maki_250630.xlsx
J29（ビットコイン価格）を 1352.36万円 に更新しました
J30（イーサリウム価格）を 45.33万円 に更新しました
ファイル '.\datasets\maki_250630.xlsx' の更新が完了しました（書式保持）。
デバッグ: Excelファイルパス = .\datasets\maki_250630.xlsx
デバッグ: 貴金属価格を取得中...
デバッグ: 取得した価格 = {'gold': 23532.579215592632, 'silver': 338.05208991791403, 'platinum': 9577.302869490928}
デバッグ: Excelファイルを読み込み中...
デバッグ: 利用可能なシート名 = ['ストック', '家計資産', 'calc', 'フロー', '口座', '2nd2', 'Tips', '損益通算', '図', '給与', '2nd']
デバッグ: 'ストック'シートを取得しました
デバッグ: 更新前の値を確認...
デバッグ: 更新前 - 金:23566.81060870877, 銀:339.440304622243, プラチナ:9610.400849671098
デバッグ: 更新後の値を確認...
デバッグ: 更新後 - 金:23532.579215592632, 銀:338.05208991791403, プラチナ:9577.302869490928
R30（金買取価格）を 23532.58円/g に更新しました
R31（銀買取価格）を 338.05円/g に更新しました
R32（プラチナ買取価格）を 9577.30円/g に更新しました
デバッグ: ファイルを保存中...
ストックシートの貴金属価格更新が完了しました（書式保持）。
デバッグ: 保存後の確認...
デバッグ: 保存後確認 - 金:23532.57921559263, 銀:338.052089917914, プラチナ:9577.302869490928
H14に実行日 2025/12/17 を更新しました
H16に実行日 2025/12/17 を更新しました
家計資産シートの実行日更新が完了しました（書式保持）。
[2025/12/17  3:30:11.21] Price update completed successfully 
[2025/12/18  3:39:27.38] Starting price update with correct Python path... 
[2025/12/18  3:39:27.40] Using Python from Anaconda maki2 environment 
2025-12-18 03:39:33,369 - INFO - === 価格データの自動更新を開始 ===
2025-12-18 03:39:33,381 - INFO - --- 仮想通貨価格の更新 ---
2025-12-18 03:39:34,089 - INFO - 仮想通貨価格の更新が完了しました
2025-12-18 03:39:34,089 - INFO - --- 貴金属価格の更新 ---
2025-12-18 03:39:35,440 - INFO - 貴金属価格の更新が完了しました
2025-12-18 03:39:35,440 - INFO - --- 実行日の更新 ---
2025-12-18 03:39:35,730 - INFO - 実行日の更新が完了しました
2025-12-18 03:39:35,730 - INFO - === 更新完了: 3/3 タスクが成功 ===
2025-12-18 03:39:35,730 - INFO - 全ての更新が正常に完了しました
指定されたファイルが見つかりません: MyWork/datasets/maki_250630.xlsx
代替パスを検索中...
ファイルを発見: .\datasets\maki_250630.xlsx
J29（ビットコイン価格）を 1344.62万円 に更新しました
J30（イーサリウム価格）を 44.31万円 に更新しました
ファイル '.\datasets\maki_250630.xlsx' の更新が完了しました（書式保持）。
デバッグ: Excelファイルパス = .\datasets\maki_250630.xlsx
デバッグ: 貴金属価格を取得中...
デバッグ: 取得した価格 = {'gold': 23625.11798826764, 'silver': 348.7980851165188, 'platinum': 10026.69998590811}
デバッグ: Excelファイルを読み込み中...
デバッグ: 利用可能なシート名 = ['ストック', '家計資産', 'calc', 'フロー', '口座', '2nd2', 'Tips', '損益通算', '図', '給与', '2nd']
デバッグ: 'ストック'シートを取得しました
デバッグ: 更新前の値を確認...
デバッグ: 更新前 - 金:23532.57921559263, 銀:338.052089917914, プラチナ:9577.302869490928
デバッグ: 更新後の値を確認...
デバッグ: 更新後 - 金:23625.11798826764, 銀:348.7980851165188, プラチナ:10026.69998590811
R30（金買取価格）を 23625.12円/g に更新しました
R31（銀買取価格）を 348.80円/g に更新しました
R32（プラチナ買取価格）を 10026.70円/g に更新しました
デバッグ: ファイルを保存中...
ストックシートの貴金属価格更新が完了しました（書式保持）。
デバッグ: 保存後の確認...
デバッグ: 保存後確認 - 金:23625.11798826764, 銀:348.7980851165188, プラチナ:10026.69998590811
H14に実行日 2025/12/18 を更新しました
H16に実行日 2025/12/18 を更新しました
家計資産シートの実行日更新が完了しました（書式保持）。
[2025/12/18  3:39:35.84] Price update completed successfully 
[2025/12/19  3:30:02.28] Starting price update with correct Python path... 
[2025/12/19  3:30:02.31] Using Python from Anaconda maki2 environment 
2025-12-19 03:30:08,355 - INFO - === 価格データの自動更新を開始 ===
2025-12-19 03:30:08,402 - INFO - --- 仮想通貨価格の更新 ---
2025-12-19 03:30:09,482 - INFO - 仮想通貨価格の更新が完了しました
2025-12-19 03:30:09,499 - INFO - --- 貴金属価格の更新 ---
2025-12-19 03:30:11,290 - INFO - 貴金属価格の更新が完了しました
2025-12-19 03:30:11,293 - INFO - --- 実行日の更新 ---
2025-12-19 03:30:11,462 - INFO - 実行日の更新が完了しました
2025-12-19 03:30:11,462 - INFO - === 更新完了: 3/3 タスクが成功 ===
2025-12-19 03:30:11,462 - INFO - 全ての更新が正常に完了しました
指定されたファイルが見つかりません: MyWork/datasets/maki_250630.xlsx
代替パスを検索中...
ファイルを発見: .\datasets\maki_250630.xlsx
J29（ビットコイン価格）を 1343.50万円 に更新しました
J30（イーサリウム価格）を 44.20万円 に更新しました
ファイル '.\datasets\maki_250630.xlsx' の更新が完了しました（書式保持）。
デバッグ: Excelファイルパス = .\datasets\maki_250630.xlsx
デバッグ: 貴金属価格を取得中...
デバッグ: 取得した価格 = {'gold': 23710.516639204077, 'silver': 353.0858987765333, 'platinum': 10339.879534777972}
デバッグ: Excelファイルを読み込み中...
デバッグ: 利用可能なシート名 = ['ストック', '家計資産', 'calc', 'フロー', '口座', '2nd2', 'Tips', '損益通算', '図', '給与', '2nd']
デバッグ: 'ストック'シートを取得しました
デバッグ: 更新前の値を確認...
デバッグ: 更新前 - 金:23625.11798826764, 銀:348.7980851165188, プラチナ:10026.69998590811
デバッグ: 更新後の値を確認...
デバッグ: 更新後 - 金:23710.516639204077, 銀:353.0858987765333, プラチナ:10339.879534777972
R30（金買取価格）を 23710.52円/g に更新しました
R31（銀買取価格）を 353.09円/g に更新しました
R32（プラチナ買取価格）を 10339.88円/g に更新しました
デバッグ: ファイルを保存中...
ストックシートの貴金属価格更新が完了しました（書式保持）。
デバッグ: 保存後の確認...
デバッグ: 保存後確認 - 金:23710.51663920408, 銀:353.0858987765333, プラチナ:10339.87953477797
H14に実行日 2025/12/19 を更新しました
H16に実行日 2025/12/19 を更新しました
家計資産シートの実行日更新が完了しました（書式保持）。
[2025/12/19  3:30:11.55] Price update completed successfully 
[2025/12/20  3:30:01.95] Starting price update with correct Python path... 
[2025/12/20  3:30:01.98] Using Python from Anaconda maki2 environment 
2025-12-20 03:30:06,719 - INFO - === 価格データの自動更新を開始 ===
2025-12-20 03:30:06,757 - INFO - --- 仮想通貨価格の更新 ---
2025-12-20 03:30:07,314 - INFO - 仮想通貨価格の更新が完了しました
2025-12-20 03:30:07,314 - INFO - --- 貴金属価格の更新 ---
2025-12-20 03:30:09,233 - INFO - 貴金属価格の更新が完了しました
2025-12-20 03:30:09,247 - INFO - --- 実行日の更新 ---
2025-12-20 03:30:09,969 - INFO - 実行日の更新が完了しました
2025-12-20 03:30:09,972 - INFO - === 更新完了: 3/3 タスクが成功 ===
2025-12-20 03:30:09,972 - INFO - 全ての更新が正常に完了しました
指定されたファイルが見つかりません: MyWork/datasets/maki_250630.xlsx
代替パスを検索中...
ファイルを発見: .\datasets\maki_250630.xlsx
J29（ビットコイン価格）を 1374.25万円 に更新しました
J30（イーサリウム価格）を 46.71万円 に更新しました
ファイル '.\datasets\maki_250630.xlsx' の更新が完了しました（書式保持）。
デバッグ: Excelファイルパス = .\datasets\maki_250630.xlsx
デバッグ: 貴金属価格を取得中...
デバッグ: 取得した価格 = {'gold': 24044.251191409992, 'silver': 367.4646924517741, 'platinum': 10867.92283554839}
デバッグ: Excelファイルを読み込み中...
デバッグ: 利用可能なシート名 = ['ストック', '家計資産', 'calc', 'フロー', '口座', '2nd2', 'Tips', '損益通算', '図', '給与', '2nd']
デバッグ: 'ストック'シートを取得しました
デバッグ: 更新前の値を確認...
デバッグ: 更新前 - 金:23710.51663920408, 銀:353.0858987765333, プラチナ:10339.87953477797
デバッグ: 更新後の値を確認...
デバッグ: 更新後 - 金:24044.251191409992, 銀:367.4646924517741, プラチナ:10867.92283554839
R30（金買取価格）を 24044.25円/g に更新しました
R31（銀買取価格）を 367.46円/g に更新しました
R32（プラチナ買取価格）を 10867.92円/g に更新しました
デバッグ: ファイルを保存中...
ストックシートの貴金属価格更新が完了しました（書式保持）。
デバッグ: 保存後の確認...
デバッグ: 保存後確認 - 金:24044.25119140999, 銀:367.4646924517741, プラチナ:10867.92283554839
H14に実行日 2025/12/20 を更新しました
H16に実行日 2025/12/20 を更新しました
家計資産シートの実行日更新が完了しました（書式保持）。
[2025/12/20  3:30:10.07] Price update completed successfully 
[2025/12/21  3:30:02.95] Starting price update with correct Python path... 
[2025/12/21  3:30:03.00] Using Python from Anaconda maki2 environment 
2025-12-21 03:30:07,258 - INFO - === 価格データの自動更新を開始 ===
2025-12-21 03:30:07,271 - INFO - --- 仮想通貨価格の更新 ---
2025-12-21 03:30:07,785 - INFO - 仮想通貨価格の更新が完了しました
2025-12-21 03:30:07,786 - INFO - --- 貴金属価格の更新 ---
2025-12-21 03:30:09,155 - INFO - 貴金属価格の更新が完了しました
2025-12-21 03:30:09,155 - INFO - --- 実行日の更新 ---
2025-12-21 03:30:09,360 - INFO - 実行日の更新が完了しました
2025-12-21 03:30:09,360 - INFO - === 更新完了: 3/3 タスクが成功 ===
2025-12-21 03:30:09,360 - INFO - 全ての更新が正常に完了しました
指定されたファイルが見つかりません: MyWork/datasets/maki_250630.xlsx
代替パスを検索中...
ファイルを発見: .\datasets\maki_250630.xlsx
J29（ビットコイン価格）を 1390.76万円 に更新しました
J30（イーサリウム価格）を 46.94万円 に更新しました
ファイル '.\datasets\maki_250630.xlsx' の更新が完了しました（書式保持）。
デバッグ: Excelファイルパス = .\datasets\maki_250630.xlsx
デバッグ: 貴金属価格を取得中...
デバッグ: 取得した価格 = {'gold': 24070.791235657583, 'silver': 363.7940848326493, 'platinum': 10820.449412590413}
デバッグ: Excelファイルを読み込み中...
デバッグ: 利用可能なシート名 = ['ストック', '家計資産', 'calc', 'フロー', '口座', '2nd2', 'Tips', '損益通算', '図', '給与', '2nd']
デバッグ: 'ストック'シートを取得しました
デバッグ: 更新前の値を確認...
デバッグ: 更新前 - 金:24044.25119140999, 銀:367.4646924517741, プラチナ:10867.92283554839
デバッグ: 更新後の値を確認...
デバッグ: 更新後 - 金:24070.791235657583, 銀:363.7940848326493, プラチナ:10820.449412590413
R30（金買取価格）を 24070.79円/g に更新しました
R31（銀買取価格）を 363.79円/g に更新しました
R32（プラチナ買取価格）を 10820.45円/g に更新しました
デバッグ: ファイルを保存中...
ストックシートの貴金属価格更新が完了しました（書式保持）。
デバッグ: 保存後の確認...
デバッグ: 保存後確認 - 金:24070.79123565758, 銀:363.7940848326493, プラチナ:10820.44941259041
H14に実行日 2025/12/21 を更新しました
H16に実行日 2025/12/21 を更新しました
家計資産シートの実行日更新が完了しました（書式保持）。
[2025/12/21  3:30:09.45] Price update completed successfully 
[2025/12/22  3:30:03.33] Starting price update with correct Python path... 
[2025/12/22  3:30:03.37] Using Python from Anaconda maki2 environment 
2025-12-22 03:30:08,692 - INFO - === 価格データの自動更新を開始 ===
2025-12-22 03:30:08,701 - INFO - --- 仮想通貨価格の更新 ---
2025-12-22 03:30:09,404 - INFO - 仮想通貨価格の更新が完了しました
2025-12-22 03:30:09,405 - INFO - --- 貴金属価格の更新 ---
2025-12-22 03:30:11,194 - INFO - 貴金属価格の更新が完了しました
2025-12-22 03:30:11,196 - INFO - --- 実行日の更新 ---
2025-12-22 03:30:11,371 - INFO - 実行日の更新が完了しました
2025-12-22 03:30:11,371 - INFO - === 更新完了: 3/3 タスクが成功 ===
2025-12-22 03:30:11,372 - INFO - 全ての更新が正常に完了しました
指定されたファイルが見つかりません: MyWork/datasets/maki_250630.xlsx
代替パスを検索中...
ファイルを発見: .\datasets\maki_250630.xlsx
J29（ビットコイン価格）を 1388.03万円 に更新しました
J30（イーサリウム価格）を 46.91万円 に更新しました
ファイル '.\datasets\maki_250630.xlsx' の更新が完了しました（書式保持）。
デバッグ: Excelファイルパス = .\datasets\maki_250630.xlsx
デバッグ: 貴金属価格を取得中...
デバッグ: 取得した価格 = {'gold': 24101.76769079918, 'silver': 373.0742268956454, 'platinum': 11167.01600270234}
デバッグ: Excelファイルを読み込み中...
デバッグ: 利用可能なシート名 = ['ストック', '家計資産', 'calc', 'フロー', '口座', '2nd2', 'Tips', '損益通算', '図', '給与', '2nd']
デバッグ: 'ストック'シートを取得しました
デバッグ: 更新前の値を確認...
デバッグ: 更新前 - 金:24070.79123565758, 銀:363.7940848326493, プラチナ:10820.44941259041
デバッグ: 更新後の値を確認...
デバッグ: 更新後 - 金:24101.76769079918, 銀:373.0742268956454, プラチナ:11167.01600270234
R30（金買取価格）を 24101.77円/g に更新しました
R31（銀買取価格）を 373.07円/g に更新しました
R32（プラチナ買取価格）を 11167.02円/g に更新しました
デバッグ: ファイルを保存中...
ストックシートの貴金属価格更新が完了しました（書式保持）。
デバッグ: 保存後の確認...
デバッグ: 保存後確認 - 金:24101.76769079918, 銀:373.0742268956454, プラチナ:11167.01600270234
H14に実行日 2025/12/22 を更新しました
H16に実行日 2025/12/22 を更新しました
家計資産シートの実行日更新が完了しました（書式保持）。
[2025/12/22  3:30:11.47] Price update completed successfully 
[2025/12/23  3:30:03.57] Starting price update with correct Python path... 
[2025/12/23  3:30:03.67] Using Python from Anaconda maki2 environment 
2025-12-23 03:30:07,287 - INFO - === 価格データの自動更新を開始 ===
2025-12-23 03:30:07,300 - INFO - --- 仮想通貨価格の更新 ---
2025-12-23 03:30:07,810 - INFO - 仮想通貨価格の更新が完了しました
2025-12-23 03:30:07,810 - INFO - --- 貴金属価格の更新 ---
2025-12-23 03:30:09,339 - INFO - 貴金属価格の更新が完了しました
2025-12-23 03:30:09,340 - INFO - --- 実行日の更新 ---
2025-12-23 03:30:09,501 - INFO - 実行日の更新が完了しました
2025-12-23 03:30:09,501 - INFO - === 更新完了: 3/3 タスクが成功 ===
2025-12-23 03:30:09,501 - INFO - 全ての更新が正常に完了しました
指定されたファイルが見つかりません: MyWork/datasets/maki_250630.xlsx
代替パスを検索中...
ファイルを発見: .\datasets\maki_250630.xlsx
J29（ビットコイン価格）を 1402.86万円 に更新しました
J30（イーサリウム価格）を 47.55万円 に更新しました
ファイル '.\datasets\maki_250630.xlsx' の更新が完了しました（書式保持）。
デバッグ: Excelファイルパス = .\datasets\maki_250630.xlsx
デバッグ: 貴金属価格を取得中...
デバッグ: 取得した価格 = {'gold': 24022.517032501724, 'silver': 371.84704841692445, 'platinum': 11130.142442114297}
デバッグ: Excelファイルを読み込み中...
デバッグ: 利用可能なシート名 = ['ストック', '家計資産', 'calc', 'フロー', '口座', '2nd2', 'Tips', '損益通算', '図', '給与', '2nd']
デバッグ: 'ストック'シートを取得しました
デバッグ: 更新前の値を確認...
デバッグ: 更新前 - 金:24101.76769079918, 銀:373.0742268956454, プラチナ:11167.01600270234
デバッグ: 更新後の値を確認...
デバッグ: 更新後 - 金:24022.517032501724, 銀:371.84704841692445, プラチナ:11130.142442114297
R30（金買取価格）を 24022.52円/g に更新しました
R31（銀買取価格）を 371.85円/g に更新しました
R32（プラチナ買取価格）を 11130.14円/g に更新しました
デバッグ: ファイルを保存中...
ストックシートの貴金属価格更新が完了しました（書式保持）。
デバッグ: 保存後の確認...
デバッグ: 保存後確認 - 金:24022.51703250172, 銀:371.8470484169245, プラチナ:11130.1424421143
H14に実行日 2025/12/23 を更新しました
H16に実行日 2025/12/23 を更新しました
家計資産シートの実行日更新が完了しました（書式保持）。
[2025/12/23  3:30:09.57] Price update completed successfully 
[2025/12/24  3:41:59.64] Starting price update (PowerShell version)... 
[2025/12/24  3:42:08.31] PowerShell execution completed 
[2025/12/25  5:20:40.24] Starting price update (PowerShell version)... 
[2025/12/25  5:20:47.47] PowerShell execution completed 
[2025/12/26  3:30:02.15] Starting price update with correct Python path... 
[2025/12/26  3:30:02.39] Using Python from Anaconda maki2 environment 
2025-12-26 03:30:08,414 - INFO - === 価格データの自動更新を開始 ===
2025-12-26 03:30:08,431 - INFO - --- 仮想通貨価格の更新 ---
2025-12-26 03:30:09,150 - INFO - 仮想通貨価格の更新が完了しました
2025-12-26 03:30:09,150 - INFO - --- 貴金属価格の更新 ---
2025-12-26 03:30:10,615 - INFO - 貴金属価格の更新が完了しました
2025-12-26 03:30:10,615 - INFO - --- 実行日の更新 ---
2025-12-26 03:30:10,878 - INFO - 実行日の更新が完了しました
2025-12-26 03:30:10,880 - INFO - === 更新完了: 3/3 タスクが成功 ===
2025-12-26 03:30:10,882 - INFO - 全ての更新が正常に完了しました
指定されたファイルが見つかりません: MyWork/datasets/maki_250630.xlsx
代替パスを検索中...
ファイルを発見: .\datasets\maki_250630.xlsx
J29（ビットコイン価格）を 1375.54万円 に更新しました
J30（イーサリウム価格）を 46.05万円 に更新しました
ファイル '.\datasets\maki_250630.xlsx' の更新が完了しました（書式保持）。
デバッグ: Excelファイルパス = .\datasets\maki_250630.xlsx
デバッグ: 貴金属価格を取得中...
デバッグ: 取得した価格 = {'gold': 24833.708131548814, 'silver': 395.2396721304387, 'platinum': 12911.501719418116}
デバッグ: Excelファイルを読み込み中...
デバッグ: 利用可能なシート名 = ['ストック', '家計資産', 'calc', 'フロー', '口座', '2nd2', 'Tips', '損益通算', '図', '給与', '2nd']
デバッグ: 'ストック'シートを取得しました
デバッグ: 更新前の値を確認...
デバッグ: 更新前 - 金:24676.63524276477, 銀:383.1110768323959, プラチナ:11886.03108238439
デバッグ: 更新後の値を確認...
デバッグ: 更新後 - 金:24833.708131548814, 銀:395.2396721304387, プラチナ:12911.501719418116
R30（金買取価格）を 24833.71円/g に更新しました
R31（銀買取価格）を 395.24円/g に更新しました
R32（プラチナ買取価格）を 12911.50円/g に更新しました
デバッグ: ファイルを保存中...
ストックシートの貴金属価格更新が完了しました（書式保持）。
デバッグ: 保存後の確認...
デバッグ: 保存後確認 - 金:24833.70813154881, 銀:395.2396721304387, プラチナ:12911.50171941812
H14に実行日 2025/12/26 を更新しました
H16に実行日 2025/12/26 を更新しました
家計資産シートの実行日更新が完了しました（書式保持）。
[2025/12/26  3:30:10.98] Price update completed successfully 
[2025/12/27  3:30:02.70] Starting price update with correct Python path... 
[2025/12/27  3:30:02.73] Using Python from Anaconda maki2 environment 
2025-12-27 03:30:10,183 - INFO - === 価格データの自動更新を開始 ===
2025-12-27 03:30:10,212 - INFO - --- 仮想通貨価格の更新 ---
2025-12-27 03:30:10,833 - INFO - 仮想通貨価格の更新が完了しました
2025-12-27 03:30:10,833 - INFO - --- 貴金属価格の更新 ---
2025-12-27 03:30:12,353 - INFO - 貴金属価格の更新が完了しました
2025-12-27 03:30:12,353 - INFO - --- 実行日の更新 ---
2025-12-27 03:30:12,532 - INFO - 実行日の更新が完了しました
2025-12-27 03:30:12,532 - INFO - === 更新完了: 3/3 タスクが成功 ===
2025-12-27 03:30:12,532 - INFO - 全ての更新が正常に完了しました
指定されたファイルが見つかりません: MyWork/datasets/maki_250630.xlsx
代替パスを検索中...
ファイルを発見: .\datasets\maki_250630.xlsx
J29（ビットコイン価格）を 1364.92万円 に更新しました
J30（イーサリウム価格）を 45.70万円 に更新しました
ファイル '.\datasets\maki_250630.xlsx' の更新が完了しました（書式保持）。
デバッグ: Excelファイルパス = .\datasets\maki_250630.xlsx
デバッグ: 貴金属価格を取得中...
デバッグ: 取得した価格 = {'gold': 24736.492049533175, 'silver': 396.77574568213635, 'platinum': 12476.554925485148}
デバッグ: Excelファイルを読み込み中...
デバッグ: 利用可能なシート名 = ['ストック', '家計資産', 'calc', 'フロー', '口座', '2nd2', 'Tips', '損益通算', '図', '給与', '2nd']
デバッグ: 'ストック'シートを取得しました
デバッグ: 更新前の値を確認...
デバッグ: 更新前 - 金:24833.70813154881, 銀:395.2396721304387, プラチナ:12911.50171941812
デバッグ: 更新後の値を確認...
デバッグ: 更新後 - 金:24736.492049533175, 銀:396.77574568213635, プラチナ:12476.554925485148
R30（金買取価格）を 24736.49円/g に更新しました
R31（銀買取価格）を 396.78円/g に更新しました
R32（プラチナ買取価格）を 12476.55円/g に更新しました
デバッグ: ファイルを保存中...
ストックシートの貴金属価格更新が完了しました（書式保持）。
デバッグ: 保存後の確認...
デバッグ: 保存後確認 - 金:24736.49204953318, 銀:396.7757456821363, プラチナ:12476.55492548515
H14に実行日 2025/12/27 を更新しました
H16に実行日 2025/12/27 を更新しました
家計資産シートの実行日更新が完了しました（書式保持）。
[2025/12/27  3:30:12.63] Price update completed successfully 
[2025/12/28  3:30:02.53] Starting price update with correct Python path... 
[2025/12/28  3:30:02.61] Using Python from Anaconda maki2 environment 
2025-12-28 03:30:07,735 - INFO - === 価格データの自動更新を開始 ===
2025-12-28 03:30:07,746 - INFO - --- 仮想通貨価格の更新 ---
2025-12-28 03:30:08,323 - INFO - 仮想通貨価格の更新が完了しました
2025-12-28 03:30:08,325 - INFO - --- 貴金属価格の更新 ---
2025-12-28 03:30:09,647 - INFO - 貴金属価格の更新が完了しました
2025-12-28 03:30:09,648 - INFO - --- 実行日の更新 ---
2025-12-28 03:30:09,803 - INFO - 実行日の更新が完了しました
2025-12-28 03:30:09,803 - INFO - === 更新完了: 3/3 タスクが成功 ===
2025-12-28 03:30:09,804 - INFO - 全ての更新が正常に完了しました
指定されたファイルが見つかりません: MyWork/datasets/maki_250630.xlsx
代替パスを検索中...
ファイルを発見: .\datasets\maki_250630.xlsx
J29（ビットコイン価格）を 1369.85万円 に更新しました
J30（イーサリウム価格）を 45.82万円 に更新しました
ファイル '.\datasets\maki_250630.xlsx' の更新が完了しました（書式保持）。
デバッグ: Excelファイルパス = .\datasets\maki_250630.xlsx
デバッグ: 貴金属価格を取得中...
デバッグ: 取得した価格 = {'gold': 24818.004057331276, 'silver': 412.0778953113284, 'platinum': 13075.487817983945}
デバッグ: Excelファイルを読み込み中...
デバッグ: 利用可能なシート名 = ['ストック', '家計資産', 'calc', 'フロー', '口座', '2nd2', 'Tips', '損益通算', '図', '給与', '2nd']
デバッグ: 'ストック'シートを取得しました
デバッグ: 更新前の値を確認...
デバッグ: 更新前 - 金:rate, 銀:24736.49204953318, プラチナ:396.7757456821363
デバッグ: 更新後の値を確認...
デバッグ: 更新後 - 金:rate, 銀:24818.004057331276, プラチナ:412.0778953113284
R30（金買取価格）を 24818.00円/g に更新しました
R31（銀買取価格）を 412.08円/g に更新しました
R32（プラチナ買取価格）を 13075.49円/g に更新しました
デバッグ: ファイルを保存中...
ストックシートの貴金属価格更新が完了しました（書式保持）。
デバッグ: 保存後の確認...
デバッグ: 保存後確認 - 金:rate, 銀:24818.00405733128, プラチナ:412.0778953113284
H14に実行日 2025/12/28 を更新しました
H16に実行日 2025/12/28 を更新しました
家計資産シートの実行日更新が完了しました（書式保持）。
[2025/12/28  3:30:09.91] Price update completed successfully 
[2025/12/29  4:09:14.19] Starting price update (PowerShell version)... 
[2025/12/29  4:09:22.69] PowerShell execution completed 
[2025/12/30  3:30:02.68] Starting price update with correct Python path... 
[2025/12/30  3:30:02.74] Using Python from Anaconda maki2 environment 
2025-12-30 03:30:09,196 - INFO - === 価格データの自動更新を開始 ===
2025-12-30 03:30:09,218 - INFO - --- 仮想通貨価格の更新 ---
2025-12-30 03:30:09,884 - INFO - 仮想通貨価格の更新が完了しました
2025-12-30 03:30:09,884 - INFO - --- 貴金属価格の更新 ---
2025-12-30 03:30:11,209 - INFO - 貴金属価格の更新が完了しました
2025-12-30 03:30:11,209 - INFO - --- 実行日の更新 ---
2025-12-30 03:30:11,438 - INFO - 実行日の更新が完了しました
2025-12-30 03:30:11,438 - INFO - === 更新完了: 3/3 タスクが成功 ===
2025-12-30 03:30:11,438 - INFO - 全ての更新が正常に完了しました
指定されたファイルが見つかりません: MyWork/datasets/maki_250630.xlsx
代替パスを検索中...
ファイルを発見: .\datasets\maki_250630.xlsx
J29（ビットコイン価格）を 1368.18万円 に更新しました
J30（イーサリウム価格）を 45.79万円 に更新しました
ファイル '.\datasets\maki_250630.xlsx' の更新が完了しました（書式保持）。
デバッグ: Excelファイルパス = .\datasets\maki_250630.xlsx
デバッグ: 貴金属価格を取得中...
デバッグ: 取得した価格 = {'gold': 24970.787776397578, 'silver': 436.7063072014476, 'platinum': 13756.8444910084}
デバッグ: Excelファイルを読み込み中...
デバッグ: 利用可能なシート名 = ['ストック', '家計資産', 'calc', 'フロー', '口座', '2nd2', 'Tips', '損益通算', '図', '給与', '2nd']
デバッグ: 'ストック'シートを取得しました
デバッグ: 更新前の値を確認...
デバッグ: 更新前 - 金:rate, 銀:25035.29873173897, プラチナ:437.8574926981474
デバッグ: 更新後の値を確認...
デバッグ: 更新後 - 金:rate, 銀:24970.787776397578, プラチナ:436.7063072014476
R30（金買取価格）を 24970.79円/g に更新しました
R31（銀買取価格）を 436.71円/g に更新しました
R32（プラチナ買取価格）を 13756.84円/g に更新しました
デバッグ: ファイルを保存中...
ストックシートの貴金属価格更新が完了しました（書式保持）。
デバッグ: 保存後の確認...
デバッグ: 保存後確認 - 金:rate, 銀:24970.78777639758, プラチナ:436.7063072014476
H14に実行日 2025/12/30 を更新しました
H16に実行日 2025/12/30 を更新しました
家計資産シートの実行日更新が完了しました（書式保持）。
[2025/12/30  3:30:11.53] Price update completed successfully 
[2025/12/31  3:49:03.34] Starting price update (PowerShell version)... 
[2025/12/31  3:49:14.77] PowerShell execution completed 
[2026/01/01  4:47:44.67] Starting price update (PowerShell version)... 
[2026/01/01  4:48:05.36] PowerShell execution completed 
[2026/01/02  3:46:22.51] Starting price update (PowerShell version)... 
[2026/01/02  3:46:42.27] PowerShell execution completed 
[2026/01/03  3:30:02.13] Starting price update with correct Python path... 
[2026/01/03  3:30:02.23] Using Python from Anaconda maki2 environment 
2026-01-03 03:30:12,273 - INFO - === 価格データの自動更新を開始 ===
2026-01-03 03:30:12,304 - INFO - --- 仮想通貨価格の更新 ---
2026-01-03 03:30:13,626 - INFO - 仮想通貨価格の更新が完了しました
2026-01-03 03:30:13,631 - INFO - --- 貴金属価格の更新 ---
2026-01-03 03:30:15,773 - INFO - 貴金属価格の更新が完了しました
2026-01-03 03:30:15,822 - INFO - --- 実行日の更新 ---
2026-01-03 03:30:16,728 - INFO - 実行日の更新が完了しました
2026-01-03 03:30:16,736 - INFO - === 更新完了: 3/3 タスクが成功 ===
2026-01-03 03:30:16,742 - INFO - 全ての更新が正常に完了しました
指定されたファイルが見つかりません: MyWork/datasets/maki_250630.xlsx
代替パスを検索中...
ファイルを発見: .\datasets\maki_250630.xlsx
J29（ビットコイン価格）を 1416.10万円 に更新しました
J30（イーサリウム価格）を 48.98万円 に更新しました
ファイル '.\datasets\maki_250630.xlsx' の更新が完了しました（書式保持）。
デバッグ: Excelファイルパス = .\datasets\maki_250630.xlsx
デバッグ: 貴金属価格を取得中...
デバッグ: 取得した価格 = {'gold': 23897.50036716063, 'silver': 396.0642484019739, 'platinum': 11336.581945498494}
デバッグ: Excelファイルを読み込み中...
デバッグ: 利用可能なシート名 = ['ストック', '家計資産', 'calc', '口座', 'フロー', '2nd2', 'Tips', '損益通算', '図', '給与', '2nd']
デバッグ: 'ストック'シートを取得しました
デバッグ: 更新前の値を確認...
デバッグ: 更新前 - 金:rate, 銀:24092.94768942085, プラチナ:416.51571422096
デバッグ: 更新後の値を確認...
デバッグ: 更新後 - 金:rate, 銀:23897.50036716063, プラチナ:396.0642484019739
R30（金買取価格）を 23897.50円/g に更新しました
R31（銀買取価格）を 396.06円/g に更新しました
R32（プラチナ買取価格）を 11336.58円/g に更新しました
デバッグ: ファイルを保存中...
ストックシートの貴金属価格更新が完了しました（書式保持）。
デバッグ: 保存後の確認...
デバッグ: 保存後確認 - 金:rate, 銀:23897.50036716063, プラチナ:396.0642484019739
H14に実行日 2026/01/03 を更新しました
H16に実行日 2026/01/03 を更新しました
家計資産シートの実行日更新が完了しました（書式保持）。
[2026/01/03  3:30:16.93] Price update completed successfully 
[2026/01/04  3:30:01.95] Starting price update with correct Python path... 
[2026/01/04  3:30:02.15] Using Python from Anaconda maki2 environment 
2026-01-04 03:30:10,501 - INFO - === 価格データの自動更新を開始 ===
2026-01-04 03:30:10,515 - INFO - --- 仮想通貨価格の更新 ---
2026-01-04 03:30:11,189 - INFO - 仮想通貨価格の更新が完了しました
2026-01-04 03:30:11,196 - INFO - --- 貴金属価格の更新 ---
2026-01-04 03:30:13,117 - INFO - 貴金属価格の更新が完了しました
2026-01-04 03:30:13,118 - INFO - --- 実行日の更新 ---
2026-01-04 03:30:13,580 - INFO - 実行日の更新が完了しました
2026-01-04 03:30:13,585 - INFO - === 更新完了: 3/3 タスクが成功 ===
2026-01-04 03:30:13,590 - INFO - 全ての更新が正常に完了しました
指定されたファイルが見つかりません: MyWork/datasets/maki_250630.xlsx
代替パスを検索中...
ファイルを発見: .\datasets\maki_250630.xlsx
J29（ビットコイン価格）を 1413.02万円 に更新しました
J30（イーサリウム価格）を 48.83万円 に更新しました
ファイル '.\datasets\maki_250630.xlsx' の更新が完了しました（書式保持）。
デバッグ: Excelファイルパス = .\datasets\maki_250630.xlsx
デバッグ: 貴金属価格を取得中...
デバッグ: 取得した価格 = {'gold': 24060.389315237797, 'silver': 401.2272867482083, 'platinum': 11605.382686926147}
デバッグ: Excelファイルを読み込み中...
デバッグ: 利用可能なシート名 = ['ストック', '家計資産', 'calc', '口座', 'フロー', '2nd2', 'Tips', '損益通算', '図', '給与', '2nd']
デバッグ: 'ストック'シートを取得しました
デバッグ: 更新前の値を確認...
デバッグ: 更新前 - 金:rate, 銀:23897.50036716063, プラチナ:396.0642484019739
デバッグ: 更新後の値を確認...
デバッグ: 更新後 - 金:rate, 銀:24060.389315237797, プラチナ:401.2272867482083
R30（金買取価格）を 24060.39円/g に更新しました
R31（銀買取価格）を 401.23円/g に更新しました
R32（プラチナ買取価格）を 11605.38円/g に更新しました
デバッグ: ファイルを保存中...
ストックシートの貴金属価格更新が完了しました（書式保持）。
デバッグ: 保存後の確認...
デバッグ: 保存後確認 - 金:rate, 銀:24060.3893152378, プラチナ:401.2272867482083
H14に実行日 2026/01/04 を更新しました
H16に実行日 2026/01/04 を更新しました
家計資産シートの実行日更新が完了しました（書式保持）。
[2026/01/04  3:30:13.74] Price update completed successfully 
[2026/01/05  3:30:03.38] Starting price update with correct Python path... 
[2026/01/05  3:30:03.57] Using Python from Anaconda maki2 environment 
2026-01-05 03:30:14,360 - INFO - === 価格データの自動更新を開始 ===
2026-01-05 03:30:14,420 - INFO - --- 仮想通貨価格の更新 ---
2026-01-05 03:30:15,916 - INFO - 仮想通貨価格の更新が完了しました
2026-01-05 03:30:15,961 - INFO - --- 貴金属価格の更新 ---
2026-01-05 03:30:18,335 - INFO - 貴金属価格の更新が完了しました
2026-01-05 03:30:18,362 - INFO - --- 実行日の更新 ---
2026-01-05 03:30:19,243 - INFO - 実行日の更新が完了しました
2026-01-05 03:30:19,250 - INFO - === 更新完了: 3/3 タスクが成功 ===
2026-01-05 03:30:19,271 - INFO - 全ての更新が正常に完了しました
指定されたファイルが見つかりません: MyWork/datasets/maki_250630.xlsx
代替パスを検索中...
ファイルを発見: .\datasets\maki_250630.xlsx
J29（ビットコイン価格）を 1428.69万円 に更新しました
J30（イーサリウム価格）を 49.05万円 に更新しました
ファイル '.\datasets\maki_250630.xlsx' の更新が完了しました（書式保持）。
デバッグ: Excelファイルパス = .\datasets\maki_250630.xlsx
デバッグ: 貴金属価格を取得中...
デバッグ: 取得した価格 = {'gold': 23957.662814062245, 'silver': 402.70035816522415, 'platinum': 11859.448434064421}
デバッグ: Excelファイルを読み込み中...
デバッグ: 利用可能なシート名 = ['ストック', '家計資産', 'calc', '口座', 'フロー', '2nd2', 'Tips', '損益通算', '図', '給与', '2nd']
デバッグ: 'ストック'シートを取得しました
デバッグ: 更新前の値を確認...
デバッグ: 更新前 - 金:rate, 銀:24060.3893152378, プラチナ:401.2272867482083
デバッグ: 更新後の値を確認...
デバッグ: 更新後 - 金:rate, 銀:23957.662814062245, プラチナ:402.70035816522415
R30（金買取価格）を 23957.66円/g に更新しました
R31（銀買取価格）を 402.70円/g に更新しました
R32（プラチナ買取価格）を 11859.45円/g に更新しました
デバッグ: ファイルを保存中...
ストックシートの貴金属価格更新が完了しました（書式保持）。
デバッグ: 保存後の確認...
デバッグ: 保存後確認 - 金:rate, 銀:23957.66281406225, プラチナ:402.7003581652241
H14に実行日 2026/01/05 を更新しました
H16に実行日 2026/01/05 を更新しました
家計資産シートの実行日更新が完了しました（書式保持）。
[2026/01/05  3:30:19.60] Price update completed successfully 
[2026/01/06  3:30:05.25] Starting price update with correct Python path... 
[2026/01/06  3:30:05.37] Using Python from Anaconda maki2 environment 
2026-01-06 03:30:19,634 - INFO - === 価格データの自動更新を開始 ===
2026-01-06 03:30:19,650 - INFO - --- 仮想通貨価格の更新 ---
2026-01-06 03:30:20,597 - INFO - 仮想通貨価格の更新が完了しました
2026-01-06 03:30:20,597 - INFO - --- 貴金属価格の更新 ---
2026-01-06 03:30:22,085 - INFO - 貴金属価格の更新が完了しました
2026-01-06 03:30:22,085 - INFO - --- 実行日の更新 ---
2026-01-06 03:30:22,275 - INFO - 実行日の更新が完了しました
2026-01-06 03:30:22,275 - INFO - === 更新完了: 3/3 タスクが成功 ===
2026-01-06 03:30:22,275 - INFO - 全ての更新が正常に完了しました
指定されたファイルが見つかりません: MyWork/datasets/maki_250630.xlsx
代替パスを検索中...
ファイルを発見: .\datasets\maki_250630.xlsx
J29（ビットコイン価格）を 1469.95万円 に更新しました
J30（イーサリウム価格）を 50.02万円 に更新しました
ファイル '.\datasets\maki_250630.xlsx' の更新が完了しました（書式保持）。
デバッグ: Excelファイルパス = .\datasets\maki_250630.xlsx
デバッグ: 貴金属価格を取得中...
デバッグ: 取得した価格 = {'gold': 23888.9127296693, 'silver': 401.565721690837, 'platinum': 11825.413392245944}
デバッグ: Excelファイルを読み込み中...
デバッグ: 利用可能なシート名 = ['ストック', '家計資産', 'calc', '口座', 'フロー', '2nd2', 'Tips', '損益通算', '図', '給与', '2nd']
デバッグ: 'ストック'シートを取得しました
デバッグ: 更新前の値を確認...
デバッグ: 更新前 - 金:rate, 銀:23957.66281406225, プラチナ:402.7003581652241
デバッグ: 更新後の値を確認...
デバッグ: 更新後 - 金:rate, 銀:23888.9127296693, プラチナ:401.565721690837
R30（金買取価格）を 23888.91円/g に更新しました
R31（銀買取価格）を 401.57円/g に更新しました
R32（プラチナ買取価格）を 11825.41円/g に更新しました
デバッグ: ファイルを保存中...
ストックシートの貴金属価格更新が完了しました（書式保持）。
デバッグ: 保存後の確認...
デバッグ: 保存後確認 - 金:rate, 銀:23888.9127296693, プラチナ:401.565721690837
H14に実行日 2026/01/06 を更新しました
H16に実行日 2026/01/06 を更新しました
家計資産シートの実行日更新が完了しました（書式保持）。
[2026/01/06  3:30:22.33] Price update completed successfully 
[2026/01/07  3:30:03.64] Starting price update with correct Python path... 
[2026/01/07  3:30:03.81] Using Python from Anaconda maki2 environment 
2026-01-07 03:30:18,087 - INFO - === 価格データの自動更新を開始 ===
2026-01-07 03:30:18,127 - INFO - --- 仮想通貨価格の更新 ---
2026-01-07 03:30:19,751 - INFO - 仮想通貨価格の更新が完了しました
2026-01-07 03:30:19,752 - INFO - --- 貴金属価格の更新 ---
2026-01-07 03:30:22,360 - INFO - 貴金属価格の更新が完了しました
2026-01-07 03:30:22,360 - INFO - --- 実行日の更新 ---
2026-01-07 03:30:23,020 - INFO - 実行日の更新が完了しました
2026-01-07 03:30:23,026 - INFO - === 更新完了: 3/3 タスクが成功 ===
2026-01-07 03:30:23,028 - INFO - 全ての更新が正常に完了しました
指定されたファイルが見つかりません: MyWork/datasets/maki_250630.xlsx
代替パスを検索中...
ファイルを発見: .\datasets\maki_250630.xlsx
J29（ビットコイン価格）を 1441.97万円 に更新しました
J30（イーサリウム価格）を 50.48万円 に更新しました
ファイル '.\datasets\maki_250630.xlsx' の更新が完了しました（書式保持）。
デバッグ: Excelファイルパス = .\datasets\maki_250630.xlsx
デバッグ: 貴金属価格を取得中...
デバッグ: 取得した価格 = {'gold': 24338.295883444407, 'silver': 418.5043180559229, 'platinum': 12111.733673697216}
デバッグ: Excelファイルを読み込み中...
デバッグ: 利用可能なシート名 = ['ストック', '家計資産', 'calc', '口座', 'フロー', '2nd2', 'Tips', '損益通算', '図', '給与', '2nd']
デバッグ: 'ストック'シートを取得しました
デバッグ: 更新前の値を確認...
デバッグ: 更新前 - 金:rate, 銀:23888.9127296693, プラチナ:401.565721690837
デバッグ: 更新後の値を確認...
デバッグ: 更新後 - 金:rate, 銀:24338.295883444407, プラチナ:418.5043180559229
R30（金買取価格）を 24338.30円/g に更新しました
R31（銀買取価格）を 418.50円/g に更新しました
R32（プラチナ買取価格）を 12111.73円/g に更新しました
デバッグ: ファイルを保存中...
ストックシートの貴金属価格更新が完了しました（書式保持）。
デバッグ: 保存後の確認...
デバッグ: 保存後確認 - 金:rate, 銀:24338.29588344441, プラチナ:418.5043180559229
H14に実行日 2026/01/07 を更新しました
H16に実行日 2026/01/07 を更新しました
家計資産シートの実行日更新が完了しました（書式保持）。
[2026/01/07  3:30:23.20] Price update completed successfully 
[2026/01/08  3:30:04.53] Starting price update with correct Python path... 
[2026/01/08  3:30:04.72] Using Python from Anaconda maki2 environment 
2026-01-08 03:30:21,694 - INFO - === 価格データの自動更新を開始 ===
2026-01-08 03:30:21,806 - INFO - --- 仮想通貨価格の更新 ---
2026-01-08 03:30:23,338 - INFO - 仮想通貨価格の更新が完了しました
2026-01-08 03:30:23,341 - INFO - --- 貴金属価格の更新 ---
2026-01-08 03:30:26,601 - INFO - 貴金属価格の更新が完了しました
2026-01-08 03:30:26,635 - INFO - --- 実行日の更新 ---
2026-01-08 03:30:27,733 - INFO - 実行日の更新が完了しました
2026-01-08 03:30:27,749 - INFO - === 更新完了: 3/3 タスクが成功 ===
2026-01-08 03:30:27,757 - INFO - 全ての更新が正常に完了しました
指定されたファイルが見つかりません: MyWork/datasets/maki_250630.xlsx
代替パスを検索中...
ファイルを発見: .\datasets\maki_250630.xlsx
J29（ビットコイン価格）を 1428.81万円 に更新しました
J30（イーサリウム価格）を 49.34万円 に更新しました
ファイル '.\datasets\maki_250630.xlsx' の更新が完了しました（書式保持）。
デバッグ: Excelファイルパス = .\datasets\maki_250630.xlsx
デバッグ: 貴金属価格を取得中...
デバッグ: 取得した価格 = {'gold': 24538.055481464184, 'silver': 422.74112800330073, 'platinum': 12535.75989348302}
デバッグ: Excelファイルを読み込み中...
デバッグ: 利用可能なシート名 = ['ストック', '家計資産', 'calc', '口座', 'フロー', '2nd2', 'Tips', '損益通算', '図', '給与', '2nd']
デバッグ: 'ストック'シートを取得しました
デバッグ: 更新前の値を確認...
デバッグ: 更新前 - 金:rate, 銀:24338.29588344441, プラチナ:418.5043180559229
デバッグ: 更新後の値を確認...
デバッグ: 更新後 - 金:rate, 銀:24538.055481464184, プラチナ:422.74112800330073
R30（金買取価格）を 24538.06円/g に更新しました
R31（銀買取価格）を 422.74円/g に更新しました
R32（プラチナ買取価格）を 12535.76円/g に更新しました
デバッグ: ファイルを保存中...
ストックシートの貴金属価格更新が完了しました（書式保持）。
デバッグ: 保存後の確認...
デバッグ: 保存後確認 - 金:rate, 銀:24538.05548146418, プラチナ:422.7411280033007
H14に実行日 2026/01/08 を更新しました
H16に実行日 2026/01/08 を更新しました
家計資産シートの実行日更新が完了しました（書式保持）。
[2026/01/08  3:30:27.93] Price update completed successfully 
[2026/01/09  3:30:04.84] Starting price update with correct Python path... 
[2026/01/09  3:30:04.90] Using Python from Anaconda maki2 environment 
2026-01-09 03:30:27,071 - INFO - === 価格データの自動更新を開始 ===
2026-01-09 03:30:27,214 - INFO - --- 仮想通貨価格の更新 ---
2026-01-09 03:30:32,543 - INFO - 仮想通貨価格の更新が完了しました
2026-01-09 03:30:32,547 - INFO - --- 貴金属価格の更新 ---
2026-01-09 03:30:35,367 - INFO - 貴金属価格の更新が完了しました
2026-01-09 03:30:35,387 - INFO - --- 実行日の更新 ---
2026-01-09 03:30:36,097 - INFO - 実行日の更新が完了しました
2026-01-09 03:30:36,101 - INFO - === 更新完了: 3/3 タスクが成功 ===
2026-01-09 03:30:36,103 - INFO - 全ての更新が正常に完了しました
指定されたファイルが見つかりません: MyWork/datasets/maki_250630.xlsx
代替パスを検索中...
ファイルを発見: .\datasets\maki_250630.xlsx
J29（ビットコイン価格）を 1429.96万円 に更新しました
J30（イーサリウム価格）を 48.97万円 に更新しました
ファイル '.\datasets\maki_250630.xlsx' の更新が完了しました（書式保持）。
デバッグ: Excelファイルパス = .\datasets\maki_250630.xlsx
デバッグ: 貴金属価格を取得中...
デバッグ: 取得した価格 = {'gold': 24741.595262815787, 'silver': 444.18206810201184, 'platinum': 13317.06206394351}
デバッグ: Excelファイルを読み込み中...
デバッグ: 利用可能なシート名 = ['ストック', '家計資産', 'calc', '口座', 'フロー', '2nd2', 'Tips', '損益通算', '図', '給与', '2nd']
デバッグ: 'ストック'シートを取得しました
デバッグ: 更新前の値を確認...
デバッグ: 更新前 - 金:rate, 銀:24538.05548146418, プラチナ:422.7411280033007
デバッグ: 更新後の値を確認...
デバッグ: 更新後 - 金:rate, 銀:24741.595262815787, プラチナ:444.18206810201184
R30（金買取価格）を 24741.60円/g に更新しました
R31（銀買取価格）を 444.18円/g に更新しました
R32（プラチナ買取価格）を 13317.06円/g に更新しました
デバッグ: ファイルを保存中...
ストックシートの貴金属価格更新が完了しました（書式保持）。
デバッグ: 保存後の確認...
デバッグ: 保存後確認 - 金:rate, 銀:24741.59526281579, プラチナ:444.1820681020118
H14に実行日 2026/01/09 を更新しました
H16に実行日 2026/01/09 を更新しました
家計資産シートの実行日更新が完了しました（書式保持）。
[2026/01/09  3:30:36.22] Price update completed successfully 
[2026/01/10  3:30:05.33] Starting price update with correct Python path... 
[2026/01/10  3:30:05.56] Using Python from Anaconda maki2 environment 
2026-01-10 03:30:38,315 - INFO - === 価格データの自動更新を開始 ===
2026-01-10 03:30:38,411 - INFO - --- 仮想通貨価格の更新 ---
2026-01-10 03:30:40,655 - INFO - 仮想通貨価格の更新が完了しました
2026-01-10 03:30:40,687 - INFO - --- 貴金属価格の更新 ---
2026-01-10 03:30:42,898 - INFO - 貴金属価格の更新が完了しました
2026-01-10 03:30:42,899 - INFO - --- 実行日の更新 ---
2026-01-10 03:30:44,037 - INFO - 実行日の更新が完了しました
2026-01-10 03:30:44,038 - INFO - === 更新完了: 3/3 タスクが成功 ===
2026-01-10 03:30:44,040 - INFO - 全ての更新が正常に完了しました
指定されたファイルが見つかりません: MyWork/datasets/maki_250630.xlsx
代替パスを検索中...
ファイルを発見: .\datasets\maki_250630.xlsx
J29（ビットコイン価格）を 1429.97万円 に更新しました
J30（イーサリウム価格）を 48.69万円 に更新しました
ファイル '.\datasets\maki_250630.xlsx' の更新が完了しました（書式保持）。
デバッグ: Excelファイルパス = .\datasets\maki_250630.xlsx
デバッグ: 貴金属価格を取得中...
デバッグ: 取得した価格 = {'gold': 24839.55884899478, 'silver': 438.5101250357996, 'platinum': 12861.600410861329}
デバッグ: Excelファイルを読み込み中...
デバッグ: 利用可能なシート名 = ['ストック', '家計資産', 'calc', '口座', 'フロー', '2nd2', 'Tips', '損益通算', '図', '給与', '2nd']
デバッグ: 'ストック'シートを取得しました
デバッグ: 更新前の値を確認...
デバッグ: 更新前 - 金:rate, 銀:24741.59526281579, プラチナ:444.1820681020118
デバッグ: 更新後の値を確認...
デバッグ: 更新後 - 金:rate, 銀:24839.55884899478, プラチナ:438.5101250357996
R30（金買取価格）を 24839.56円/g に更新しました
R31（銀買取価格）を 438.51円/g に更新しました
R32（プラチナ買取価格）を 12861.60円/g に更新しました
デバッグ: ファイルを保存中...
ストックシートの貴金属価格更新が完了しました（書式保持）。
デバッグ: 保存後の確認...
デバッグ: 保存後確認 - 金:rate, 銀:24839.55884899478, プラチナ:438.5101250357996
H14に実行日 2026/01/10 を更新しました
H16に実行日 2026/01/10 を更新しました
家計資産シートの実行日更新が完了しました（書式保持）。
[2026/01/10  3:30:44.20] Price update completed successfully 
[2026/01/11  3:30:05.60] Starting price update with correct Python path... 
[2026/01/11  3:30:05.84] Using Python from Anaconda maki2 environment 
2026-01-11 03:30:25,158 - INFO - === 価格データの自動更新を開始 ===
2026-01-11 03:30:25,222 - INFO - --- 仮想通貨価格の更新 ---
2026-01-11 03:30:29,863 - INFO - 仮想通貨価格の更新が完了しました
2026-01-11 03:30:29,865 - INFO - --- 貴金属価格の更新 ---
2026-01-11 03:30:32,627 - INFO - 貴金属価格の更新が完了しました
2026-01-11 03:30:32,631 - INFO - --- 実行日の更新 ---
2026-01-11 03:30:33,306 - INFO - 実行日の更新が完了しました
2026-01-11 03:30:33,307 - INFO - === 更新完了: 3/3 タスクが成功 ===
2026-01-11 03:30:33,310 - INFO - 全ての更新が正常に完了しました
指定されたファイルが見つかりません: MyWork/datasets/maki_250630.xlsx
代替パスを検索中...
ファイルを発見: .\datasets\maki_250630.xlsx
J29（ビットコイン価格）を 1428.05万円 に更新しました
J30（イーサリウム価格）を 48.78万円 に更新しました
ファイル '.\datasets\maki_250630.xlsx' の更新が完了しました（書式保持）。
デバッグ: Excelファイルパス = .\datasets\maki_250630.xlsx
デバッグ: 貴金属価格を取得中...
デバッグ: 取得した価格 = {'gold': 24831.18521562167, 'silver': 422.1897638943829, 'platinum': 12379.052586852205}
デバッグ: Excelファイルを読み込み中...
デバッグ: 利用可能なシート名 = ['ストック', '家計資産', 'calc', '口座', 'フロー', '2nd2', 'Tips', '損益通算', '図', '給与', '2nd']
デバッグ: 'ストック'シートを取得しました
デバッグ: 更新前の値を確認...
デバッグ: 更新前 - 金:rate, 銀:24839.55884899478, プラチナ:438.5101250357996
デバッグ: 更新後の値を確認...
デバッグ: 更新後 - 金:rate, 銀:24831.18521562167, プラチナ:422.1897638943829
R30（金買取価格）を 24831.19円/g に更新しました
R31（銀買取価格）を 422.19円/g に更新しました
R32（プラチナ買取価格）を 12379.05円/g に更新しました
デバッグ: ファイルを保存中...
ストックシートの貴金属価格更新が完了しました（書式保持）。
デバッグ: 保存後の確認...
デバッグ: 保存後確認 - 金:rate, 銀:24831.18521562167, プラチナ:422.1897638943829
H14に実行日 2026/01/11 を更新しました
H16に実行日 2026/01/11 を更新しました
家計資産シートの実行日更新が完了しました（書式保持）。
[2026/01/11  3:30:33.51] Price update completed successfully 
[2026/01/12  3:30:05.22] Starting price update with correct Python path... 
[2026/01/12  3:30:05.38] Using Python from Anaconda maki2 environment 
2026-01-12 03:30:24,952 - INFO - === 価格データの自動更新を開始 ===
2026-01-12 03:30:24,987 - INFO - --- 仮想通貨価格の更新 ---
2026-01-12 03:30:26,228 - INFO - 仮想通貨価格の更新が完了しました
2026-01-12 03:30:26,264 - INFO - --- 貴金属価格の更新 ---
2026-01-12 03:30:28,293 - ERROR - 貴金属価格更新エラー: [Errno 13] Permission denied: '.\\datasets\\maki_250630.xlsx'
2026-01-12 03:30:28,342 - ERROR - 詳細エラー情報: Traceback (most recent call last):
  File "G:\マイドライブ\MyWork\My_rule.py", line 493, in update_all_prices_with_logging
    update_precious_metal_prices_in_excel(file_path)
  File "G:\マイドライブ\MyWork\My_rule.py", line 384, in update_precious_metal_prices_in_excel
    workbook.save(file_path)
  File "C:\Users\maki_\anaconda3\envs\maki2\Lib\site-packages\openpyxl\workbook\workbook.py", line 386, in save
    save_workbook(self, filename)
  File "C:\Users\maki_\anaconda3\envs\maki2\Lib\site-packages\openpyxl\writer\excel.py", line 291, in save_workbook
    archive = ZipFile(filename, 'w', ZIP_DEFLATED, allowZip64=True)
              ^^^^^^^^^^^^^^^^^^^^^^^^^^^^^^^^^^^^^^^^^^^^^^^^^^^^^
  File "C:\Users\maki_\anaconda3\envs\maki2\Lib\zipfile\__init__.py", line 1331, in __init__
    self.fp = io.open(file, filemode)
              ^^^^^^^^^^^^^^^^^^^^^^^
PermissionError: [Errno 13] Permission denied: '.\\datasets\\maki_250630.xlsx'

2026-01-12 03:30:28,356 - INFO - --- 実行日の更新 ---
2026-01-12 03:30:28,904 - INFO - 実行日の更新が完了しました
2026-01-12 03:30:28,922 - INFO - === 更新完了: 2/3 タスクが成功 ===
2026-01-12 03:30:28,984 - WARNING - 1 個のタスクが失敗しました
指定されたファイルが見つかりません: MyWork/datasets/maki_250630.xlsx
代替パスを検索中...
ファイルを発見: .\datasets\maki_250630.xlsx
J29（ビットコイン価格）を 1430.08万円 に更新しました
J30（イーサリウム価格）を 49.16万円 に更新しました
Excel更新エラー: [Errno 13] Permission denied: '.\\datasets\\maki_250630.xlsx'
デバッグ: Excelファイルパス = .\datasets\maki_250630.xlsx
デバッグ: 貴金属価格を取得中...
デバッグ: 取得した価格 = {'gold': 24940.367206607105, 'silver': 441.9568929898747, 'platinum': 12575.609175855016}
デバッグ: Excelファイルを読み込み中...
デバッグ: 利用可能なシート名 = ['ストック', '家計資産', 'calc', '口座', 'フロー', '2nd2', 'Tips', '損益通算', '図', '給与', '2nd']
デバッグ: 'ストック'シートを取得しました
デバッグ: 更新前の値を確認...
デバッグ: 更新前 - 金:rate, 銀:24831.18521562167, プラチナ:422.1897638943829
デバッグ: 更新後の値を確認...
デバッグ: 更新後 - 金:rate, 銀:24940.367206607105, プラチナ:441.9568929898747
R30（金買取価格）を 24940.37円/g に更新しました
R31（銀買取価格）を 441.96円/g に更新しました
R32（プラチナ買取価格）を 12575.61円/g に更新しました
デバッグ: ファイルを保存中...
貴金属価格Excel更新エラー: [Errno 13] Permission denied: '.\\datasets\\maki_250630.xlsx'
詳細エラー情報: Traceback (most recent call last):
  File "G:\マイドライブ\MyWork\My_rule.py", line 384, in update_precious_metal_prices_in_excel
    workbook.save(file_path)
  File "C:\Users\maki_\anaconda3\envs\maki2\Lib\site-packages\openpyxl\workbook\workbook.py", line 386, in save
    save_workbook(self, filename)
  File "C:\Users\maki_\anaconda3\envs\maki2\Lib\site-packages\openpyxl\writer\excel.py", line 291, in save_workbook
    archive = ZipFile(filename, 'w', ZIP_DEFLATED, allowZip64=True)
              ^^^^^^^^^^^^^^^^^^^^^^^^^^^^^^^^^^^^^^^^^^^^^^^^^^^^^
  File "C:\Users\maki_\anaconda3\envs\maki2\Lib\zipfile\__init__.py", line 1331, in __init__
    self.fp = io.open(file, filemode)
              ^^^^^^^^^^^^^^^^^^^^^^^
PermissionError: [Errno 13] Permission denied: '.\\datasets\\maki_250630.xlsx'

H14に実行日 2026/01/12 を更新しました
H16に実行日 2026/01/12 を更新しました
実行日Excel更新エラー: [Errno 13] Permission denied: '.\\datasets\\maki_250630.xlsx'
[2026/01/12  3:30:29.23] Price update completed successfully 
[2026/01/12  5:16:19.30] Starting price update (PowerShell version)... 
[2026/01/12  5:16:25.74] PowerShell execution completed 
[2026/01/13  3:30:05.05] Starting price update with correct Python path... 
[2026/01/13  3:30:05.32] Using Python from Anaconda maki2 environment 
2026-01-13 03:30:24,606 - INFO - === 価格データの自動更新を開始 ===
2026-01-13 03:30:24,797 - INFO - --- 仮想通貨価格の更新 ---
2026-01-13 03:30:26,480 - INFO - 仮想通貨価格の更新が完了しました
2026-01-13 03:30:26,513 - INFO - --- 貴金属価格の更新 ---
2026-01-13 03:30:29,443 - INFO - 貴金属価格の更新が完了しました
2026-01-13 03:30:29,484 - INFO - --- 実行日の更新 ---
2026-01-13 03:30:30,747 - INFO - 実行日の更新が完了しました
2026-01-13 03:30:30,750 - INFO - === 更新完了: 3/3 タスクが成功 ===
2026-01-13 03:30:30,751 - INFO - 全ての更新が正常に完了しました
指定されたファイルが見つかりません: MyWork/datasets/maki_250630.xlsx
代替パスを検索中...
ファイルを発見: .\datasets\maki_250630.xlsx
J29（ビットコイン価格）を 1451.11万円 に更新しました
J30（イーサリウム価格）を 49.23万円 に更新しました
ファイル '.\datasets\maki_250630.xlsx' の更新が完了しました（書式保持）。
デバッグ: Excelファイルパス = .\datasets\maki_250630.xlsx
デバッグ: 貴金属価格を取得中...
デバッグ: 取得した価格 = {'gold': 25147.21310019383, 'silver': 445.59808246218006, 'platinum': 12642.440490314835}
デバッグ: Excelファイルを読み込み中...
デバッグ: 利用可能なシート名 = ['ストック', '家計資産', 'calc', '口座', 'フロー', '2nd2', 'Tips', '損益通算', '図', '給与', '2nd']
デバッグ: 'ストック'シートを取得しました
デバッグ: 更新前の値を確認...
デバッグ: 更新前 - 金:rate, 銀:25142.38434004923, プラチナ:445.5367466418751
デバッグ: 更新後の値を確認...
デバッグ: 更新後 - 金:rate, 銀:25147.21310019383, プラチナ:445.59808246218006
R30（金買取価格）を 25147.21円/g に更新しました
R31（銀買取価格）を 445.60円/g に更新しました
R32（プラチナ買取価格）を 12642.44円/g に更新しました
デバッグ: ファイルを保存中...
ストックシートの貴金属価格更新が完了しました（書式保持）。
デバッグ: 保存後の確認...
デバッグ: 保存後確認 - 金:rate, 銀:25147.21310019383, プラチナ:445.5980824621801
H14に実行日 2026/01/13 を更新しました
H16に実行日 2026/01/13 を更新しました
家計資産シートの実行日更新が完了しました（書式保持）。
[2026/01/13  3:30:30.88] Price update completed successfully 
[2026/01/14  3:30:04.35] Starting price update with correct Python path... 
[2026/01/14  3:30:04.54] Using Python from Anaconda maki2 environment 
2026-01-14 03:30:24,180 - INFO - === 価格データの自動更新を開始 ===
2026-01-14 03:30:24,308 - INFO - --- 仮想通貨価格の更新 ---
2026-01-14 03:30:26,604 - INFO - 仮想通貨価格の更新が完了しました
2026-01-14 03:30:26,611 - INFO - --- 貴金属価格の更新 ---
2026-01-14 03:30:29,293 - INFO - 貴金属価格の更新が完了しました
2026-01-14 03:30:29,303 - INFO - --- 実行日の更新 ---
2026-01-14 03:30:30,404 - INFO - 実行日の更新が完了しました
2026-01-14 03:30:30,417 - INFO - === 更新完了: 3/3 タスクが成功 ===
2026-01-14 03:30:30,421 - INFO - 全ての更新が正常に完了しました
指定されたファイルが見つかりません: MyWork/datasets/maki_250630.xlsx
代替パスを検索中...
ファイルを発見: .\datasets\maki_250630.xlsx
J29（ビットコイン価格）を 1487.34万円 に更新しました
J30（イーサリウム価格）を 50.76万円 に更新しました
ファイル '.\datasets\maki_250630.xlsx' の更新が完了しました（書式保持）。
デバッグ: Excelファイルパス = .\datasets\maki_250630.xlsx
デバッグ: 貴金属価格を取得中...
デバッグ: 取得した価格 = {'gold': 25705.084729016013, 'silver': 468.18479132414575, 'platinum': 13207.681154410799}
デバッグ: Excelファイルを読み込み中...
デバッグ: 利用可能なシート名 = ['ストック', '家計資産', 'calc', '口座', 'フロー', '2nd2', 'Tips', '損益通算', '図', '給与', '2nd']
デバッグ: 'ストック'シートを取得しました
デバッグ: 更新前の値を確認...
デバッグ: 更新前 - 金:rate, 銀:25147.21310019383, プラチナ:445.5980824621801
デバッグ: 更新後の値を確認...
デバッグ: 更新後 - 金:rate, 銀:25705.084729016013, プラチナ:468.18479132414575
R30（金買取価格）を 25705.08円/g に更新しました
R31（銀買取価格）を 468.18円/g に更新しました
R32（プラチナ買取価格）を 13207.68円/g に更新しました
デバッグ: ファイルを保存中...
ストックシートの貴金属価格更新が完了しました（書式保持）。
デバッグ: 保存後の確認...
デバッグ: 保存後確認 - 金:rate, 銀:25705.08472901601, プラチナ:468.1847913241457
H14に実行日 2026/01/14 を更新しました
H16に実行日 2026/01/14 を更新しました
家計資産シートの実行日更新が完了しました（書式保持）。
[2026/01/14  3:30:30.63] Price update completed successfully 
[2026/01/15  3:30:03.23] Starting price update with correct Python path... 
[2026/01/15  3:30:03.31] Using Python from Anaconda maki2 environment 
2026-01-15 03:30:08,638 - INFO - === 価格データの自動更新を開始 ===
2026-01-15 03:30:08,649 - INFO - --- 仮想通貨価格の更新 ---
2026-01-15 03:30:09,192 - INFO - 仮想通貨価格の更新が完了しました
2026-01-15 03:30:09,192 - INFO - --- 貴金属価格の更新 ---
2026-01-15 03:30:20,704 - INFO - 貴金属価格の更新が完了しました
2026-01-15 03:30:20,704 - INFO - --- 実行日の更新 ---
2026-01-15 03:30:20,955 - INFO - 実行日の更新が完了しました
2026-01-15 03:30:20,955 - INFO - === 更新完了: 3/3 タスクが成功 ===
2026-01-15 03:30:20,955 - INFO - 全ての更新が正常に完了しました
指定されたファイルが見つかりません: MyWork/datasets/maki_250630.xlsx
代替パスを検索中...
ファイルを発見: .\datasets\maki_250630.xlsx
J29（ビットコイン価格）を 1536.22万円 に更新しました
J30（イーサリウム価格）を 53.02万円 に更新しました
ファイル '.\datasets\maki_250630.xlsx' の更新が完了しました（書式保持）。
デバッグ: Excelファイルパス = .\datasets\maki_250630.xlsx
デバッグ: 貴金属価格を取得中...
デバッグ: 取得した価格 = {'gold': 25673.402542723077, 'silver': 470.64952051453184, 'platinum': 13009.757271962899}
デバッグ: Excelファイルを読み込み中...
デバッグ: 利用可能なシート名 = ['ストック', '家計資産', 'calc', '口座', 'フロー', '2nd2', 'Tips', '損益通算', '図', '給与', '2nd']
デバッグ: 'ストック'シートを取得しました
デバッグ: 更新前の値を確認...
デバッグ: 更新前 - 金:rate, 銀:25705.08472901601, プラチナ:468.1847913241457
デバッグ: 更新後の値を確認...
デバッグ: 更新後 - 金:rate, 銀:25673.402542723077, プラチナ:470.64952051453184
R30（金買取価格）を 25673.40円/g に更新しました
R31（銀買取価格）を 470.65円/g に更新しました
R32（プラチナ買取価格）を 13009.76円/g に更新しました
デバッグ: ファイルを保存中...
ストックシートの貴金属価格更新が完了しました（書式保持）。
デバッグ: 保存後の確認...
デバッグ: 保存後確認 - 金:rate, 銀:25673.40254272308, プラチナ:470.6495205145318
H14に実行日 2026/01/15 を更新しました
H16に実行日 2026/01/15 を更新しました
家計資産シートの実行日更新が完了しました（書式保持）。
[2026/01/15  3:30:21.03] Price update completed successfully 
[2026/01/16  3:30:01.80] Starting price update with correct Python path... 
[2026/01/16  3:30:01.82] Using Python from Anaconda maki2 environment 
2026-01-16 03:30:07,226 - INFO - === 価格データの自動更新を開始 ===
2026-01-16 03:30:07,232 - INFO - --- 仮想通貨価格の更新 ---
2026-01-16 03:30:07,812 - INFO - 仮想通貨価格の更新が完了しました
2026-01-16 03:30:07,812 - INFO - --- 貴金属価格の更新 ---
2026-01-16 03:30:09,194 - INFO - 貴金属価格の更新が完了しました
2026-01-16 03:30:09,194 - INFO - --- 実行日の更新 ---
2026-01-16 03:30:09,325 - INFO - 実行日の更新が完了しました
2026-01-16 03:30:09,325 - INFO - === 更新完了: 3/3 タスクが成功 ===
2026-01-16 03:30:09,325 - INFO - 全ての更新が正常に完了しました
指定されたファイルが見つかりません: MyWork/datasets/maki_250630.xlsx
代替パスを検索中...
ファイルを発見: .\datasets\maki_250630.xlsx
J29（ビットコイン価格）を 1523.60万円 に更新しました
J30（イーサリウム価格）を 52.31万円 に更新しました
ファイル '.\datasets\maki_250630.xlsx' の更新が完了しました（書式保持）。
デバッグ: Excelファイルパス = .\datasets\maki_250630.xlsx
デバッグ: 貴金属価格を取得中...
デバッグ: 取得した価格 = {'gold': 25804.51623873377, 'silver': 497.472577644941, 'platinum': 13279.043986652285}
デバッグ: Excelファイルを読み込み中...
デバッグ: 利用可能なシート名 = ['ストック', '家計資産', 'calc', '口座', 'フロー', '2nd2', 'Tips', '損益通算', '図', '給与', '2nd']
デバッグ: 'ストック'シートを取得しました
デバッグ: 更新前の値を確認...
デバッグ: 更新前 - 金:rate, 銀:25673.40254272308, プラチナ:470.6495205145318
デバッグ: 更新後の値を確認...
デバッグ: 更新後 - 金:rate, 銀:25804.51623873377, プラチナ:497.472577644941
R30（金買取価格）を 25804.52円/g に更新しました
R31（銀買取価格）を 497.47円/g に更新しました
R32（プラチナ買取価格）を 13279.04円/g に更新しました
デバッグ: ファイルを保存中...
ストックシートの貴金属価格更新が完了しました（書式保持）。
デバッグ: 保存後の確認...
デバッグ: 保存後確認 - 金:rate, 銀:25804.51623873377, プラチナ:497.472577644941
H14に実行日 2026/01/16 を更新しました
H16に実行日 2026/01/16 を更新しました
家計資産シートの実行日更新が完了しました（書式保持）。
[2026/01/16  3:30:09.41] Price update completed successfully 
[2026/01/17  3:30:01.60] Starting price update with correct Python path... 
[2026/01/17  3:30:01.64] Using Python from Anaconda maki2 environment 
2026-01-17 03:30:07,075 - INFO - === 価格データの自動更新を開始 ===
2026-01-17 03:30:07,098 - INFO - --- 仮想通貨価格の更新 ---
2026-01-17 03:30:07,652 - INFO - 仮想通貨価格の更新が完了しました
2026-01-17 03:30:07,652 - INFO - --- 貴金属価格の更新 ---
2026-01-17 03:30:08,833 - INFO - 貴金属価格の更新が完了しました
2026-01-17 03:30:08,833 - INFO - --- 実行日の更新 ---
2026-01-17 03:30:09,058 - INFO - 実行日の更新が完了しました
2026-01-17 03:30:09,058 - INFO - === 更新完了: 3/3 タスクが成功 ===
2026-01-17 03:30:09,058 - INFO - 全ての更新が正常に完了しました
指定されたファイルが見つかりません: MyWork/datasets/maki_250630.xlsx
代替パスを検索中...
ファイルを発見: .\datasets\maki_250630.xlsx
J29（ビットコイン価格）を 1505.30万円 に更新しました
J30（イーサリウム価格）を 51.93万円 に更新しました
ファイル '.\datasets\maki_250630.xlsx' の更新が完了しました（書式保持）。
デバッグ: Excelファイルパス = .\datasets\maki_250630.xlsx
デバッグ: 貴金属価格を取得中...
デバッグ: 取得した価格 = {'gold': 25747.09130068361, 'silver': 511.9523815060296, 'platinum': 13095.749663480596}
デバッグ: Excelファイルを読み込み中...
デバッグ: 利用可能なシート名 = ['ストック', '家計資産', 'calc', '口座', 'フロー', '2nd2', 'Tips', '損益通算', '図', '給与', '2nd']
デバッグ: 'ストック'シートを取得しました
デバッグ: 更新前の値を確認...
デバッグ: 更新前 - 金:rate, 銀:25804.51623873377, プラチナ:497.472577644941
デバッグ: 更新後の値を確認...
デバッグ: 更新後 - 金:rate, 銀:25747.09130068361, プラチナ:511.9523815060296
R30（金買取価格）を 25747.09円/g に更新しました
R31（銀買取価格）を 511.95円/g に更新しました
R32（プラチナ買取価格）を 13095.75円/g に更新しました
デバッグ: ファイルを保存中...
ストックシートの貴金属価格更新が完了しました（書式保持）。
デバッグ: 保存後の確認...
デバッグ: 保存後確認 - 金:rate, 銀:25747.09130068361, プラチナ:511.9523815060296
H14に実行日 2026/01/17 を更新しました
H16に実行日 2026/01/17 を更新しました
家計資産シートの実行日更新が完了しました（書式保持）。
[2026/01/17  3:30:09.16] Price update completed successfully 
[2026/01/18  3:30:01.90] Starting price update with correct Python path... 
[2026/01/18  3:30:01.99] Using Python from Anaconda maki2 environment 
2026-01-18 03:30:07,006 - INFO - === 価格データの自動更新を開始 ===
2026-01-18 03:30:07,031 - INFO - --- 仮想通貨価格の更新 ---
2026-01-18 03:30:07,560 - INFO - 仮想通貨価格の更新が完了しました
2026-01-18 03:30:07,560 - INFO - --- 貴金属価格の更新 ---
2026-01-18 03:30:09,077 - INFO - 貴金属価格の更新が完了しました
2026-01-18 03:30:09,077 - INFO - --- 実行日の更新 ---
2026-01-18 03:30:09,268 - INFO - 実行日の更新が完了しました
2026-01-18 03:30:09,268 - INFO - === 更新完了: 3/3 タスクが成功 ===
2026-01-18 03:30:09,268 - INFO - 全ての更新が正常に完了しました
指定されたファイルが見つかりません: MyWork/datasets/maki_250630.xlsx
代替パスを検索中...
ファイルを発見: .\datasets\maki_250630.xlsx
J29（ビットコイン価格）を 1509.35万円 に更新しました
J30（イーサリウム価格）を 52.48万円 に更新しました
ファイル '.\datasets\maki_250630.xlsx' の更新が完了しました（書式保持）。
デバッグ: Excelファイルパス = .\datasets\maki_250630.xlsx
デバッグ: 貴金属価格を取得中...
デバッグ: 取得した価格 = {'gold': 25705.767385049297, 'silver': 512.196634555487, 'platinum': 13410.85798567678}
デバッグ: Excelファイルを読み込み中...
デバッグ: 利用可能なシート名 = ['ストック', '家計資産', 'calc', '口座', 'フロー', '2nd2', 'Tips', '損益通算', '図', '給与', '2nd']
デバッグ: 'ストック'シートを取得しました
デバッグ: 更新前の値を確認...
デバッグ: 更新前 - 金:rate, 銀:25747.09130068361, プラチナ:511.9523815060296
デバッグ: 更新後の値を確認...
デバッグ: 更新後 - 金:rate, 銀:25705.767385049297, プラチナ:512.196634555487
R30（金買取価格）を 25705.77円/g に更新しました
R31（銀買取価格）を 512.20円/g に更新しました
R32（プラチナ買取価格）を 13410.86円/g に更新しました
デバッグ: ファイルを保存中...
ストックシートの貴金属価格更新が完了しました（書式保持）。
デバッグ: 保存後の確認...
デバッグ: 保存後確認 - 金:rate, 銀:25705.7673850493, プラチナ:512.196634555487
H14に実行日 2026/01/18 を更新しました
H16に実行日 2026/01/18 を更新しました
家計資産シートの実行日更新が完了しました（書式保持）。
[2026/01/18  3:30:09.35] Price update completed successfully 
[2026/01/19  4:00:45.73] Starting price update (PowerShell version)... 
[2026/01/19  4:00:54.89] PowerShell execution completed 
[2026/01/20  4:43:02.21] Starting price update (PowerShell version)... 
[2026/01/20  4:43:12.47] PowerShell execution completed 
[2026/01/21  4:04:44.21] Starting price update with correct Python path... 
[2026/01/21  4:04:44.24] Using Python from Anaconda maki2 environment 
2026-01-21 04:04:56,173 - INFO - === 価格データの自動更新を開始 ===
2026-01-21 04:04:56,200 - INFO - --- 仮想通貨価格の更新 ---
2026-01-21 04:04:56,919 - INFO - 仮想通貨価格の更新が完了しました
2026-01-21 04:04:56,919 - INFO - --- 貴金属価格の更新 ---
2026-01-21 04:04:58,281 - INFO - 貴金属価格の更新が完了しました
2026-01-21 04:04:58,281 - INFO - --- 実行日の更新 ---
2026-01-21 04:04:58,523 - INFO - 実行日の更新が完了しました
2026-01-21 04:04:58,523 - INFO - === 更新完了: 3/3 タスクが成功 ===
2026-01-21 04:04:58,523 - INFO - 全ての更新が正常に完了しました
指定されたファイルが見つかりません: MyWork/datasets/maki_250630.xlsx
代替パスを検索中...
ファイルを発見: .\datasets\maki_250630.xlsx
J29（ビットコイン価格）を 1414.49万円 に更新しました
J30（イーサリウム価格）を 47.29万円 に更新しました
ファイル '.\datasets\maki_250630.xlsx' の更新が完了しました（書式保持）。
デバッグ: Excelファイルパス = .\datasets\maki_250630.xlsx
デバッグ: 貴金属価格を取得中...
デバッグ: 取得した価格 = {'gold': 26023.636533290508, 'silver': 522.3601699010709, 'platinum': 13155.634659113546}
デバッグ: Excelファイルを読み込み中...
デバッグ: 利用可能なシート名 = ['ストック', '家計資産', 'calc', '口座', 'フロー', '2nd2', 'Tips', '損益通算', '図', '給与', '2nd']
デバッグ: 'ストック'シートを取得しました
デバッグ: 更新前の値を確認...
デバッグ: 更新前 - 金:rate, 銀:25631.10298435395, プラチナ:502.5401655827773
デバッグ: 更新後の値を確認...
デバッグ: 更新後 - 金:rate, 銀:26023.636533290508, プラチナ:522.3601699010709
R30（金買取価格）を 26023.64円/g に更新しました
R31（銀買取価格）を 522.36円/g に更新しました
R32（プラチナ買取価格）を 13155.63円/g に更新しました
デバッグ: ファイルを保存中...
ストックシートの貴金属価格更新が完了しました（書式保持）。
デバッグ: 保存後の確認...
デバッグ: 保存後確認 - 金:rate, 銀:26023.63653329051, プラチナ:522.3601699010709
H14に実行日 2026/01/21 を更新しました
H16に実行日 2026/01/21 を更新しました
家計資産シートの実行日更新が完了しました（書式保持）。
[2026/01/21  4:04:58.63] Price update completed successfully 
[2026/01/22  3:30:45.14] Starting price update with correct Python path... 
[2026/01/22  3:30:45.16] Using Python from Anaconda maki2 environment 
2026-01-22 03:30:53,283 - INFO - === 価格データの自動更新を開始 ===
2026-01-22 03:30:53,300 - INFO - --- 仮想通貨価格の更新 ---
2026-01-22 03:30:53,946 - INFO - 仮想通貨価格の更新が完了しました
2026-01-22 03:30:53,946 - INFO - --- 貴金属価格の更新 ---
2026-01-22 03:30:55,462 - INFO - 貴金属価格の更新が完了しました
2026-01-22 03:30:55,466 - INFO - --- 実行日の更新 ---
2026-01-22 03:30:55,716 - INFO - 実行日の更新が完了しました
2026-01-22 03:30:55,716 - INFO - === 更新完了: 3/3 タスクが成功 ===
2026-01-22 03:30:55,716 - INFO - 全ての更新が正常に完了しました
指定されたファイルが見つかりません: MyWork/datasets/maki_250630.xlsx
代替パスを検索中...
ファイルを発見: .\datasets\maki_250630.xlsx
J29（ビットコイン価格）を 1390.41万円 に更新しました
J30（イーサリウム価格）を 45.92万円 に更新しました
ファイル '.\datasets\maki_250630.xlsx' の更新が完了しました（書式保持）。
デバッグ: Excelファイルパス = .\datasets\maki_250630.xlsx
デバッグ: 貴金属価格を取得中...
デバッグ: 取得した価格 = {'gold': 26061.107356023087, 'silver': 522.0096863349496, 'platinum': 13135.5822125172}
デバッグ: Excelファイルを読み込み中...
デバッグ: 利用可能なシート名 = ['ストック', '家計資産', 'calc', '口座', 'フロー', '2nd2', 'Tips', '損益通算', '図', '給与', '2nd']
デバッグ: 'ストック'シートを取得しました
デバッグ: 更新前の値を確認...
デバッグ: 更新前 - 金:rate, 銀:26023.63653329051, プラチナ:522.3601699010709
デバッグ: 更新後の値を確認...
デバッグ: 更新後 - 金:rate, 銀:26061.107356023087, プラチナ:522.0096863349496
R30（金買取価格）を 26061.11円/g に更新しました
R31（銀買取価格）を 522.01円/g に更新しました
R32（プラチナ買取価格）を 13135.58円/g に更新しました
デバッグ: ファイルを保存中...
ストックシートの貴金属価格更新が完了しました（書式保持）。
デバッグ: 保存後の確認...
デバッグ: 保存後確認 - 金:rate, 銀:26061.10735602309, プラチナ:522.0096863349496
H14に実行日 2026/01/22 を更新しました
H16に実行日 2026/01/22 を更新しました
家計資産シートの実行日更新が完了しました（書式保持）。
[2026/01/22  3:30:55.82] Price update completed successfully 
[2026/01/23  3:30:02.54] Starting price update with correct Python path... 
[2026/01/23  3:30:02.58] Using Python from Anaconda maki2 environment 
2026-01-23 03:30:10,457 - INFO - === 価格データの自動更新を開始 ===
2026-01-23 03:30:10,470 - INFO - --- 仮想通貨価格の更新 ---
2026-01-23 03:30:11,038 - INFO - 仮想通貨価格の更新が完了しました
2026-01-23 03:30:11,038 - INFO - --- 貴金属価格の更新 ---
2026-01-23 03:30:12,914 - INFO - 貴金属価格の更新が完了しました
2026-01-23 03:30:12,916 - INFO - --- 実行日の更新 ---
2026-01-23 03:30:13,162 - INFO - 実行日の更新が完了しました
2026-01-23 03:30:13,163 - INFO - === 更新完了: 3/3 タスクが成功 ===
2026-01-23 03:30:13,163 - INFO - 全ての更新が正常に完了しました
指定されたファイルが見つかりません: MyWork/datasets/maki_250630.xlsx
代替パスを検索中...
ファイルを発見: .\datasets\maki_250630.xlsx
J29（ビットコイン価格）を 1417.27万円 に更新しました
J30（イーサリウム価格）を 46.83万円 に更新しました
ファイル '.\datasets\maki_250630.xlsx' の更新が完了しました（書式保持）。
デバッグ: Excelファイルパス = .\datasets\maki_250630.xlsx
デバッグ: 貴金属価格を取得中...
デバッグ: 取得した価格 = {'gold': 26821.490250182174, 'silver': 531.2308382502434, 'platinum': 13925.524537261253}
デバッグ: Excelファイルを読み込み中...
デバッグ: 利用可能なシート名 = ['ストック', '家計資産', 'calc', '口座', 'フロー', '2nd2', 'Tips', '損益通算', '図', '給与', '2nd']
デバッグ: 'ストック'シートを取得しました
デバッグ: 更新前の値を確認...
デバッグ: 更新前 - 金:rate, 銀:27041, プラチナ:522.0096863349496
デバッグ: 更新後の値を確認...
デバッグ: 更新後 - 金:rate, 銀:26821.490250182174, プラチナ:531.2308382502434
R30（金買取価格）を 26821.49円/g に更新しました
R31（銀買取価格）を 531.23円/g に更新しました
R32（プラチナ買取価格）を 13925.52円/g に更新しました
デバッグ: ファイルを保存中...
ストックシートの貴金属価格更新が完了しました（書式保持）。
デバッグ: 保存後の確認...
デバッグ: 保存後確認 - 金:rate, 銀:26821.49025018217, プラチナ:531.2308382502434
H14に実行日 2026/01/23 を更新しました
H16に実行日 2026/01/23 を更新しました
家計資産シートの実行日更新が完了しました（書式保持）。
[2026/01/23  3:30:13.29] Price update completed successfully 
[2026/01/24  3:30:01.80] Starting price update with correct Python path... 
[2026/01/24  3:30:01.84] Using Python from Anaconda maki2 environment 
2026-01-24 03:30:10,394 - INFO - === 価格データの自動更新を開始 ===
2026-01-24 03:30:10,404 - INFO - --- 仮想通貨価格の更新 ---
2026-01-24 03:30:10,918 - INFO - 仮想通貨価格の更新が完了しました
2026-01-24 03:30:10,922 - INFO - --- 貴金属価格の更新 ---
2026-01-24 03:30:12,005 - INFO - 貴金属価格の更新が完了しました
2026-01-24 03:30:12,010 - INFO - --- 実行日の更新 ---
2026-01-24 03:30:12,176 - INFO - 実行日の更新が完了しました
2026-01-24 03:30:12,176 - INFO - === 更新完了: 3/3 タスクが成功 ===
2026-01-24 03:30:12,176 - INFO - 全ての更新が正常に完了しました
指定されたファイルが見つかりません: MyWork/datasets/maki_250630.xlsx
代替パスを検索中...
ファイルを発見: .\datasets\maki_250630.xlsx
J29（ビットコイン価格）を 1417.65万円 に更新しました
J30（イーサリウム価格）を 46.73万円 に更新しました
ファイル '.\datasets\maki_250630.xlsx' の更新が完了しました（書式保持）。
デバッグ: Excelファイルパス = .\datasets\maki_250630.xlsx
デバッグ: 貴金属価格を取得中...
デバッグ: 取得した価格 = {'gold': 26493.344321614408, 'silver': 507.9515170217158, 'platinum': 13239.693196939565}
デバッグ: Excelファイルを読み込み中...
デバッグ: 利用可能なシート名 = ['ストック', '家計資産', 'calc', '口座', 'フロー', '2nd2', 'Tips', '損益通算', '図', '給与', '2nd']
デバッグ: 'ストック'シートを取得しました
デバッグ: 更新前の値を確認...
デバッグ: 更新前 - 金:rate, 銀:26821.49025018217, プラチナ:531.2308382502434
デバッグ: 更新後の値を確認...
デバッグ: 更新後 - 金:rate, 銀:26493.344321614408, プラチナ:507.9515170217158
R30（金買取価格）を 26493.34円/g に更新しました
R31（銀買取価格）を 507.95円/g に更新しました
R32（プラチナ買取価格）を 13239.69円/g に更新しました
デバッグ: ファイルを保存中...
ストックシートの貴金属価格更新が完了しました（書式保持）。
デバッグ: 保存後の確認...
デバッグ: 保存後確認 - 金:rate, 銀:26493.34432161441, プラチナ:507.9515170217158
H14に実行日 2026/01/24 を更新しました
H16に実行日 2026/01/24 を更新しました
家計資産シートの実行日更新が完了しました（書式保持）。
[2026/01/24  3:30:12.31] Price update completed successfully 
[2026/01/25  3:30:01.82] Starting price update with correct Python path... 
[2026/01/25  3:30:01.84] Using Python from Anaconda maki2 environment 
2026-01-25 03:30:09,301 - INFO - === 価格データの自動更新を開始 ===
2026-01-25 03:30:09,341 - INFO - --- 仮想通貨価格の更新 ---
2026-01-25 03:30:10,434 - INFO - 仮想通貨価格の更新が完了しました
2026-01-25 03:30:10,437 - INFO - --- 貴金属価格の更新 ---
2026-01-25 03:30:12,395 - INFO - 貴金属価格の更新が完了しました
2026-01-25 03:30:12,395 - INFO - --- 実行日の更新 ---
2026-01-25 03:30:12,991 - INFO - 実行日の更新が完了しました
2026-01-25 03:30:12,991 - INFO - === 更新完了: 3/3 タスクが成功 ===
2026-01-25 03:30:12,991 - INFO - 全ての更新が正常に完了しました
指定されたファイルが見つかりません: MyWork/datasets/maki_250630.xlsx
代替パスを検索中...
ファイルを発見: .\datasets\maki_250630.xlsx
J29（ビットコイン価格）を 1389.85万円 に更新しました
J30（イーサリウム価格）を 46.08万円 に更新しました
ファイル '.\datasets\maki_250630.xlsx' の更新が完了しました（書式保持）。
デバッグ: Excelファイルパス = .\datasets\maki_250630.xlsx
デバッグ: 貴金属価格を取得中...
デバッグ: 取得した価格 = {'gold': 27171.26705743201, 'silver': 535.3761198890575, 'platinum': 14483.459928525706}
デバッグ: Excelファイルを読み込み中...
デバッグ: 利用可能なシート名 = ['ストック', '家計資産', 'calc', '口座', 'フロー', '2nd2', 'Tips', '損益通算', '図', '給与', '2nd']
デバッグ: 'ストック'シートを取得しました
デバッグ: 更新前の値を確認...
デバッグ: 更新前 - 金:rate, 銀:27703, プラチナ:550
デバッグ: 更新後の値を確認...
デバッグ: 更新後 - 金:rate, 銀:27171.26705743201, プラチナ:535.3761198890575
R30（金買取価格）を 27171.27円/g に更新しました
R31（銀買取価格）を 535.38円/g に更新しました
R32（プラチナ買取価格）を 14483.46円/g に更新しました
デバッグ: ファイルを保存中...
ストックシートの貴金属価格更新が完了しました（書式保持）。
デバッグ: 保存後の確認...
デバッグ: 保存後確認 - 金:rate, 銀:27171.26705743201, プラチナ:535.3761198890575
H14に実行日 2026/01/25 を更新しました
H16に実行日 2026/01/25 を更新しました
家計資産シートの実行日更新が完了しました（書式保持）。
[2026/01/25  3:30:13.12] Price update completed successfully 
[2026/01/26  3:30:02.52] Starting price update with correct Python path... 
[2026/01/26  3:30:02.55] Using Python from Anaconda maki2 environment 
2026-01-26 03:30:09,291 - INFO - === 価格データの自動更新を開始 ===
2026-01-26 03:30:09,303 - INFO - --- 仮想通貨価格の更新 ---
2026-01-26 03:30:09,949 - INFO - 仮想通貨価格の更新が完了しました
2026-01-26 03:30:09,949 - INFO - --- 貴金属価格の更新 ---
2026-01-26 03:30:11,341 - INFO - 貴金属価格の更新が完了しました
2026-01-26 03:30:11,341 - INFO - --- 実行日の更新 ---
2026-01-26 03:30:11,517 - INFO - 実行日の更新が完了しました
2026-01-26 03:30:11,517 - INFO - === 更新完了: 3/3 タスクが成功 ===
2026-01-26 03:30:11,517 - INFO - 全ての更新が正常に完了しました
指定されたファイルが見つかりません: MyWork/datasets/maki_250630.xlsx
代替パスを検索中...
ファイルを発見: .\datasets\maki_250630.xlsx
J29（ビットコイン価格）を 1356.31万円 に更新しました
J30（イーサリウム価格）を 44.24万円 に更新しました
ファイル '.\datasets\maki_250630.xlsx' の更新が完了しました（書式保持）。
デバッグ: Excelファイルパス = .\datasets\maki_250630.xlsx
デバッグ: 貴金属価格を取得中...
デバッグ: 取得した価格 = {'gold': 27269.68317919054, 'silver': 564.2034184741281, 'platinum': 15188.138193756788}
デバッグ: Excelファイルを読み込み中...
デバッグ: 利用可能なシート名 = ['ストック', '家計資産', 'calc', '口座', 'フロー', '2nd2', 'Tips', '損益通算', '図', '給与', '2nd']
デバッグ: 'ストック'シートを取得しました
デバッグ: 更新前の値を確認...
デバッグ: 更新前 - 金:rate, 銀:27171.26705743201, プラチナ:535.3761198890575
デバッグ: 更新後の値を確認...
デバッグ: 更新後 - 金:rate, 銀:27269.68317919054, プラチナ:564.2034184741281
R30（金買取価格）を 27269.68円/g に更新しました
R31（銀買取価格）を 564.20円/g に更新しました
R32（プラチナ買取価格）を 15188.14円/g に更新しました
デバッグ: ファイルを保存中...
ストックシートの貴金属価格更新が完了しました（書式保持）。
デバッグ: 保存後の確認...
デバッグ: 保存後確認 - 金:rate, 銀:27269.68317919054, プラチナ:564.2034184741281
H14に実行日 2026/01/26 を更新しました
H16に実行日 2026/01/26 を更新しました
家計資産シートの実行日更新が完了しました（書式保持）。
[2026/01/26  3:30:11.62] Price update completed successfully 
[2026/01/27  3:30:02.36] Starting price update with correct Python path... 
[2026/01/27  3:30:02.41] Using Python from Anaconda maki2 environment 
2026-01-27 03:30:08,245 - INFO - === 価格データの自動更新を開始 ===
2026-01-27 03:30:08,252 - INFO - --- 仮想通貨価格の更新 ---
2026-01-27 03:30:08,828 - INFO - 仮想通貨価格の更新が完了しました
2026-01-27 03:30:08,828 - INFO - --- 貴金属価格の更新 ---
2026-01-27 03:30:10,241 - INFO - 貴金属価格の更新が完了しました
2026-01-27 03:30:10,241 - INFO - --- 実行日の更新 ---
2026-01-27 03:30:10,395 - INFO - 実行日の更新が完了しました
2026-01-27 03:30:10,397 - INFO - === 更新完了: 3/3 タスクが成功 ===
2026-01-27 03:30:10,397 - INFO - 全ての更新が正常に完了しました
指定されたファイルが見つかりません: MyWork/datasets/maki_250630.xlsx
代替パスを検索中...
ファイルを発見: .\datasets\maki_250630.xlsx
J29（ビットコイン価格）を 1354.70万円 に更新しました
J30（イーサリウム価格）を 44.94万円 に更新しました
ファイル '.\datasets\maki_250630.xlsx' の更新が完了しました（書式保持）。
デバッグ: Excelファイルパス = .\datasets\maki_250630.xlsx
デバッグ: 貴金属価格を取得中...
デバッグ: 取得した価格 = {'gold': 27085.689350419943, 'silver': 560.4192603726635, 'platinum': 15083.25862544485}
デバッグ: Excelファイルを読み込み中...
デバッグ: 利用可能なシート名 = ['ストック', '家計資産', 'calc', '口座', 'フロー', '2nd2', 'Tips', '損益通算', '図', '給与', '2nd']
デバッグ: 'ストック'シートを取得しました
デバッグ: 更新前の値を確認...
デバッグ: 更新前 - 金:rate, 銀:27269.68317919054, プラチナ:564.2034184741281
デバッグ: 更新後の値を確認...
デバッグ: 更新後 - 金:rate, 銀:27085.689350419943, プラチナ:560.4192603726635
R30（金買取価格）を 27085.69円/g に更新しました
R31（銀買取価格）を 560.42円/g に更新しました
R32（プラチナ買取価格）を 15083.26円/g に更新しました
デバッグ: ファイルを保存中...
ストックシートの貴金属価格更新が完了しました（書式保持）。
デバッグ: 保存後の確認...
デバッグ: 保存後確認 - 金:rate, 銀:27085.68935041994, プラチナ:560.4192603726635
H14に実行日 2026/01/27 を更新しました
H16に実行日 2026/01/27 を更新しました
家計資産シートの実行日更新が完了しました（書式保持）。
[2026/01/27  3:30:10.51] Price update completed successfully 
[2026/01/28  3:30:02.56] Starting price update with correct Python path... 
[2026/01/28  3:30:02.63] Using Python from Anaconda maki2 environment 
2026-01-28 03:30:08,380 - INFO - === 価格データの自動更新を開始 ===
2026-01-28 03:30:08,392 - INFO - --- 仮想通貨価格の更新 ---
2026-01-28 03:30:08,971 - INFO - 仮想通貨価格の更新が完了しました
2026-01-28 03:30:08,971 - INFO - --- 貴金属価格の更新 ---
2026-01-28 03:30:10,238 - INFO - 貴金属価格の更新が完了しました
2026-01-28 03:30:10,239 - INFO - --- 実行日の更新 ---
2026-01-28 03:30:10,429 - INFO - 実行日の更新が完了しました
2026-01-28 03:30:10,429 - INFO - === 更新完了: 3/3 タスクが成功 ===
2026-01-28 03:30:10,429 - INFO - 全ての更新が正常に完了しました
指定されたファイルが見つかりません: MyWork/datasets/maki_250630.xlsx
代替パスを検索中...
ファイルを発見: .\datasets\maki_250630.xlsx
J29（ビットコイン価格）を 1340.93万円 に更新しました
J30（イーサリウム価格）を 44.95万円 に更新しました
ファイル '.\datasets\maki_250630.xlsx' の更新が完了しました（書式保持）。
デバッグ: Excelファイルパス = .\datasets\maki_250630.xlsx
デバッグ: 貴金属価格を取得中...
デバッグ: 取得した価格 = {'gold': 27256.844757391795, 'silver': 579.9197991857432, 'platinum': 15450.164450178072}
デバッグ: Excelファイルを読み込み中...
デバッグ: 利用可能なシート名 = ['ストック', '家計資産', 'calc', '口座', 'フロー', '2nd2', 'Tips', '損益通算', '図', '給与', '2nd']
デバッグ: 'ストック'シートを取得しました
デバッグ: 更新前の値を確認...
デバッグ: 更新前 - 金:rate, 銀:27085.68935041994, プラチナ:560.4192603726635
デバッグ: 更新後の値を確認...
デバッグ: 更新後 - 金:rate, 銀:27256.844757391795, プラチナ:579.9197991857432
R30（金買取価格）を 27256.84円/g に更新しました
R31（銀買取価格）を 579.92円/g に更新しました
R32（プラチナ買取価格）を 15450.16円/g に更新しました
デバッグ: ファイルを保存中...
ストックシートの貴金属価格更新が完了しました（書式保持）。
デバッグ: 保存後の確認...
デバッグ: 保存後確認 - 金:rate, 銀:27256.84475739179, プラチナ:579.9197991857432
H14に実行日 2026/01/28 を更新しました
H16に実行日 2026/01/28 を更新しました
家計資産シートの実行日更新が完了しました（書式保持）。
[2026/01/28  3:30:10.52] Price update completed successfully 
[2026/01/29  3:30:01.90] Starting price update with correct Python path... 
[2026/01/29  3:30:01.94] Using Python from Anaconda maki2 environment 
2026-01-29 03:30:08,394 - INFO - === 価格データの自動更新を開始 ===
2026-01-29 03:30:08,394 - INFO - --- 仮想通貨価格の更新 ---
2026-01-29 03:30:08,998 - INFO - 仮想通貨価格の更新が完了しました
2026-01-29 03:30:08,999 - INFO - --- 貴金属価格の更新 ---
2026-01-29 03:30:10,098 - INFO - 貴金属価格の更新が完了しました
2026-01-29 03:30:10,098 - INFO - --- 実行日の更新 ---
2026-01-29 03:30:10,311 - INFO - 実行日の更新が完了しました
2026-01-29 03:30:10,311 - INFO - === 更新完了: 3/3 タスクが成功 ===
2026-01-29 03:30:10,316 - INFO - 全ての更新が正常に完了しました
指定されたファイルが見つかりません: MyWork/datasets/maki_250630.xlsx
代替パスを検索中...
ファイルを発見: .\datasets\maki_250630.xlsx
J29（ビットコイン価格）を 1377.08万円 に更新しました
J30（イーサリウム価格）を 46.24万円 に更新しました
ファイル '.\datasets\maki_250630.xlsx' の更新が完了しました（書式保持）。
デバッグ: Excelファイルパス = .\datasets\maki_250630.xlsx
デバッグ: 貴金属価格を取得中...
デバッグ: 取得した価格 = {'gold': 27441.905351073354, 'silver': 594.6679325864637, 'platinum': 14446.914783185055}
デバッグ: Excelファイルを読み込み中...
デバッグ: 利用可能なシート名 = ['ストック', '家計資産', 'calc', '口座', 'フロー', '2nd2', 'Tips', '損益通算', '図', '給与', '2nd']
デバッグ: 'ストック'シートを取得しました
デバッグ: 更新前の値を確認...
デバッグ: 更新前 - 金:rate, 銀:27256.84475739179, プラチナ:579.9197991857432
デバッグ: 更新後の値を確認...
デバッグ: 更新後 - 金:rate, 銀:27441.905351073354, プラチナ:594.6679325864637
R30（金買取価格）を 27441.91円/g に更新しました
R31（銀買取価格）を 594.67円/g に更新しました
R32（プラチナ買取価格）を 14446.91円/g に更新しました
デバッグ: ファイルを保存中...
ストックシートの貴金属価格更新が完了しました（書式保持）。
デバッグ: 保存後の確認...
デバッグ: 保存後確認 - 金:rate, 銀:27441.90535107335, プラチナ:594.6679325864637
H14に実行日 2026/01/29 を更新しました
H16に実行日 2026/01/29 を更新しました
家計資産シートの実行日更新が完了しました（書式保持）。
[2026/01/29  3:30:10.42] Price update completed successfully 
[2026/01/30  3:30:01.70] Starting price update with correct Python path... 
[2026/01/30  3:30:01.78] Using Python from Anaconda maki2 environment 
2026-01-30 03:30:09,519 - INFO - === 価格データの自動更新を開始 ===
2026-01-30 03:30:09,529 - INFO - --- 仮想通貨価格の更新 ---
2026-01-30 03:30:10,314 - INFO - 仮想通貨価格の更新が完了しました
2026-01-30 03:30:10,319 - INFO - --- 貴金属価格の更新 ---
2026-01-30 03:30:12,183 - INFO - 貴金属価格の更新が完了しました
2026-01-30 03:30:12,183 - INFO - --- 実行日の更新 ---
2026-01-30 03:30:12,411 - INFO - 実行日の更新が完了しました
2026-01-30 03:30:12,411 - INFO - === 更新完了: 3/3 タスクが成功 ===
2026-01-30 03:30:12,411 - INFO - 全ての更新が正常に完了しました
指定されたファイルが見つかりません: MyWork/datasets/maki_250630.xlsx
代替パスを検索中...
ファイルを発見: .\datasets\maki_250630.xlsx
J29（ビットコイン価格）を 1282.51万円 に更新しました
J30（イーサリウム価格）を 42.88万円 に更新しました
ファイル '.\datasets\maki_250630.xlsx' の更新が完了しました（書式保持）。
デバッグ: Excelファイルパス = .\datasets\maki_250630.xlsx
デバッグ: 貴金属価格を取得中...
デバッグ: 取得した価格 = {'gold': 28007.657887441208, 'silver': 613.4164233684625, 'platinum': 14376.624392592523}
デバッグ: Excelファイルを読み込み中...
デバッグ: 利用可能なシート名 = ['ストック', '家計資産', 'calc', '口座', 'フロー', '2nd2', 'Tips', '損益通算', '図', '給与', '2nd']
デバッグ: 'ストック'シートを取得しました
デバッグ: 更新前の値を確認...
デバッグ: 更新前 - 金:rate, 銀:30000, プラチナ:640
デバッグ: 更新後の値を確認...
デバッグ: 更新後 - 金:rate, 銀:28007.657887441208, プラチナ:613.4164233684625
R30（金買取価格）を 28007.66円/g に更新しました
R31（銀買取価格）を 613.42円/g に更新しました
R32（プラチナ買取価格）を 14376.62円/g に更新しました
デバッグ: ファイルを保存中...
ストックシートの貴金属価格更新が完了しました（書式保持）。
デバッグ: 保存後の確認...
デバッグ: 保存後確認 - 金:rate, 銀:28007.65788744121, プラチナ:613.4164233684625
H14に実行日 2026/01/30 を更新しました
H16に実行日 2026/01/30 を更新しました
家計資産シートの実行日更新が完了しました（書式保持）。
[2026/01/30  3:30:12.51] Price update completed successfully 
[2026/01/31  3:30:02.07] Starting price update with correct Python path... 
[2026/01/31  3:30:02.12] Using Python from Anaconda maki2 environment 
2026-01-31 03:30:07,863 - INFO - === 価格データの自動更新を開始 ===
2026-01-31 03:30:07,871 - INFO - --- 仮想通貨価格の更新 ---
2026-01-31 03:30:08,412 - INFO - 仮想通貨価格の更新が完了しました
2026-01-31 03:30:08,412 - INFO - --- 貴金属価格の更新 ---
2026-01-31 03:30:09,945 - INFO - 貴金属価格の更新が完了しました
2026-01-31 03:30:09,949 - INFO - --- 実行日の更新 ---
2026-01-31 03:30:10,116 - INFO - 実行日の更新が完了しました
2026-01-31 03:30:10,116 - INFO - === 更新完了: 3/3 タスクが成功 ===
2026-01-31 03:30:10,120 - INFO - 全ての更新が正常に完了しました
指定されたファイルが見つかりません: MyWork/datasets/maki_250630.xlsx
代替パスを検索中...
ファイルを発見: .\datasets\maki_250630.xlsx
J29（ビットコイン価格）を 1270.89万円 に更新しました
J30（イーサリウム価格）を 41.22万円 に更新しました
ファイル '.\datasets\maki_250630.xlsx' の更新が完了しました（書式保持）。
デバッグ: Excelファイルパス = .\datasets\maki_250630.xlsx
デバッグ: 貴金属価格を取得中...
デバッグ: 取得した価格 = {'gold': 29869.891840559238, 'silver': 640.117747558959, 'platinum': 14755.8720786046}
デバッグ: Excelファイルを読み込み中...
デバッグ: 利用可能なシート名 = ['ストック', '家計資産', 'calc', '口座', 'フロー', '2nd2', 'Tips', '損益通算', '図', '給与', '2nd']
デバッグ: 'ストック'シートを取得しました
デバッグ: 更新前の値を確認...
デバッグ: 更新前 - 金:rate, 銀:28007.65788744121, プラチナ:613.4164233684625
デバッグ: 更新後の値を確認...
デバッグ: 更新後 - 金:rate, 銀:29869.891840559238, プラチナ:640.117747558959
R30（金買取価格）を 29869.89円/g に更新しました
R31（銀買取価格）を 640.12円/g に更新しました
R32（プラチナ買取価格）を 14755.87円/g に更新しました
デバッグ: ファイルを保存中...
ストックシートの貴金属価格更新が完了しました（書式保持）。
デバッグ: 保存後の確認...
デバッグ: 保存後確認 - 金:rate, 銀:29869.89184055924, プラチナ:640.117747558959
H14に実行日 2026/01/31 を更新しました
H16に実行日 2026/01/31 を更新しました
家計資産シートの実行日更新が完了しました（書式保持）。
[2026/01/31  3:30:10.21] Price update completed successfully 
[2026/02/01  3:30:01.94] Starting price update with correct Python path... 
[2026/02/01  3:30:01.97] Using Python from Anaconda maki2 environment 
2026-02-01 03:30:09,581 - INFO - === 価格データの自動更新を開始 ===
2026-02-01 03:30:09,588 - INFO - --- 仮想通貨価格の更新 ---
2026-02-01 03:30:10,521 - INFO - 仮想通貨価格の更新が完了しました
2026-02-01 03:30:10,526 - INFO - --- 貴金属価格の更新 ---
2026-02-01 03:30:12,106 - INFO - 貴金属価格の更新が完了しました
2026-02-01 03:30:12,106 - INFO - --- 実行日の更新 ---
2026-02-01 03:30:12,297 - INFO - 実行日の更新が完了しました
2026-02-01 03:30:12,297 - INFO - === 更新完了: 3/3 タスクが成功 ===
2026-02-01 03:30:12,300 - INFO - 全ての更新が正常に完了しました
指定されたファイルが見つかりません: MyWork/datasets/maki_250630.xlsx
代替パスを検索中...
ファイルを発見: .\datasets\maki_250630.xlsx
J29（ビットコイン価格）を 1211.13万円 に更新しました
J30（イーサリウム価格）を 37.03万円 に更新しました
ファイル '.\datasets\maki_250630.xlsx' の更新が完了しました（書式保持）。
デバッグ: Excelファイルパス = .\datasets\maki_250630.xlsx
デバッグ: 貴金属価格を取得中...
デバッグ: 取得した価格 = {'gold': 29119.925918185832, 'silver': 626.8410907615424, 'platinum': 14092.899351541568}
デバッグ: Excelファイルを読み込み中...
デバッグ: 利用可能なシート名 = ['ストック', '家計資産', 'calc', '口座', 'フロー', '2nd2', 'Tips', '損益通算', '図', '給与', '2nd']
デバッグ: 'ストック'シートを取得しました
デバッグ: 更新前の値を確認...
デバッグ: 更新前 - 金:rate, 銀:29869.89184055924, プラチナ:640.117747558959
デバッグ: 更新後の値を確認...
デバッグ: 更新後 - 金:rate, 銀:29119.925918185832, プラチナ:626.8410907615424
R30（金買取価格）を 29119.93円/g に更新しました
R31（銀買取価格）を 626.84円/g に更新しました
R32（プラチナ買取価格）を 14092.90円/g に更新しました
デバッグ: ファイルを保存中...
ストックシートの貴金属価格更新が完了しました（書式保持）。
デバッグ: 保存後の確認...
デバッグ: 保存後確認 - 金:rate, 銀:29119.92591818583, プラチナ:626.8410907615424
H14に実行日 2026/02/01 を更新しました
H16に実行日 2026/02/01 を更新しました
家計資産シートの実行日更新が完了しました（書式保持）。
[2026/02/01  3:30:12.40] Price update completed successfully 
[2026/02/02  3:30:01.94] Starting price update with correct Python path... 
[2026/02/02  3:30:01.96] Using Python from Anaconda maki2 environment 
2026-02-02 03:30:09,024 - INFO - === 価格データの自動更新を開始 ===
2026-02-02 03:30:09,043 - INFO - --- 仮想通貨価格の更新 ---
2026-02-02 03:30:09,775 - INFO - 仮想通貨価格の更新が完了しました
2026-02-02 03:30:09,776 - INFO - --- 貴金属価格の更新 ---
2026-02-02 03:30:11,272 - INFO - 貴金属価格の更新が完了しました
2026-02-02 03:30:11,274 - INFO - --- 実行日の更新 ---
2026-02-02 03:30:11,650 - INFO - 実行日の更新が完了しました
2026-02-02 03:30:11,653 - INFO - === 更新完了: 3/3 タスクが成功 ===
2026-02-02 03:30:11,655 - INFO - 全ての更新が正常に完了しました
指定されたファイルが見つかりません: MyWork/datasets/maki_250630.xlsx
代替パスを検索中...
ファイルを発見: .\datasets\maki_250630.xlsx
J29（ビットコイン価格）を 1207.72万円 に更新しました
J30（イーサリウム価格）を 36.49万円 に更新しました
ファイル '.\datasets\maki_250630.xlsx' の更新が完了しました（書式保持）。
デバッグ: Excelファイルパス = .\datasets\maki_250630.xlsx
デバッグ: 貴金属価格を取得中...
デバッグ: 取得した価格 = {'gold': 26663.207159956044, 'silver': 465.14130773558367, 'platinum': 11848.639066961228}
デバッグ: Excelファイルを読み込み中...
デバッグ: 利用可能なシート名 = ['ストック', '家計資産', 'calc', '口座', 'フロー', '2nd2', 'Tips', '損益通算', '図', '給与', '2nd']
デバッグ: 'ストック'シートを取得しました
デバッグ: 更新前の値を確認...
デバッグ: 更新前 - 金:rate, 銀:29119.92591818583, プラチナ:626.8410907615424
デバッグ: 更新後の値を確認...
デバッグ: 更新後 - 金:rate, 銀:26663.207159956044, プラチナ:465.14130773558367
R30（金買取価格）を 26663.21円/g に更新しました
R31（銀買取価格）を 465.14円/g に更新しました
R32（プラチナ買取価格）を 11848.64円/g に更新しました
デバッグ: ファイルを保存中...
ストックシートの貴金属価格更新が完了しました（書式保持）。
デバッグ: 保存後の確認...
デバッグ: 保存後確認 - 金:rate, 銀:26663.20715995604, プラチナ:465.1413077355837
H14に実行日 2026/02/02 を更新しました
H16に実行日 2026/02/02 を更新しました
家計資産シートの実行日更新が完了しました（書式保持）。
[2026/02/02  3:30:11.78] Price update completed successfully 
[2026/02/03  3:30:02.47] Starting price update with correct Python path... 
[2026/02/03  3:30:02.50] Using Python from Anaconda maki2 environment 
2026-02-03 03:30:10,038 - INFO - === 価格データの自動更新を開始 ===
2026-02-03 03:30:10,042 - INFO - --- 仮想通貨価格の更新 ---
2026-02-03 03:30:13,693 - INFO - 仮想通貨価格の更新が完了しました
2026-02-03 03:30:13,693 - INFO - --- 貴金属価格の更新 ---
2026-02-03 03:30:15,006 - INFO - 貴金属価格の更新が完了しました
2026-02-03 03:30:15,006 - INFO - --- 実行日の更新 ---
2026-02-03 03:30:15,149 - INFO - 実行日の更新が完了しました
2026-02-03 03:30:15,149 - INFO - === 更新完了: 3/3 タスクが成功 ===
2026-02-03 03:30:15,149 - INFO - 全ての更新が正常に完了しました
指定されたファイルが見つかりません: MyWork/datasets/maki_250630.xlsx
代替パスを検索中...
ファイルを発見: .\datasets\maki_250630.xlsx
J29（ビットコイン価格）を 1219.84万円 に更新しました
J30（イーサリウム価格）を 36.35万円 に更新しました
ファイル '.\datasets\maki_250630.xlsx' の更新が完了しました（書式保持）。
デバッグ: Excelファイルパス = .\datasets\maki_250630.xlsx
デバッグ: 貴金属価格を取得中...
デバッグ: 取得した価格 = {'gold': 26863.8209162128, 'silver': 467.9129526811209, 'platinum': 11963.57397212766}
デバッグ: Excelファイルを読み込み中...
デバッグ: 利用可能なシート名 = ['ストック', '家計資産', 'calc', '口座', 'フロー', '2nd2', 'Tips', '損益通算', '図', '給与', '2nd']
デバッグ: 'ストック'シートを取得しました
デバッグ: 更新前の値を確認...
デバッグ: 更新前 - 金:rate, 銀:26663.20715995604, プラチナ:465.1413077355837
デバッグ: 更新後の値を確認...
デバッグ: 更新後 - 金:rate, 銀:26863.8209162128, プラチナ:467.9129526811209
R30（金買取価格）を 26863.82円/g に更新しました
R31（銀買取価格）を 467.91円/g に更新しました
R32（プラチナ買取価格）を 11963.57円/g に更新しました
デバッグ: ファイルを保存中...
ストックシートの貴金属価格更新が完了しました（書式保持）。
デバッグ: 保存後の確認...
デバッグ: 保存後確認 - 金:rate, 銀:26863.8209162128, プラチナ:467.9129526811209
H14に実行日 2026/02/03 を更新しました
H16に実行日 2026/02/03 を更新しました
家計資産シートの実行日更新が完了しました（書式保持）。
[2026/02/03  3:30:15.22] Price update completed successfully 
[2026/02/04  3:30:01.89] Starting price update with correct Python path... 
[2026/02/04  3:30:01.92] Using Python from Anaconda maki2 environment 
2026-02-04 03:30:08,134 - INFO - === 価格データの自動更新を開始 ===
2026-02-04 03:30:08,147 - INFO - --- 仮想通貨価格の更新 ---
2026-02-04 03:30:08,813 - INFO - 仮想通貨価格の更新が完了しました
2026-02-04 03:30:08,814 - INFO - --- 貴金属価格の更新 ---
2026-02-04 03:30:10,663 - INFO - 貴金属価格の更新が完了しました
2026-02-04 03:30:10,667 - INFO - --- 実行日の更新 ---
2026-02-04 03:30:10,838 - INFO - 実行日の更新が完了しました
2026-02-04 03:30:10,838 - INFO - === 更新完了: 3/3 タスクが成功 ===
2026-02-04 03:30:10,838 - INFO - 全ての更新が正常に完了しました
指定されたファイルが見つかりません: MyWork/datasets/maki_250630.xlsx
代替パスを検索中...
ファイルを発見: .\datasets\maki_250630.xlsx
J29（ビットコイン価格）を 1154.33万円 に更新しました
J30（イーサリウム価格）を 33.28万円 に更新しました
ファイル '.\datasets\maki_250630.xlsx' の更新が完了しました（書式保持）。
デバッグ: Excelファイルパス = .\datasets\maki_250630.xlsx
デバッグ: 貴金属価格を取得中...
デバッグ: 取得した価格 = {'gold': 25473.5797654407, 'silver': 443.4519596695466, 'platinum': 11269.042333373922}
デバッグ: Excelファイルを読み込み中...
デバッグ: 利用可能なシート名 = ['ストック', '家計資産', 'calc', '口座', 'フロー', '2nd2', 'Tips', '損益通算', '図', '給与', '2nd']
デバッグ: 'ストック'シートを取得しました
デバッグ: 更新前の値を確認...
デバッグ: 更新前 - 金:rate, 銀:26863.8209162128, プラチナ:467.9129526811209
デバッグ: 更新後の値を確認...
デバッグ: 更新後 - 金:rate, 銀:25473.5797654407, プラチナ:443.4519596695466
R30（金買取価格）を 25473.58円/g に更新しました
R31（銀買取価格）を 443.45円/g に更新しました
R32（プラチナ買取価格）を 11269.04円/g に更新しました
デバッグ: ファイルを保存中...
ストックシートの貴金属価格更新が完了しました（書式保持）。
デバッグ: 保存後の確認...
デバッグ: 保存後確認 - 金:rate, 銀:25473.5797654407, プラチナ:443.4519596695466
H14に実行日 2026/02/04 を更新しました
H16に実行日 2026/02/04 を更新しました
家計資産シートの実行日更新が完了しました（書式保持）。
[2026/02/04  3:30:10.93] Price update completed successfully 
[2026/02/05  3:48:48.96] Starting price update (PowerShell version)... 
[2026/02/05  3:48:59.16] PowerShell execution completed 
[2026/02/06  3:30:03.42] Starting price update with correct Python path... 
[2026/02/06  3:30:03.51] Using Python from Anaconda maki2 environment 
2026-02-06 03:30:09,409 - INFO - === 価格データの自動更新を開始 ===
2026-02-06 03:30:09,417 - INFO - --- 仮想通貨価格の更新 ---
2026-02-06 03:30:10,004 - INFO - 仮想通貨価格の更新が完了しました
2026-02-06 03:30:10,007 - INFO - --- 貴金属価格の更新 ---
2026-02-06 03:30:11,818 - INFO - 貴金属価格の更新が完了しました
2026-02-06 03:30:11,819 - INFO - --- 実行日の更新 ---
2026-02-06 03:30:11,969 - INFO - 実行日の更新が完了しました
2026-02-06 03:30:11,970 - INFO - === 更新完了: 3/3 タスクが成功 ===
2026-02-06 03:30:11,970 - INFO - 全ての更新が正常に完了しました
指定されたファイルが見つかりません: MyWork/datasets/maki_250630.xlsx
代替パスを検索中...
ファイルを発見: .\datasets\maki_250630.xlsx
J29（ビットコイン価格）を 1028.62万円 に更新しました
J30（イーサリウム価格）を 30.32万円 に更新しました
ファイル '.\datasets\maki_250630.xlsx' の更新が完了しました（書式保持）。
デバッグ: Excelファイルパス = .\datasets\maki_250630.xlsx
デバッグ: 貴金属価格を取得中...
デバッグ: 取得した価格 = {'gold': 27889.44825769292, 'silver': 481.00274055791283, 'platinum': 12550.385522058083}
デバッグ: Excelファイルを読み込み中...
デバッグ: 利用可能なシート名 = ['ストック', '家計資産', 'calc', '口座', 'フロー', '2nd2', 'Tips', '損益通算', '図', '給与', '2nd']
デバッグ: 'ストック'シートを取得しました
デバッグ: 更新前の値を確認...
デバッグ: 更新前 - 金:rate, 銀:26659.92615547481, プラチナ:461.8807873964681
デバッグ: 更新後の値を確認...
デバッグ: 更新後 - 金:rate, 銀:27889.44825769292, プラチナ:481.00274055791283
R30（金買取価格）を 27889.45円/g に更新しました
R31（銀買取価格）を 481.00円/g に更新しました
R32（プラチナ買取価格）を 12550.39円/g に更新しました
デバッグ: ファイルを保存中...
ストックシートの貴金属価格更新が完了しました（書式保持）。
デバッグ: 保存後の確認...
デバッグ: 保存後確認 - 金:rate, 銀:27889.44825769292, プラチナ:481.0027405579128
H14に実行日 2026/02/06 を更新しました
H16に実行日 2026/02/06 を更新しました
家計資産シートの実行日更新が完了しました（書式保持）。
[2026/02/06  3:30:12.04] Price update completed successfully 
[2026/02/07  3:30:03.99] Starting price update with correct Python path... 
[2026/02/07  3:30:04.08] Using Python from Anaconda maki2 environment 
2026-02-07 03:30:10,935 - INFO - === 価格データの自動更新を開始 ===
2026-02-07 03:30:10,953 - INFO - --- 仮想通貨価格の更新 ---
2026-02-07 03:30:11,536 - INFO - 仮想通貨価格の更新が完了しました
2026-02-07 03:30:11,536 - INFO - --- 貴金属価格の更新 ---
2026-02-07 03:30:13,206 - INFO - 貴金属価格の更新が完了しました
2026-02-07 03:30:13,207 - INFO - --- 実行日の更新 ---
2026-02-07 03:30:13,373 - INFO - 実行日の更新が完了しました
2026-02-07 03:30:13,373 - INFO - === 更新完了: 3/3 タスクが成功 ===
2026-02-07 03:30:13,375 - INFO - 全ての更新が正常に完了しました
指定されたファイルが見つかりません: MyWork/datasets/maki_250630.xlsx
代替パスを検索中...
ファイルを発見: .\datasets\maki_250630.xlsx
J29（ビットコイン価格）を 1090.81万円 に更新しました
J30（イーサリウム価格）を 31.96万円 に更新しました
ファイル '.\datasets\maki_250630.xlsx' の更新が完了しました（書式保持）。
デバッグ: Excelファイルパス = .\datasets\maki_250630.xlsx
デバッグ: 貴金属価格を取得中...
デバッグ: 取得した価格 = {'gold': 27592.21734950319, 'silver': 490.3828286378756, 'platinum': 12483.284414879814}
デバッグ: Excelファイルを読み込み中...
デバッグ: 利用可能なシート名 = ['ストック', '家計資産', 'calc', '口座', 'フロー', '2nd2', 'Tips', '損益通算', '図', '給与', '2nd']
デバッグ: 'ストック'シートを取得しました
デバッグ: 更新前の値を確認...
デバッグ: 更新前 - 金:rate, 銀:27889.44825769292, プラチナ:481.0027405579128
デバッグ: 更新後の値を確認...
デバッグ: 更新後 - 金:rate, 銀:27592.21734950319, プラチナ:490.3828286378756
R30（金買取価格）を 27592.22円/g に更新しました
R31（銀買取価格）を 490.38円/g に更新しました
R32（プラチナ買取価格）を 12483.28円/g に更新しました
デバッグ: ファイルを保存中...
ストックシートの貴金属価格更新が完了しました（書式保持）。
デバッグ: 保存後の確認...
デバッグ: 保存後確認 - 金:rate, 銀:27592.21734950319, プラチナ:490.3828286378756
H14に実行日 2026/02/07 を更新しました
H16に実行日 2026/02/07 を更新しました
家計資産シートの実行日更新が完了しました（書式保持）。
[2026/02/07  3:30:13.46] Price update completed successfully 
[2026/02/08  3:30:04.07] Starting price update with correct Python path... 
[2026/02/08  3:30:04.09] Using Python from Anaconda maki2 environment 
2026-02-08 03:30:12,062 - INFO - === 価格データの自動更新を開始 ===
2026-02-08 03:30:12,081 - INFO - --- 仮想通貨価格の更新 ---
2026-02-08 03:30:15,578 - INFO - 仮想通貨価格の更新が完了しました
2026-02-08 03:30:15,578 - INFO - --- 貴金属価格の更新 ---
2026-02-08 03:30:17,904 - INFO - 貴金属価格の更新が完了しました
2026-02-08 03:30:17,904 - INFO - --- 実行日の更新 ---
2026-02-08 03:30:18,103 - INFO - 実行日の更新が完了しました
2026-02-08 03:30:18,103 - INFO - === 更新完了: 3/3 タスクが成功 ===
2026-02-08 03:30:18,103 - INFO - 全ての更新が正常に完了しました
指定されたファイルが見つかりません: MyWork/datasets/maki_250630.xlsx
代替パスを検索中...
ファイルを発見: .\datasets\maki_250630.xlsx
J29（ビットコイン価格）を 1088.51万円 に更新しました
J30（イーサリウム価格）を 32.77万円 に更新しました
ファイル '.\datasets\maki_250630.xlsx' の更新が完了しました（書式保持）。
デバッグ: Excelファイルパス = .\datasets\maki_250630.xlsx
デバッグ: 貴金属価格を取得中...
デバッグ: 取得した価格 = {'gold': 26384.357664982846, 'silver': 393.21483015545385, 'platinum': 10807.059343168707}
デバッグ: Excelファイルを読み込み中...
デバッグ: 利用可能なシート名 = ['ストック', '家計資産', 'calc', '口座', 'フロー', '2nd2', 'Tips', '損益通算', '図', '給与', '2nd']
デバッグ: 'ストック'シートを取得しました
デバッグ: 更新前の値を確認...
デバッグ: 更新前 - 金:rate, 銀:27592.21734950319, プラチナ:490.3828286378756
デバッグ: 更新後の値を確認...
デバッグ: 更新後 - 金:rate, 銀:26384.357664982846, プラチナ:393.21483015545385
R30（金買取価格）を 26384.36円/g に更新しました
R31（銀買取価格）を 393.21円/g に更新しました
R32（プラチナ買取価格）を 10807.06円/g に更新しました
デバッグ: ファイルを保存中...
ストックシートの貴金属価格更新が完了しました（書式保持）。
デバッグ: 保存後の確認...
デバッグ: 保存後確認 - 金:rate, 銀:26384.35766498285, プラチナ:393.2148301554539
H14に実行日 2026/02/08 を更新しました
H16に実行日 2026/02/08 を更新しました
家計資産シートの実行日更新が完了しました（書式保持）。
[2026/02/08  3:30:18.18] Price update completed successfully 
[2026/02/09  3:30:01.59] Starting price update with correct Python path... 
[2026/02/09  3:30:01.63] Using Python from Anaconda maki2 environment 
2026-02-09 03:30:10,022 - INFO - === 価格データの自動更新を開始 ===
2026-02-09 03:30:10,033 - INFO - --- 仮想通貨価格の更新 ---
2026-02-09 03:30:13,531 - INFO - 仮想通貨価格の更新が完了しました
2026-02-09 03:30:13,531 - INFO - --- 貴金属価格の更新 ---
2026-02-09 03:30:14,767 - INFO - 貴金属価格の更新が完了しました
2026-02-09 03:30:14,768 - INFO - --- 実行日の更新 ---
2026-02-09 03:30:14,945 - INFO - 実行日の更新が完了しました
2026-02-09 03:30:14,945 - INFO - === 更新完了: 3/3 タスクが成功 ===
2026-02-09 03:30:14,945 - INFO - 全ての更新が正常に完了しました
指定されたファイルが見つかりません: MyWork/datasets/maki_250630.xlsx
代替パスを検索中...
ファイルを発見: .\datasets\maki_250630.xlsx
J29（ビットコイン価格）を 1112.94万円 に更新しました
J30（イーサリウム価格）を 32.90万円 に更新しました
ファイル '.\datasets\maki_250630.xlsx' の更新が完了しました（書式保持）。
デバッグ: Excelファイルパス = .\datasets\maki_250630.xlsx
デバッグ: 貴金属価格を取得中...
デバッグ: 取得した価格 = {'gold': 27435.799493050486, 'silver': 433.81777978240206, 'platinum': 11567.862909943547}
デバッグ: Excelファイルを読み込み中...
デバッグ: 利用可能なシート名 = ['ストック', '家計資産', 'calc', '口座', 'フロー', '2nd2', 'Tips', '損益通算', '図', '給与', '2nd']
デバッグ: 'ストック'シートを取得しました
デバッグ: 更新前の値を確認...
デバッグ: 更新前 - 金:rate, 銀:26384.35766498285, プラチナ:393.2148301554539
デバッグ: 更新後の値を確認...
デバッグ: 更新後 - 金:rate, 銀:27435.799493050486, プラチナ:433.81777978240206
R30（金買取価格）を 27435.80円/g に更新しました
R31（銀買取価格）を 433.82円/g に更新しました
R32（プラチナ買取価格）を 11567.86円/g に更新しました
デバッグ: ファイルを保存中...
ストックシートの貴金属価格更新が完了しました（書式保持）。
デバッグ: 保存後の確認...
デバッグ: 保存後確認 - 金:rate, 銀:27435.79949305049, プラチナ:433.8177797824021
H14に実行日 2026/02/09 を更新しました
H16に実行日 2026/02/09 を更新しました
家計資産シートの実行日更新が完了しました（書式保持）。
[2026/02/09  3:30:15.01] Price update completed successfully 
[2026/02/10  3:30:04.27] Starting price update with correct Python path... 
[2026/02/10  3:30:04.31] Using Python from Anaconda maki2 environment 
2026-02-10 03:30:08,963 - INFO - === 価格データの自動更新を開始 ===
2026-02-10 03:30:08,974 - INFO - --- 仮想通貨価格の更新 ---
2026-02-10 03:30:12,570 - INFO - 仮想通貨価格の更新が完了しました
2026-02-10 03:30:12,570 - INFO - --- 貴金属価格の更新 ---
2026-02-10 03:30:14,019 - INFO - 貴金属価格の更新が完了しました
2026-02-10 03:30:14,019 - INFO - --- 実行日の更新 ---
2026-02-10 03:30:14,236 - INFO - 実行日の更新が完了しました
2026-02-10 03:30:14,237 - INFO - === 更新完了: 3/3 タスクが成功 ===
2026-02-10 03:30:14,237 - INFO - 全ての更新が正常に完了しました
指定されたファイルが見つかりません: MyWork/datasets/maki_250630.xlsx
代替パスを検索中...
ファイルを発見: .\datasets\maki_250630.xlsx
J29（ビットコイン価格）を 1095.37万円 に更新しました
J30（イーサリウム価格）を 32.99万円 に更新しました
ファイル '.\datasets\maki_250630.xlsx' の更新が完了しました（書式保持）。
デバッグ: Excelファイルパス = .\datasets\maki_250630.xlsx
デバッグ: 貴金属価格を取得中...
デバッグ: 取得した価格 = {'gold': 27249.40775189033, 'silver': 423.61014662210596, 'platinum': 11518.45016773826}
デバッグ: Excelファイルを読み込み中...
デバッグ: 利用可能なシート名 = ['ストック', '家計資産', 'calc', '口座', 'フロー', '2nd2', 'Tips', '損益通算', '図', '給与', '2nd']
デバッグ: 'ストック'シートを取得しました
デバッグ: 更新前の値を確認...
デバッグ: 更新前 - 金:rate, 銀:27435.79949305049, プラチナ:433.8177797824021
デバッグ: 更新後の値を確認...
デバッグ: 更新後 - 金:rate, 銀:27249.40775189033, プラチナ:423.61014662210596
R30（金買取価格）を 27249.41円/g に更新しました
R31（銀買取価格）を 423.61円/g に更新しました
R32（プラチナ買取価格）を 11518.45円/g に更新しました
デバッグ: ファイルを保存中...
ストックシートの貴金属価格更新が完了しました（書式保持）。
デバッグ: 保存後の確認...
デバッグ: 保存後確認 - 金:rate, 銀:27249.40775189033, プラチナ:423.610146622106
H14に実行日 2026/02/10 を更新しました
H16に実行日 2026/02/10 を更新しました
家計資産シートの実行日更新が完了しました（書式保持）。
[2026/02/10  3:30:14.31] Price update completed successfully 
[2026/02/11  3:30:03.44] Starting price update with correct Python path... 
[2026/02/11  3:30:03.52] Using Python from Anaconda maki2 environment 
2026-02-11 03:30:08,617 - INFO - === 価格データの自動更新を開始 ===
2026-02-11 03:30:08,632 - INFO - --- 仮想通貨価格の更新 ---
2026-02-11 03:30:12,258 - INFO - 仮想通貨価格の更新が完了しました
2026-02-11 03:30:12,258 - INFO - --- 貴金属価格の更新 ---
2026-02-11 03:30:13,811 - INFO - 貴金属価格の更新が完了しました
2026-02-11 03:30:13,812 - INFO - --- 実行日の更新 ---
2026-02-11 03:30:13,981 - INFO - 実行日の更新が完了しました
2026-02-11 03:30:13,983 - INFO - === 更新完了: 3/3 タスクが成功 ===
2026-02-11 03:30:13,983 - INFO - 全ての更新が正常に完了しました
指定されたファイルが見つかりません: MyWork/datasets/maki_250630.xlsx
代替パスを検索中...
ファイルを発見: .\datasets\maki_250630.xlsx
J29（ビットコイン価格）を 1065.34万円 に更新しました
J30（イーサリウム価格）を 31.04万円 に更新しました
ファイル '.\datasets\maki_250630.xlsx' の更新が完了しました（書式保持）。
デバッグ: Excelファイルパス = .\datasets\maki_250630.xlsx
デバッグ: 貴金属価格を取得中...
デバッグ: 取得した価格 = {'gold': 27070.208688169554, 'silver': 435.0494909275296, 'platinum': 11393.442277578757}
デバッグ: Excelファイルを読み込み中...
デバッグ: 利用可能なシート名 = ['ストック', '家計資産', 'calc', '口座', 'フロー', '2nd2', 'Tips', '損益通算', '図', '給与', '2nd']
デバッグ: 'ストック'シートを取得しました
デバッグ: 更新前の値を確認...
デバッグ: 更新前 - 金:rate, 銀:27249.40775189033, プラチナ:423.610146622106
デバッグ: 更新後の値を確認...
デバッグ: 更新後 - 金:rate, 銀:27070.208688169554, プラチナ:435.0494909275296
R30（金買取価格）を 27070.21円/g に更新しました
R31（銀買取価格）を 435.05円/g に更新しました
R32（プラチナ買取価格）を 11393.44円/g に更新しました
デバッグ: ファイルを保存中...
ストックシートの貴金属価格更新が完了しました（書式保持）。
デバッグ: 保存後の確認...
デバッグ: 保存後確認 - 金:rate, 銀:27070.20868816955, プラチナ:435.0494909275296
H14に実行日 2026/02/11 を更新しました
H16に実行日 2026/02/11 を更新しました
家計資産シートの実行日更新が完了しました（書式保持）。
[2026/02/11  3:30:14.05] Price update completed successfully 
[2026/02/12  4:31:57.58] Starting price update (PowerShell version)... 
[2026/02/12  4:32:05.91] PowerShell execution completed 
[2026/02/13  3:30:03.73] Starting price update with correct Python path... 
[2026/02/13  3:30:03.76] Using Python from Anaconda maki2 environment 
2026-02-13 03:30:08,883 - INFO - === 価格データの自動更新を開始 ===
2026-02-13 03:30:08,892 - INFO - --- 仮想通貨価格の更新 ---
2026-02-13 03:30:12,901 - INFO - 仮想通貨価格の更新が完了しました
2026-02-13 03:30:12,901 - INFO - --- 貴金属価格の更新 ---
2026-02-13 03:30:14,147 - ERROR - 貴金属価格更新エラー: Bad magic number for central directory
2026-02-13 03:30:14,151 - ERROR - 詳細エラー情報: Traceback (most recent call last):
  File "G:\マイドライブ\MyWork\My_rule.py", line 493, in update_all_prices_with_logging
    update_precious_metal_prices_in_excel(file_path)
  File "G:\マイドライブ\MyWork\My_rule.py", line 393, in update_precious_metal_prices_in_excel
    verify_workbook = load_workbook(file_path)
                      ^^^^^^^^^^^^^^^^^^^^^^^^
  File "C:\Users\maki_\anaconda3\envs\maki2\Lib\site-packages\openpyxl\reader\excel.py", line 346, in load_workbook
    reader = ExcelReader(filename, read_only, keep_vba,
             ^^^^^^^^^^^^^^^^^^^^^^^^^^^^^^^^^^^^^^^^^^
  File "C:\Users\maki_\anaconda3\envs\maki2\Lib\site-packages\openpyxl\reader\excel.py", line 123, in __init__
    self.archive = _validate_archive(fn)
                   ^^^^^^^^^^^^^^^^^^^^^
  File "C:\Users\maki_\anaconda3\envs\maki2\Lib\site-packages\openpyxl\reader\excel.py", line 95, in _validate_archive
    archive = ZipFile(filename, 'r')
              ^^^^^^^^^^^^^^^^^^^^^^
  File "C:\Users\maki_\anaconda3\envs\maki2\Lib\zipfile\__init__.py", line 1349, in __init__
    self._RealGetContents()
  File "C:\Users\maki_\anaconda3\envs\maki2\Lib\zipfile\__init__.py", line 1446, in _RealGetContents
    raise BadZipFile("Bad magic number for central directory")
zipfile.BadZipFile: Bad magic number for central directory

2026-02-13 03:30:14,151 - INFO - --- 実行日の更新 ---
2026-02-13 03:30:14,332 - INFO - 実行日の更新が完了しました
2026-02-13 03:30:14,332 - INFO - === 更新完了: 2/3 タスクが成功 ===
2026-02-13 03:30:14,332 - WARNING - 1 個のタスクが失敗しました
指定されたファイルが見つかりません: MyWork/datasets/maki_250630.xlsx
代替パスを検索中...
ファイルを発見: .\datasets\maki_250630.xlsx
J29（ビットコイン価格）を 998.45万円 に更新しました
J30（イーサリウム価格）を 29.17万円 に更新しました
ファイル '.\datasets\maki_250630.xlsx' の更新が完了しました（書式保持）。
デバッグ: Excelファイルパス = .\datasets\maki_250630.xlsx
デバッグ: 貴金属価格を取得中...
デバッグ: 取得した価格 = {'gold': 27201.789973874387, 'silver': 440.25021965596477, 'platinum': 11360.996967781597}
デバッグ: Excelファイルを読み込み中...
デバッグ: 利用可能なシート名 = ['ストック', '家計資産', 'calc', '口座', 'フロー', '2nd2', 'Tips', '損益通算', '図', '給与', '2nd']
デバッグ: 'ストック'シートを取得しました
デバッグ: 更新前の値を確認...
デバッグ: 更新前 - 金:rate, 銀:27132.24079494638, プラチナ:440.8810633573216
デバッグ: 更新後の値を確認...
デバッグ: 更新後 - 金:rate, 銀:27201.789973874387, プラチナ:440.25021965596477
R30（金買取価格）を 27201.79円/g に更新しました
R31（銀買取価格）を 440.25円/g に更新しました
R32（プラチナ買取価格）を 11361.00円/g に更新しました
デバッグ: ファイルを保存中...
ストックシートの貴金属価格更新が完了しました（書式保持）。
デバッグ: 保存後の確認...
貴金属価格Excel更新エラー: Bad magic number for central directory
詳細エラー情報: Traceback (most recent call last):
  File "G:\マイドライブ\MyWork\My_rule.py", line 393, in update_precious_metal_prices_in_excel
    verify_workbook = load_workbook(file_path)
                      ^^^^^^^^^^^^^^^^^^^^^^^^
  File "C:\Users\maki_\anaconda3\envs\maki2\Lib\site-packages\openpyxl\reader\excel.py", line 346, in load_workbook
    reader = ExcelReader(filename, read_only, keep_vba,
             ^^^^^^^^^^^^^^^^^^^^^^^^^^^^^^^^^^^^^^^^^^
  File "C:\Users\maki_\anaconda3\envs\maki2\Lib\site-packages\openpyxl\reader\excel.py", line 123, in __init__
    self.archive = _validate_archive(fn)
                   ^^^^^^^^^^^^^^^^^^^^^
  File "C:\Users\maki_\anaconda3\envs\maki2\Lib\site-packages\openpyxl\reader\excel.py", line 95, in _validate_archive
    archive = ZipFile(filename, 'r')
              ^^^^^^^^^^^^^^^^^^^^^^
  File "C:\Users\maki_\anaconda3\envs\maki2\Lib\zipfile\__init__.py", line 1349, in __init__
    self._RealGetContents()
  File "C:\Users\maki_\anaconda3\envs\maki2\Lib\zipfile\__init__.py", line 1446, in _RealGetContents
    raise BadZipFile("Bad magic number for central directory")
zipfile.BadZipFile: Bad magic number for central directory

H14に実行日 2026/02/13 を更新しました
H16に実行日 2026/02/13 を更新しました
家計資産シートの実行日更新が完了しました（書式保持）。
[2026/02/13  3:30:14.40] Price update completed successfully 
[2026/02/14  3:30:08.22] Starting price update with correct Python path... 
[2026/02/14  3:30:08.24] Using Python from Anaconda maki2 environment 
2026-02-14 03:30:11,768 - INFO - === 価格データの自動更新を開始 ===
2026-02-14 03:30:11,789 - INFO - --- 仮想通貨価格の更新 ---
2026-02-14 03:30:12,443 - INFO - 仮想通貨価格の更新が完了しました
2026-02-14 03:30:12,445 - INFO - --- 貴金属価格の更新 ---
2026-02-14 03:30:14,076 - INFO - 貴金属価格の更新が完了しました
2026-02-14 03:30:14,077 - INFO - --- 実行日の更新 ---
2026-02-14 03:30:14,324 - INFO - 実行日の更新が完了しました
2026-02-14 03:30:14,326 - INFO - === 更新完了: 3/3 タスクが成功 ===
2026-02-14 03:30:14,327 - INFO - 全ての更新が正常に完了しました
指定されたファイルが見つかりません: MyWork/datasets/maki_250630.xlsx
代替パスを検索中...
ファイルを発見: .\datasets\maki_250630.xlsx
J29（ビットコイン価格）を 1055.52万円 に更新しました
J30（イーサリウム価格）を 31.42万円 に更新しました
ファイル '.\datasets\maki_250630.xlsx' の更新が完了しました（書式保持）。
デバッグ: Excelファイルパス = .\datasets\maki_250630.xlsx
デバッグ: 貴金属価格を取得中...
デバッグ: 取得した価格 = {'gold': 27221.300176827674, 'silver': 444.1343826708666, 'platinum': 11231.249097258791}
デバッグ: Excelファイルを読み込み中...
デバッグ: 利用可能なシート名 = ['ストック', '家計資産', 'calc', '口座', 'フロー', '2nd2', 'Tips', '損益通算', '図', '給与', '2nd']
デバッグ: 'ストック'シートを取得しました
デバッグ: 更新前の値を確認...
デバッグ: 更新前 - 金:rate, 銀:27201.78997387439, プラチナ:440.2502196559648
デバッグ: 更新後の値を確認...
デバッグ: 更新後 - 金:rate, 銀:27221.300176827674, プラチナ:444.1343826708666
R30（金買取価格）を 27221.30円/g に更新しました
R31（銀買取価格）を 444.13円/g に更新しました
R32（プラチナ買取価格）を 11231.25円/g に更新しました
デバッグ: ファイルを保存中...
ストックシートの貴金属価格更新が完了しました（書式保持）。
デバッグ: 保存後の確認...
デバッグ: 保存後確認 - 金:rate, 銀:27221.30017682767, プラチナ:444.1343826708666
H14に実行日 2026/02/14 を更新しました
H16に実行日 2026/02/14 を更新しました
家計資産シートの実行日更新が完了しました（書式保持）。
[2026/02/14  3:30:14.43] Price update completed successfully 
[2026/02/15  3:30:02.64] Starting price update with correct Python path... 
[2026/02/15  3:30:02.69] Using Python from Anaconda maki2 environment 
2026-02-15 03:30:12,040 - INFO - === 価格データの自動更新を開始 ===
2026-02-15 03:30:12,052 - INFO - --- 仮想通貨価格の更新 ---
2026-02-15 03:30:13,489 - INFO - 仮想通貨価格の更新が完了しました
2026-02-15 03:30:13,491 - INFO - --- 貴金属価格の更新 ---
2026-02-15 03:30:14,927 - INFO - 貴金属価格の更新が完了しました
2026-02-15 03:30:14,929 - INFO - --- 実行日の更新 ---
2026-02-15 03:30:15,079 - INFO - 実行日の更新が完了しました
2026-02-15 03:30:15,080 - INFO - === 更新完了: 3/3 タスクが成功 ===
2026-02-15 03:30:15,080 - INFO - 全ての更新が正常に完了しました
指定されたファイルが見つかりません: MyWork/datasets/maki_250630.xlsx
代替パスを検索中...
ファイルを発見: .\datasets\maki_250630.xlsx
J29（ビットコイン価格）を 1064.81万円 に更新しました
J30（イーサリウム価格）を 31.78万円 に更新しました
ファイル '.\datasets\maki_250630.xlsx' の更新が完了しました（書式保持）。
デバッグ: Excelファイルパス = .\datasets\maki_250630.xlsx
デバッグ: 貴金属価格を取得中...
デバッグ: 取得した価格 = {'gold': 26672.51690741749, 'silver': 412.3253999827995, 'platinum': 10908.959286348647}
デバッグ: Excelファイルを読み込み中...
デバッグ: 利用可能なシート名 = ['ストック', '家計資産', 'calc', '口座', 'フロー', '2nd2', 'Tips', '損益通算', '図', '給与', '2nd']
デバッグ: 'ストック'シートを取得しました
デバッグ: 更新前の値を確認...
デバッグ: 更新前 - 金:rate, 銀:27221.30017682767, プラチナ:444.1343826708666
デバッグ: 更新後の値を確認...
デバッグ: 更新後 - 金:rate, 銀:26672.51690741749, プラチナ:412.3253999827995
R30（金買取価格）を 26672.52円/g に更新しました
R31（銀買取価格）を 412.33円/g に更新しました
R32（プラチナ買取価格）を 10908.96円/g に更新しました
デバッグ: ファイルを保存中...
ストックシートの貴金属価格更新が完了しました（書式保持）。
デバッグ: 保存後の確認...
デバッグ: 保存後確認 - 金:rate, 銀:26672.51690741749, プラチナ:412.3253999827995
H14に実行日 2026/02/15 を更新しました
H16に実行日 2026/02/15 を更新しました
家計資産シートの実行日更新が完了しました（書式保持）。
[2026/02/15  3:30:15.15] Price update completed successfully 
[2026/02/16  4:04:43.58] Starting price update (PowerShell version)... 
[2026/02/16  4:04:53.29] PowerShell execution completed 
[2026/02/17  3:30:04.51] Starting price update with correct Python path... 
[2026/02/17  3:30:04.66] Using Python from Anaconda maki2 environment 
2026-02-17 03:30:11,834 - INFO - === 価格データの自動更新を開始 ===
2026-02-17 03:30:11,854 - INFO - --- 仮想通貨価格の更新 ---
2026-02-17 03:30:12,404 - INFO - 仮想通貨価格の更新が完了しました
2026-02-17 03:30:12,405 - INFO - --- 貴金属価格の更新 ---
2026-02-17 03:30:14,112 - INFO - 貴金属価格の更新が完了しました
2026-02-17 03:30:14,113 - INFO - --- 実行日の更新 ---
2026-02-17 03:30:14,287 - INFO - 実行日の更新が完了しました
2026-02-17 03:30:14,287 - INFO - === 更新完了: 3/3 タスクが成功 ===
2026-02-17 03:30:14,289 - INFO - 全ての更新が正常に完了しました
指定されたファイルが見つかりません: MyWork/datasets/maki_250630.xlsx
代替パスを検索中...
ファイルを発見: .\datasets\maki_250630.xlsx
J29（ビットコイン価格）を 1045.10万円 に更新しました
J30（イーサリウム価格）を 30.38万円 に更新しました
ファイル '.\datasets\maki_250630.xlsx' の更新が完了しました（書式保持）。
デバッグ: Excelファイルパス = .\datasets\maki_250630.xlsx
デバッグ: 貴金属価格を取得中...
デバッグ: 取得した価格 = {'gold': 27303.87715615903, 'silver': 419.2482270546095, 'platinum': 11185.068744182174}
デバッグ: Excelファイルを読み込み中...
デバッグ: 利用可能なシート名 = ['ストック', '家計資産', 'calc', '口座', 'フロー', '2nd2', 'Tips', '損益通算', '図', '給与', '2nd']
デバッグ: 'ストック'シートを取得しました
デバッグ: 更新前の値を確認...
デバッグ: 更新前 - 金:rate, 銀:27157.43997134578, プラチナ:417.0087407267822
デバッグ: 更新後の値を確認...
デバッグ: 更新後 - 金:rate, 銀:27303.87715615903, プラチナ:419.2482270546095
R30（金買取価格）を 27303.88円/g に更新しました
R31（銀買取価格）を 419.25円/g に更新しました
R32（プラチナ買取価格）を 11185.07円/g に更新しました
デバッグ: ファイルを保存中...
ストックシートの貴金属価格更新が完了しました（書式保持）。
デバッグ: 保存後の確認...
デバッグ: 保存後確認 - 金:rate, 銀:27303.87715615903, プラチナ:419.2482270546095
H14に実行日 2026/02/17 を更新しました
H16に実行日 2026/02/17 を更新しました
家計資産シートの実行日更新が完了しました（書式保持）。
[2026/02/17  3:30:14.37] Price update completed successfully 
[2026/02/18  3:30:03.84] Starting price update with correct Python path... 
[2026/02/18  3:30:03.89] Using Python from Anaconda maki2 environment 
2026-02-18 03:30:13,103 - INFO - === 価格データの自動更新を開始 ===
2026-02-18 03:30:13,112 - INFO - --- 仮想通貨価格の更新 ---
2026-02-18 03:30:16,936 - INFO - 仮想通貨価格の更新が完了しました
2026-02-18 03:30:16,941 - INFO - --- 貴金属価格の更新 ---
2026-02-18 03:30:18,821 - INFO - 貴金属価格の更新が完了しました
2026-02-18 03:30:18,822 - INFO - --- 実行日の更新 ---
2026-02-18 03:30:19,040 - INFO - 実行日の更新が完了しました
2026-02-18 03:30:19,040 - INFO - === 更新完了: 3/3 タスクが成功 ===
2026-02-18 03:30:19,040 - INFO - 全ての更新が正常に完了しました
指定されたファイルが見つかりません: MyWork/datasets/maki_250630.xlsx
代替パスを検索中...
ファイルを発見: .\datasets\maki_250630.xlsx
J29（ビットコイン価格）を 1038.23万円 に更新しました
J30（イーサリウム価格）を 30.49万円 に更新しました
ファイル '.\datasets\maki_250630.xlsx' の更新が完了しました（書式保持）。
デバッグ: Excelファイルパス = .\datasets\maki_250630.xlsx
デバッグ: 貴金属価格を取得中...
デバッグ: 取得した価格 = {'gold': 27164.589771173625, 'silver': 416.01450853541337, 'platinum': 11182.309413261066}
デバッグ: Excelファイルを読み込み中...
デバッグ: 利用可能なシート名 = ['ストック', '家計資産', 'calc', '口座', 'フロー', '2nd2', 'Tips', '損益通算', '図', '給与', '2nd']
デバッグ: 'ストック'シートを取得しました
デバッグ: 更新前の値を確認...
デバッグ: 更新前 - 金:rate, 銀:27303.87715615903, プラチナ:419.2482270546095
デバッグ: 更新後の値を確認...
デバッグ: 更新後 - 金:rate, 銀:27164.589771173625, プラチナ:416.01450853541337
R30（金買取価格）を 27164.59円/g に更新しました
R31（銀買取価格）を 416.01円/g に更新しました
R32（プラチナ買取価格）を 11182.31円/g に更新しました
デバッグ: ファイルを保存中...
ストックシートの貴金属価格更新が完了しました（書式保持）。
デバッグ: 保存後の確認...
デバッグ: 保存後確認 - 金:rate, 銀:27164.58977117363, プラチナ:416.0145085354134
H14に実行日 2026/02/18 を更新しました
H16に実行日 2026/02/18 を更新しました
家計資産シートの実行日更新が完了しました（書式保持）。
[2026/02/18  3:30:19.11] Price update completed successfully 
[2026/02/19  3:30:03.48] Starting price update with correct Python path... 
[2026/02/19  3:30:03.50] Using Python from Anaconda maki2 environment 
2026-02-19 03:30:14,303 - INFO - === 価格データの自動更新を開始 ===
2026-02-19 03:30:14,309 - INFO - --- 仮想通貨価格の更新 ---
2026-02-19 03:30:14,902 - INFO - 仮想通貨価格の更新が完了しました
2026-02-19 03:30:14,902 - INFO - --- 貴金属価格の更新 ---
2026-02-19 03:30:16,443 - INFO - 貴金属価格の更新が完了しました
2026-02-19 03:30:16,444 - INFO - --- 実行日の更新 ---
2026-02-19 03:30:16,612 - INFO - 実行日の更新が完了しました
2026-02-19 03:30:16,612 - INFO - === 更新完了: 3/3 タスクが成功 ===
2026-02-19 03:30:16,613 - INFO - 全ての更新が正常に完了しました
指定されたファイルが見つかりません: MyWork/datasets/maki_250630.xlsx
代替パスを検索中...
ファイルを発見: .\datasets\maki_250630.xlsx
J29（ビットコイン価格）を 1034.35万円 に更新しました
J30（イーサリウム価格）を 30.44万円 に更新しました
ファイル '.\datasets\maki_250630.xlsx' の更新が完了しました（書式保持）。
デバッグ: Excelファイルパス = .\datasets\maki_250630.xlsx
デバッグ: 貴金属価格を取得中...
デバッグ: 取得した価格 = {'gold': 26994.061391995085, 'silver': 405.48145845659747, 'platinum': 11009.810393678521}
デバッグ: Excelファイルを読み込み中...
デバッグ: 利用可能なシート名 = ['ストック', '家計資産', 'calc', '口座', 'フロー', '2nd2', 'Tips', '損益通算', '図', '給与', '2nd']
デバッグ: 'ストック'シートを取得しました
デバッグ: 更新前の値を確認...
デバッグ: 更新前 - 金:rate, 銀:27164.58977117363, プラチナ:416.0145085354134
デバッグ: 更新後の値を確認...
デバッグ: 更新後 - 金:rate, 銀:26994.061391995085, プラチナ:405.48145845659747
R30（金買取価格）を 26994.06円/g に更新しました
R31（銀買取価格）を 405.48円/g に更新しました
R32（プラチナ買取価格）を 11009.81円/g に更新しました
デバッグ: ファイルを保存中...
ストックシートの貴金属価格更新が完了しました（書式保持）。
デバッグ: 保存後の確認...
デバッグ: 保存後確認 - 金:rate, 銀:26994.06139199508, プラチナ:405.4814584565975
H14に実行日 2026/02/19 を更新しました
H16に実行日 2026/02/19 を更新しました
家計資産シートの実行日更新が完了しました（書式保持）。
[2026/02/19  3:30:16.70] Price update completed successfully 
[2026/02/20  3:30:03.50] Starting price update with correct Python path... 
[2026/02/20  3:30:03.69] Using Python from Anaconda maki2 environment 
2026-02-20 03:30:16,766 - INFO - === 価格データの自動更新を開始 ===
2026-02-20 03:30:16,770 - INFO - --- 仮想通貨価格の更新 ---
2026-02-20 03:30:20,209 - INFO - 仮想通貨価格の更新が完了しました
2026-02-20 03:30:20,209 - INFO - --- 貴金属価格の更新 ---
2026-02-20 03:30:21,650 - INFO - 貴金属価格の更新が完了しました
2026-02-20 03:30:21,650 - INFO - --- 実行日の更新 ---
2026-02-20 03:30:21,914 - INFO - 実行日の更新が完了しました
2026-02-20 03:30:21,916 - INFO - === 更新完了: 3/3 タスクが成功 ===
2026-02-20 03:30:21,916 - INFO - 全ての更新が正常に完了しました
指定されたファイルが見つかりません: MyWork/datasets/maki_250630.xlsx
代替パスを検索中...
ファイルを発見: .\datasets\maki_250630.xlsx
J29（ビットコイン価格）を 1036.15万円 に更新しました
J30（イーサリウム価格）を 30.02万円 に更新しました
ファイル '.\datasets\maki_250630.xlsx' の更新が完了しました（書式保持）。
デバッグ: Excelファイルパス = .\datasets\maki_250630.xlsx
デバッグ: 貴金属価格を取得中...
デバッグ: 取得した価格 = {'gold': 26720.694507421656, 'silver': 398.4782339233256, 'platinum': 11091.169478961534}
デバッグ: Excelファイルを読み込み中...
デバッグ: 利用可能なシート名 = ['ストック', '家計資産', 'calc', '口座', 'フロー', '2nd2', 'Tips', '損益通算', '図', '給与', '2nd']
デバッグ: 'ストック'シートを取得しました
デバッグ: 更新前の値を確認...
デバッグ: 更新前 - 金:rate, 銀:26994.06139199508, プラチナ:405.4814584565975
デバッグ: 更新後の値を確認...
デバッグ: 更新後 - 金:rate, 銀:26720.694507421656, プラチナ:398.4782339233256
R30（金買取価格）を 26720.69円/g に更新しました
R31（銀買取価格）を 398.48円/g に更新しました
R32（プラチナ買取価格）を 11091.17円/g に更新しました
デバッグ: ファイルを保存中...
ストックシートの貴金属価格更新が完了しました（書式保持）。
デバッグ: 保存後の確認...
デバッグ: 保存後確認 - 金:rate, 銀:26720.69450742166, プラチナ:398.4782339233256
H14に実行日 2026/02/20 を更新しました
H16に実行日 2026/02/20 を更新しました
家計資産シートの実行日更新が完了しました（書式保持）。
[2026/02/20  3:30:22.02] Price update completed successfully 
[2026/02/21  3:30:03.56] Starting price update with correct Python path... 
[2026/02/21  3:30:03.66] Using Python from Anaconda maki2 environment 
2026-02-21 03:30:25,910 - INFO - === 価格データの自動更新を開始 ===
2026-02-21 03:30:25,958 - INFO - --- 仮想通貨価格の更新 ---
2026-02-21 03:30:30,244 - INFO - 仮想通貨価格の更新が完了しました
2026-02-21 03:30:30,247 - INFO - --- 貴金属価格の更新 ---
2026-02-21 03:30:32,072 - INFO - 貴金属価格の更新が完了しました
2026-02-21 03:30:32,103 - INFO - --- 実行日の更新 ---
2026-02-21 03:30:32,774 - INFO - 実行日の更新が完了しました
2026-02-21 03:30:32,777 - INFO - === 更新完了: 3/3 タスクが成功 ===
2026-02-21 03:30:32,785 - INFO - 全ての更新が正常に完了しました
指定されたファイルが見つかりません: MyWork/datasets/maki_250630.xlsx
代替パスを検索中...
ファイルを発見: .\datasets\maki_250630.xlsx
J29（ビットコイン価格）を 1047.22万円 に更新しました
J30（イーサリウム価格）を 30.47万円 に更新しました
ファイル '.\datasets\maki_250630.xlsx' の更新が完了しました（書式保持）。
デバッグ: Excelファイルパス = .\datasets\maki_250630.xlsx
デバッグ: 貴金属価格を取得中...
デバッグ: 取得した価格 = {'gold': 27128.646470077736, 'silver': 420.256111231734, 'platinum': 11352.131913539813}
デバッグ: Excelファイルを読み込み中...
デバッグ: 利用可能なシート名 = ['ストック', '家計資産', 'calc', '口座', 'フロー', '2nd2', 'Tips', '損益通算', '図', '給与', '2nd']
デバッグ: 'ストック'シートを取得しました
デバッグ: 更新前の値を確認...
デバッグ: 更新前 - 金:rate, 銀:26720.69450742166, プラチナ:398.4782339233256
デバッグ: 更新後の値を確認...
デバッグ: 更新後 - 金:rate, 銀:27128.646470077736, プラチナ:420.256111231734
R30（金買取価格）を 27128.65円/g に更新しました
R31（銀買取価格）を 420.26円/g に更新しました
R32（プラチナ買取価格）を 11352.13円/g に更新しました
デバッグ: ファイルを保存中...
ストックシートの貴金属価格更新が完了しました（書式保持）。
デバッグ: 保存後の確認...
デバッグ: 保存後確認 - 金:rate, 銀:27128.64647007774, プラチナ:420.256111231734
H14に実行日 2026/02/21 を更新しました
H16に実行日 2026/02/21 を更新しました
家計資産シートの実行日更新が完了しました（書式保持）。
[2026/02/21  3:30:32.91] Price update completed successfully 
[2026/02/22  3:30:03.50] Starting price update with correct Python path... 
[2026/02/22  3:30:03.71] Using Python from Anaconda maki2 environment 
2026-02-22 03:30:26,021 - INFO - === 価格データの自動更新を開始 ===
2026-02-22 03:30:26,056 - INFO - --- 仮想通貨価格の更新 ---
2026-02-22 03:30:30,552 - INFO - 仮想通貨価格の更新が完了しました
2026-02-22 03:30:30,554 - INFO - --- 貴金属価格の更新 ---
2026-02-22 03:30:32,855 - ERROR - 貴金属価格更新エラー: Bad magic number for central directory
2026-02-22 03:30:32,885 - ERROR - 詳細エラー情報: Traceback (most recent call last):
  File "G:\マイドライブ\MyWork\My_rule.py", line 493, in update_all_prices_with_logging
    update_precious_metal_prices_in_excel(file_path)
  File "G:\マイドライブ\MyWork\My_rule.py", line 393, in update_precious_metal_prices_in_excel
    verify_workbook = load_workbook(file_path)
                      ^^^^^^^^^^^^^^^^^^^^^^^^
  File "C:\Users\maki_\anaconda3\envs\maki2\Lib\site-packages\openpyxl\reader\excel.py", line 346, in load_workbook
    reader = ExcelReader(filename, read_only, keep_vba,
             ^^^^^^^^^^^^^^^^^^^^^^^^^^^^^^^^^^^^^^^^^^
  File "C:\Users\maki_\anaconda3\envs\maki2\Lib\site-packages\openpyxl\reader\excel.py", line 123, in __init__
    self.archive = _validate_archive(fn)
                   ^^^^^^^^^^^^^^^^^^^^^
  File "C:\Users\maki_\anaconda3\envs\maki2\Lib\site-packages\openpyxl\reader\excel.py", line 95, in _validate_archive
    archive = ZipFile(filename, 'r')
              ^^^^^^^^^^^^^^^^^^^^^^
  File "C:\Users\maki_\anaconda3\envs\maki2\Lib\zipfile\__init__.py", line 1349, in __init__
    self._RealGetContents()
  File "C:\Users\maki_\anaconda3\envs\maki2\Lib\zipfile\__init__.py", line 1446, in _RealGetContents
    raise BadZipFile("Bad magic number for central directory")
zipfile.BadZipFile: Bad magic number for central directory

2026-02-22 03:30:32,913 - INFO - --- 実行日の更新 ---
2026-02-22 03:30:33,835 - INFO - 実行日の更新が完了しました
2026-02-22 03:30:33,837 - INFO - === 更新完了: 2/3 タスクが成功 ===
2026-02-22 03:30:33,840 - WARNING - 1 個のタスクが失敗しました
指定されたファイルが見つかりません: MyWork/datasets/maki_250630.xlsx
代替パスを検索中...
ファイルを発見: .\datasets\maki_250630.xlsx
J29（ビットコイン価格）を 1061.11万円 に更新しました
J30（イーサリウム価格）を 30.83万円 に更新しました
ファイル '.\datasets\maki_250630.xlsx' の更新が完了しました（書式保持）。
デバッグ: Excelファイルパス = .\datasets\maki_250630.xlsx
デバッグ: 貴金属価格を取得中...
デバッグ: 取得した価格 = {'gold': 27415.01166881724, 'silver': 429.67297372113416, 'platinum': 11374.75672222561}
デバッグ: Excelファイルを読み込み中...
デバッグ: 利用可能なシート名 = ['ストック', '家計資産', 'calc', '口座', 'フロー', '2nd2', 'Tips', '損益通算', '図', '給与', '2nd']
デバッグ: 'ストック'シートを取得しました
デバッグ: 更新前の値を確認...
デバッグ: 更新前 - 金:rate, 銀:27128.64647007774, プラチナ:420.256111231734
デバッグ: 更新後の値を確認...
デバッグ: 更新後 - 金:rate, 銀:27415.01166881724, プラチナ:429.67297372113416
R30（金買取価格）を 27415.01円/g に更新しました
R31（銀買取価格）を 429.67円/g に更新しました
R32（プラチナ買取価格）を 11374.76円/g に更新しました
デバッグ: ファイルを保存中...
ストックシートの貴金属価格更新が完了しました（書式保持）。
デバッグ: 保存後の確認...
貴金属価格Excel更新エラー: Bad magic number for central directory
詳細エラー情報: Traceback (most recent call last):
  File "G:\マイドライブ\MyWork\My_rule.py", line 393, in update_precious_metal_prices_in_excel
    verify_workbook = load_workbook(file_path)
                      ^^^^^^^^^^^^^^^^^^^^^^^^
  File "C:\Users\maki_\anaconda3\envs\maki2\Lib\site-packages\openpyxl\reader\excel.py", line 346, in load_workbook
    reader = ExcelReader(filename, read_only, keep_vba,
             ^^^^^^^^^^^^^^^^^^^^^^^^^^^^^^^^^^^^^^^^^^
  File "C:\Users\maki_\anaconda3\envs\maki2\Lib\site-packages\openpyxl\reader\excel.py", line 123, in __init__
    self.archive = _validate_archive(fn)
                   ^^^^^^^^^^^^^^^^^^^^^
  File "C:\Users\maki_\anaconda3\envs\maki2\Lib\site-packages\openpyxl\reader\excel.py", line 95, in _validate_archive
    archive = ZipFile(filename, 'r')
              ^^^^^^^^^^^^^^^^^^^^^^
  File "C:\Users\maki_\anaconda3\envs\maki2\Lib\zipfile\__init__.py", line 1349, in __init__
    self._RealGetContents()
  File "C:\Users\maki_\anaconda3\envs\maki2\Lib\zipfile\__init__.py", line 1446, in _RealGetContents
    raise BadZipFile("Bad magic number for central directory")
zipfile.BadZipFile: Bad magic number for central directory

H14に実行日 2026/02/22 を更新しました
H16に実行日 2026/02/22 を更新しました
家計資産シートの実行日更新が完了しました（書式保持）。
[2026/02/22  3:30:33.96] Price update completed successfully 
[2026/02/23  3:30:03.67] Starting price update with correct Python path... 
[2026/02/23  3:30:03.89] Using Python from Anaconda maki2 environment 
2026-02-23 03:30:20,778 - INFO - === 価格データの自動更新を開始 ===
2026-02-23 03:30:20,873 - INFO - --- 仮想通貨価格の更新 ---
2026-02-23 03:30:25,687 - INFO - 仮想通貨価格の更新が完了しました
2026-02-23 03:30:25,689 - INFO - --- 貴金属価格の更新 ---
2026-02-23 03:30:27,982 - ERROR - 貴金属価格更新エラー: Bad magic number for central directory
2026-02-23 03:30:28,047 - ERROR - 詳細エラー情報: Traceback (most recent call last):
  File "G:\マイドライブ\MyWork\My_rule.py", line 493, in update_all_prices_with_logging
    update_precious_metal_prices_in_excel(file_path)
  File "G:\マイドライブ\MyWork\My_rule.py", line 393, in update_precious_metal_prices_in_excel
    verify_workbook = load_workbook(file_path)
                      ^^^^^^^^^^^^^^^^^^^^^^^^
  File "C:\Users\maki_\anaconda3\envs\maki2\Lib\site-packages\openpyxl\reader\excel.py", line 346, in load_workbook
    reader = ExcelReader(filename, read_only, keep_vba,
             ^^^^^^^^^^^^^^^^^^^^^^^^^^^^^^^^^^^^^^^^^^
  File "C:\Users\maki_\anaconda3\envs\maki2\Lib\site-packages\openpyxl\reader\excel.py", line 123, in __init__
    self.archive = _validate_archive(fn)
                   ^^^^^^^^^^^^^^^^^^^^^
  File "C:\Users\maki_\anaconda3\envs\maki2\Lib\site-packages\openpyxl\reader\excel.py", line 95, in _validate_archive
    archive = ZipFile(filename, 'r')
              ^^^^^^^^^^^^^^^^^^^^^^
  File "C:\Users\maki_\anaconda3\envs\maki2\Lib\zipfile\__init__.py", line 1349, in __init__
    self._RealGetContents()
  File "C:\Users\maki_\anaconda3\envs\maki2\Lib\zipfile\__init__.py", line 1446, in _RealGetContents
    raise BadZipFile("Bad magic number for central directory")
zipfile.BadZipFile: Bad magic number for central directory

2026-02-23 03:30:28,057 - INFO - --- 実行日の更新 ---
2026-02-23 03:30:29,247 - INFO - 実行日の更新が完了しました
2026-02-23 03:30:29,251 - INFO - === 更新完了: 2/3 タスクが成功 ===
2026-02-23 03:30:29,254 - WARNING - 1 個のタスクが失敗しました
指定されたファイルが見つかりません: MyWork/datasets/maki_250630.xlsx
代替パスを検索中...
ファイルを発見: .\datasets\maki_250630.xlsx
J29（ビットコイン価格）を 1042.53万円 に更新しました
J30（イーサリウム価格）を 30.04万円 に更新しました
ファイル '.\datasets\maki_250630.xlsx' の更新が完了しました（書式保持）。
デバッグ: Excelファイルパス = .\datasets\maki_250630.xlsx
デバッグ: 貴金属価格を取得中...
デバッグ: 取得した価格 = {'gold': 27908.42354505627, 'silver': 463.10167935862086, 'platinum': 11823.86437106192}
デバッグ: Excelファイルを読み込み中...
デバッグ: 利用可能なシート名 = ['ストック', '家計資産', 'calc', '口座', 'フロー', '2nd2', 'Tips', '損益通算', '図', '給与', '2nd']
デバッグ: 'ストック'シートを取得しました
デバッグ: 更新前の値を確認...
デバッグ: 更新前 - 金:rate, 銀:27415.01166881724, プラチナ:429.6729737211342
デバッグ: 更新後の値を確認...
デバッグ: 更新後 - 金:rate, 銀:27908.42354505627, プラチナ:463.10167935862086
R30（金買取価格）を 27908.42円/g に更新しました
R31（銀買取価格）を 463.10円/g に更新しました
R32（プラチナ買取価格）を 11823.86円/g に更新しました
デバッグ: ファイルを保存中...
ストックシートの貴金属価格更新が完了しました（書式保持）。
デバッグ: 保存後の確認...
貴金属価格Excel更新エラー: Bad magic number for central directory
詳細エラー情報: Traceback (most recent call last):
  File "G:\マイドライブ\MyWork\My_rule.py", line 393, in update_precious_metal_prices_in_excel
    verify_workbook = load_workbook(file_path)
                      ^^^^^^^^^^^^^^^^^^^^^^^^
  File "C:\Users\maki_\anaconda3\envs\maki2\Lib\site-packages\openpyxl\reader\excel.py", line 346, in load_workbook
    reader = ExcelReader(filename, read_only, keep_vba,
             ^^^^^^^^^^^^^^^^^^^^^^^^^^^^^^^^^^^^^^^^^^
  File "C:\Users\maki_\anaconda3\envs\maki2\Lib\site-packages\openpyxl\reader\excel.py", line 123, in __init__
    self.archive = _validate_archive(fn)
                   ^^^^^^^^^^^^^^^^^^^^^
  File "C:\Users\maki_\anaconda3\envs\maki2\Lib\site-packages\openpyxl\reader\excel.py", line 95, in _validate_archive
    archive = ZipFile(filename, 'r')
              ^^^^^^^^^^^^^^^^^^^^^^
  File "C:\Users\maki_\anaconda3\envs\maki2\Lib\zipfile\__init__.py", line 1349, in __init__
    self._RealGetContents()
  File "C:\Users\maki_\anaconda3\envs\maki2\Lib\zipfile\__init__.py", line 1446, in _RealGetContents
    raise BadZipFile("Bad magic number for central directory")
zipfile.BadZipFile: Bad magic number for central directory

H14に実行日 2026/02/23 を更新しました
H16に実行日 2026/02/23 を更新しました
家計資産シートの実行日更新が完了しました（書式保持）。
[2026/02/23  3:30:29.38] Price update completed successfully 
[2026/02/24  3:30:03.95] Starting price update with correct Python path... 
[2026/02/24  3:30:04.02] Using Python from Anaconda maki2 environment 
2026-02-24 03:30:22,737 - INFO - === 価格データの自動更新を開始 ===
2026-02-24 03:30:22,817 - INFO - --- 仮想通貨価格の更新 ---
2026-02-24 03:30:27,375 - INFO - 仮想通貨価格の更新が完了しました
2026-02-24 03:30:27,382 - INFO - --- 貴金属価格の更新 ---
2026-02-24 03:30:29,771 - INFO - 貴金属価格の更新が完了しました
2026-02-24 03:30:29,810 - INFO - --- 実行日の更新 ---
2026-02-24 03:30:30,754 - INFO - 実行日の更新が完了しました
2026-02-24 03:30:30,761 - INFO - === 更新完了: 3/3 タスクが成功 ===
2026-02-24 03:30:30,763 - INFO - 全ての更新が正常に完了しました
指定されたファイルが見つかりません: MyWork/datasets/maki_250630.xlsx
代替パスを検索中...
ファイルを発見: .\datasets\maki_250630.xlsx
J29（ビットコイン価格）を 1002.23万円 に更新しました
J30（イーサリウム価格）を 28.76万円 に更新しました
ファイル '.\datasets\maki_250630.xlsx' の更新が完了しました（書式保持）。
デバッグ: Excelファイルパス = .\datasets\maki_250630.xlsx
デバッグ: 貴金属価格を取得中...
デバッグ: 取得した価格 = {'gold': 27855.384151629532, 'silver': 462.23478362524884, 'platinum': 11790.052124039323}
デバッグ: Excelファイルを読み込み中...
デバッグ: 利用可能なシート名 = ['ストック', '家計資産', 'calc', '口座', 'フロー', '2nd2', 'Tips', '損益通算', '図', '給与', '2nd']
デバッグ: 'ストック'シートを取得しました
デバッグ: 更新前の値を確認...
デバッグ: 更新前 - 金:rate, 銀:27908.42354505627, プラチナ:463.1016793586209
デバッグ: 更新後の値を確認...
デバッグ: 更新後 - 金:rate, 銀:27855.384151629532, プラチナ:462.23478362524884
R30（金買取価格）を 27855.38円/g に更新しました
R31（銀買取価格）を 462.23円/g に更新しました
R32（プラチナ買取価格）を 11790.05円/g に更新しました
デバッグ: ファイルを保存中...
ストックシートの貴金属価格更新が完了しました（書式保持）。
デバッグ: 保存後の確認...
デバッグ: 保存後確認 - 金:rate, 銀:27855.38415162953, プラチナ:462.2347836252488
H14に実行日 2026/02/24 を更新しました
H16に実行日 2026/02/24 を更新しました
家計資産シートの実行日更新が完了しました（書式保持）。
[2026/02/24  3:30:30.89] Price update completed successfully 
[2026/02/25  3:30:03.31] Starting price update with correct Python path... 
[2026/02/25  3:30:03.36] Using Python from Anaconda maki2 environment 
2026-02-25 03:30:18,668 - INFO - === 価格データの自動更新を開始 ===
2026-02-25 03:30:18,780 - INFO - --- 仮想通貨価格の更新 ---
2026-02-25 03:30:23,200 - INFO - 仮想通貨価格の更新が完了しました
2026-02-25 03:30:23,202 - INFO - --- 貴金属価格の更新 ---
2026-02-25 03:30:25,693 - INFO - 貴金属価格の更新が完了しました
2026-02-25 03:30:25,694 - INFO - --- 実行日の更新 ---
2026-02-25 03:30:26,575 - INFO - 実行日の更新が完了しました
2026-02-25 03:30:26,576 - INFO - === 更新完了: 3/3 タスクが成功 ===
2026-02-25 03:30:26,577 - INFO - 全ての更新が正常に完了しました
指定されたファイルが見つかりません: MyWork/datasets/maki_250630.xlsx
代替パスを検索中...
ファイルを発見: .\datasets\maki_250630.xlsx
J29（ビットコイン価格）を 1001.18万円 に更新しました
J30（イーサリウム価格）を 28.83万円 に更新しました
ファイル '.\datasets\maki_250630.xlsx' の更新が完了しました（書式保持）。
デバッグ: Excelファイルパス = .\datasets\maki_250630.xlsx
デバッグ: 貴金属価格を取得中...
デバッグ: 取得した価格 = {'gold': 28277.19592208316, 'silver': 475.713679080663, 'platinum': 12024.037176120743}
デバッグ: Excelファイルを読み込み中...
デバッグ: 利用可能なシート名 = ['ストック', '家計資産', 'calc', '口座', 'フロー', '2nd2', 'Tips', '損益通算', '図', '給与', '2nd']
デバッグ: 'ストック'シートを取得しました
デバッグ: 更新前の値を確認...
デバッグ: 更新前 - 金:rate, 銀:27855.38415162953, プラチナ:462.2347836252488
デバッグ: 更新後の値を確認...
デバッグ: 更新後 - 金:rate, 銀:28277.19592208316, プラチナ:475.713679080663
R30（金買取価格）を 28277.20円/g に更新しました
R31（銀買取価格）を 475.71円/g に更新しました
R32（プラチナ買取価格）を 12024.04円/g に更新しました
デバッグ: ファイルを保存中...
ストックシートの貴金属価格更新が完了しました（書式保持）。
デバッグ: 保存後の確認...
デバッグ: 保存後確認 - 金:rate, 銀:28277.19592208316, プラチナ:475.713679080663
H14に実行日 2026/02/25 を更新しました
H16に実行日 2026/02/25 を更新しました
家計資産シートの実行日更新が完了しました（書式保持）。
[2026/02/25  3:30:26.70] Price update completed successfully 
[2026/02/26  4:19:52.04] Starting price update (PowerShell version)... 
[2026/02/26  4:20:01.89] PowerShell execution completed 
[2026/02/27  3:30:03.55] Starting price update with correct Python path... 
[2026/02/27  3:30:03.60] Using Python from Anaconda maki2 environment 
2026-02-27 03:30:08,627 - INFO - === 価格データの自動更新を開始 ===
2026-02-27 03:30:08,637 - INFO - --- 仮想通貨価格の更新 ---
2026-02-27 03:30:12,338 - INFO - 仮想通貨価格の更新が完了しました
2026-02-27 03:30:12,338 - INFO - --- 貴金属価格の更新 ---
2026-02-27 03:30:13,932 - INFO - 貴金属価格の更新が完了しました
2026-02-27 03:30:13,932 - INFO - --- 実行日の更新 ---
2026-02-27 03:30:14,168 - INFO - 実行日の更新が完了しました
2026-02-27 03:30:14,168 - INFO - === 更新完了: 3/3 タスクが成功 ===
2026-02-27 03:30:14,169 - INFO - 全ての更新が正常に完了しました
指定されたファイルが見つかりません: MyWork/datasets/maki_250630.xlsx
代替パスを検索中...
ファイルを発見: .\datasets\maki_250630.xlsx
J29（ビットコイン価格）を 1045.43万円 に更新しました
J30（イーサリウム価格）を 31.06万円 に更新しました
ファイル '.\datasets\maki_250630.xlsx' の更新が完了しました（書式保持）。
デバッグ: Excelファイルパス = .\datasets\maki_250630.xlsx
デバッグ: 貴金属価格を取得中...
デバッグ: 取得した価格 = {'gold': 28520.771785324756, 'silver': 484.49950987961705, 'platinum': 12129.004228576017}
デバッグ: Excelファイルを読み込み中...
デバッグ: 利用可能なシート名 = ['ストック', '家計資産', 'calc', '口座', 'フロー', '2nd2', 'Tips', '損益通算', '図', '給与', '2nd']
デバッグ: 'ストック'シートを取得しました
デバッグ: 更新前の値を確認...
デバッグ: 更新前 - 金:rate, 銀:28633.17111192094, プラチナ:480.0690863720818
デバッグ: 更新後の値を確認...
デバッグ: 更新後 - 金:rate, 銀:28520.771785324756, プラチナ:484.49950987961705
R30（金買取価格）を 28520.77円/g に更新しました
R31（銀買取価格）を 484.50円/g に更新しました
R32（プラチナ買取価格）を 12129.00円/g に更新しました
デバッグ: ファイルを保存中...
ストックシートの貴金属価格更新が完了しました（書式保持）。
デバッグ: 保存後の確認...
デバッグ: 保存後確認 - 金:rate, 銀:28520.77178532476, プラチナ:484.4995098796171
H14に実行日 2026/02/27 を更新しました
H16に実行日 2026/02/27 を更新しました
家計資産シートの実行日更新が完了しました（書式保持）。
[2026/02/27  3:30:14.24] Price update completed successfully 
[2026/02/28  3:30:04.03] Starting price update with correct Python path... 
[2026/02/28  3:30:04.12] Using Python from Anaconda maki2 environment 
2026-02-28 03:30:09,651 - INFO - === 価格データの自動更新を開始 ===
2026-02-28 03:30:09,661 - INFO - --- 仮想通貨価格の更新 ---
2026-02-28 03:30:13,457 - INFO - 仮想通貨価格の更新が完了しました
2026-02-28 03:30:13,458 - INFO - --- 貴金属価格の更新 ---
2026-02-28 03:30:15,035 - INFO - 貴金属価格の更新が完了しました
2026-02-28 03:30:15,036 - INFO - --- 実行日の更新 ---
2026-02-28 03:30:15,282 - INFO - 実行日の更新が完了しました
2026-02-28 03:30:15,284 - INFO - === 更新完了: 3/3 タスクが成功 ===
2026-02-28 03:30:15,285 - INFO - 全ての更新が正常に完了しました
指定されたファイルが見つかりません: MyWork/datasets/maki_250630.xlsx
代替パスを検索中...
ファイルを発見: .\datasets\maki_250630.xlsx
J29（ビットコイン価格）を 1022.44万円 に更新しました
J30（イーサリウム価格）を 30.01万円 に更新しました
ファイル '.\datasets\maki_250630.xlsx' の更新が完了しました（書式保持）。
デバッグ: Excelファイルパス = .\datasets\maki_250630.xlsx
デバッグ: 貴金属価格を取得中...
デバッグ: 取得した価格 = {'gold': 28568.36908691936, 'silver': 494.86978574605337, 'platinum': 12712.042588597933}
デバッグ: Excelファイルを読み込み中...
デバッグ: 利用可能なシート名 = ['ストック', '家計資産', 'calc', '口座', 'フロー', '2nd2', 'Tips', '損益通算', '図', '給与', '2nd']
デバッグ: 'ストック'シートを取得しました
デバッグ: 更新前の値を確認...
デバッグ: 更新前 - 金:rate, 銀:28520.77178532476, プラチナ:484.4995098796171
デバッグ: 更新後の値を確認...
デバッグ: 更新後 - 金:rate, 銀:28568.36908691936, プラチナ:494.86978574605337
R30（金買取価格）を 28568.37円/g に更新しました
R31（銀買取価格）を 494.87円/g に更新しました
R32（プラチナ買取価格）を 12712.04円/g に更新しました
デバッグ: ファイルを保存中...
ストックシートの貴金属価格更新が完了しました（書式保持）。
デバッグ: 保存後の確認...
デバッグ: 保存後確認 - 金:rate, 銀:28568.36908691936, プラチナ:494.8697857460534
H14に実行日 2026/02/28 を更新しました
H16に実行日 2026/02/28 を更新しました
家計資産シートの実行日更新が完了しました（書式保持）。
[2026/02/28  3:30:15.38] Price update completed successfully 
[2026/03/01  3:30:04.02] Starting price update with correct Python path... 
[2026/03/01  3:30:04.09] Using Python from Anaconda maki2 environment 
2026-03-01 03:30:10,255 - INFO - === 価格データの自動更新を開始 ===
2026-03-01 03:30:10,267 - INFO - --- 仮想通貨価格の更新 ---
2026-03-01 03:30:13,922 - INFO - 仮想通貨価格の更新が完了しました
2026-03-01 03:30:13,922 - INFO - --- 貴金属価格の更新 ---
2026-03-01 03:30:15,575 - INFO - 貴金属価格の更新が完了しました
2026-03-01 03:30:15,575 - INFO - --- 実行日の更新 ---
2026-03-01 03:30:15,748 - INFO - 実行日の更新が完了しました
2026-03-01 03:30:15,748 - INFO - === 更新完了: 3/3 タスクが成功 ===
2026-03-01 03:30:15,748 - INFO - 全ての更新が正常に完了しました
指定されたファイルが見つかりません: MyWork/datasets/maki_250630.xlsx
代替パスを検索中...
ファイルを発見: .\datasets\maki_250630.xlsx
J29（ビットコイン価格）を 1017.94万円 に更新しました
J30（イーサリウム価格）を 29.71万円 に更新しました
ファイル '.\datasets\maki_250630.xlsx' の更新が完了しました（書式保持）。
デバッグ: Excelファイルパス = .\datasets\maki_250630.xlsx
デバッグ: 貴金属価格を取得中...
デバッグ: 取得した価格 = {'gold': 28496.191248641317, 'silver': 485.6131895381711, 'platinum': 12539.859181809194}
デバッグ: Excelファイルを読み込み中...
デバッグ: 利用可能なシート名 = ['ストック', '家計資産', 'calc', '口座', 'フロー', '2nd2', 'Tips', '損益通算', '図', '給与', '2nd']
デバッグ: 'ストック'シートを取得しました
デバッグ: 更新前の値を確認...
デバッグ: 更新前 - 金:rate, 銀:28568.36908691936, プラチナ:494.8697857460534
デバッグ: 更新後の値を確認...
デバッグ: 更新後 - 金:rate, 銀:28496.191248641317, プラチナ:485.6131895381711
R30（金買取価格）を 28496.19円/g に更新しました
R31（銀買取価格）を 485.61円/g に更新しました
R32（プラチナ買取価格）を 12539.86円/g に更新しました
デバッグ: ファイルを保存中...
ストックシートの貴金属価格更新が完了しました（書式保持）。
デバッグ: 保存後の確認...
デバッグ: 保存後確認 - 金:rate, 銀:28496.19124864132, プラチナ:485.6131895381711
H14に実行日 2026/03/01 を更新しました
H16に実行日 2026/03/01 を更新しました
家計資産シートの実行日更新が完了しました（書式保持）。
[2026/03/01  3:30:15.83] Price update completed successfully 
[2026/03/02  3:30:02.83] Starting price update with correct Python path... 
[2026/03/02  3:30:02.92] Using Python from Anaconda maki2 environment 
2026-03-02 03:30:11,629 - INFO - === 価格データの自動更新を開始 ===
2026-03-02 03:30:11,640 - INFO - --- 仮想通貨価格の更新 ---
2026-03-02 03:30:12,257 - INFO - 仮想通貨価格の更新が完了しました
2026-03-02 03:30:12,257 - INFO - --- 貴金属価格の更新 ---
2026-03-02 03:30:13,732 - INFO - 貴金属価格の更新が完了しました
2026-03-02 03:30:13,732 - INFO - --- 実行日の更新 ---
2026-03-02 03:30:13,903 - INFO - 実行日の更新が完了しました
2026-03-02 03:30:13,903 - INFO - === 更新完了: 3/3 タスクが成功 ===
2026-03-02 03:30:13,903 - INFO - 全ての更新が正常に完了しました
指定されたファイルが見つかりません: MyWork/datasets/maki_250630.xlsx
代替パスを検索中...
ファイルを発見: .\datasets\maki_250630.xlsx
J29（ビットコイン価格）を 1035.49万円 に更新しました
J30（イーサリウム価格）を 30.89万円 に更新しました
ファイル '.\datasets\maki_250630.xlsx' の更新が完了しました（書式保持）。
デバッグ: Excelファイルパス = .\datasets\maki_250630.xlsx
デバッグ: 貴金属価格を取得中...
デバッグ: 取得した価格 = {'gold': 29019.372612559706, 'silver': 515.5157271299677, 'platinum': 13019.628357878664}
デバッグ: Excelファイルを読み込み中...
デバッグ: 利用可能なシート名 = ['ストック', '家計資産', 'calc', '口座', 'フロー', '2nd2', 'Tips', '損益通算', '図', '給与', '2nd']
デバッグ: 'ストック'シートを取得しました
デバッグ: 更新前の値を確認...
デバッグ: 更新前 - 金:rate, 銀:28496.19124864132, プラチナ:485.6131895381711
デバッグ: 更新後の値を確認...
デバッグ: 更新後 - 金:rate, 銀:29019.372612559706, プラチナ:515.5157271299677
R30（金買取価格）を 29019.37円/g に更新しました
R31（銀買取価格）を 515.52円/g に更新しました
R32（プラチナ買取価格）を 13019.63円/g に更新しました
デバッグ: ファイルを保存中...
ストックシートの貴金属価格更新が完了しました（書式保持）。
デバッグ: 保存後の確認...
デバッグ: 保存後確認 - 金:rate, 銀:29019.37261255971, プラチナ:515.5157271299677
H14に実行日 2026/03/02 を更新しました
H16に実行日 2026/03/02 を更新しました
家計資産シートの実行日更新が完了しました（書式保持）。
[2026/03/02  3:30:13.99] Price update completed successfully 
[2026/03/03  3:30:02.84] Starting price update with correct Python path... 
[2026/03/03  3:30:02.89] Using Python from Anaconda maki2 environment 
2026-03-03 03:30:12,482 - INFO - === 価格データの自動更新を開始 ===
2026-03-03 03:30:12,494 - INFO - --- 仮想通貨価格の更新 ---
2026-03-03 03:30:13,065 - INFO - 仮想通貨価格の更新が完了しました
2026-03-03 03:30:13,069 - INFO - --- 貴金属価格の更新 ---
2026-03-03 03:30:14,623 - INFO - 貴金属価格の更新が完了しました
2026-03-03 03:30:14,625 - INFO - --- 実行日の更新 ---
2026-03-03 03:30:14,865 - INFO - 実行日の更新が完了しました
2026-03-03 03:30:14,865 - INFO - === 更新完了: 3/3 タスクが成功 ===
2026-03-03 03:30:14,865 - INFO - 全ての更新が正常に完了しました
指定されたファイルが見つかりません: MyWork/datasets/maki_250630.xlsx
代替パスを検索中...
ファイルを発見: .\datasets\maki_250630.xlsx
J29（ビットコイン価格）を 1088.50万円 に更新しました
J30（イーサリウム価格）を 32.04万円 に更新しました
ファイル '.\datasets\maki_250630.xlsx' の更新が完了しました（書式保持）。
デバッグ: Excelファイルパス = .\datasets\maki_250630.xlsx
デバッグ: 貴金属価格を取得中...
デバッグ: 取得した価格 = {'gold': 29311.707901765752, 'silver': 520.7567930973925, 'platinum': 13153.291529983931}
デバッグ: Excelファイルを読み込み中...
デバッグ: 利用可能なシート名 = ['ストック', '家計資産', 'calc', '口座', 'フロー', '2nd2', 'Tips', '損益通算', '図', '給与', '2nd']
デバッグ: 'ストック'シートを取得しました
デバッグ: 更新前の値を確認...
デバッグ: 更新前 - 金:rate, 銀:29019.37261255971, プラチナ:515.5157271299677
デバッグ: 更新後の値を確認...
デバッグ: 更新後 - 金:rate, 銀:29311.707901765752, プラチナ:520.7567930973925
R30（金買取価格）を 29311.71円/g に更新しました
R31（銀買取価格）を 520.76円/g に更新しました
R32（プラチナ買取価格）を 13153.29円/g に更新しました
デバッグ: ファイルを保存中...
ストックシートの貴金属価格更新が完了しました（書式保持）。
デバッグ: 保存後の確認...
デバッグ: 保存後確認 - 金:rate, 銀:29311.70790176575, プラチナ:520.7567930973925
H14に実行日 2026/03/03 を更新しました
H16に実行日 2026/03/03 を更新しました
家計資産シートの実行日更新が完了しました（書式保持）。
[2026/03/03  3:30:14.97] Price update completed successfully 
[2026/03/04  3:30:02.38] Starting price update with correct Python path... 
[2026/03/04  3:30:02.45] Using Python from Anaconda maki2 environment 
2026-03-04 03:30:08,782 - INFO - === 価格データの自動更新を開始 ===
2026-03-04 03:30:08,792 - INFO - --- 仮想通貨価格の更新 ---
2026-03-04 03:30:09,300 - INFO - 仮想通貨価格の更新が完了しました
2026-03-04 03:30:09,301 - INFO - --- 貴金属価格の更新 ---
2026-03-04 03:30:10,735 - INFO - 貴金属価格の更新が完了しました
2026-03-04 03:30:10,736 - INFO - --- 実行日の更新 ---
2026-03-04 03:30:10,906 - INFO - 実行日の更新が完了しました
2026-03-04 03:30:10,906 - INFO - === 更新完了: 3/3 タスクが成功 ===
2026-03-04 03:30:10,907 - INFO - 全ての更新が正常に完了しました
指定されたファイルが見つかりません: MyWork/datasets/maki_250630.xlsx
代替パスを検索中...
ファイルを発見: .\datasets\maki_250630.xlsx
J29（ビットコイン価格）を 1081.26万円 に更新しました
J30（イーサリウム価格）を 31.37万円 に更新しました
ファイル '.\datasets\maki_250630.xlsx' の更新が完了しました（書式保持）。
デバッグ: Excelファイルパス = .\datasets\maki_250630.xlsx
デバッグ: 貴金属価格を取得中...
デバッグ: 取得した価格 = {'gold': 29682.86378477917, 'silver': 525.3426286878267, 'platinum': 13449.410375695838}
デバッグ: Excelファイルを読み込み中...
デバッグ: 利用可能なシート名 = ['ストック', '家計資産', 'calc', '口座', 'フロー', '2nd2', 'Tips', '損益通算', '図', '給与', '2nd']
デバッグ: 'ストック'シートを取得しました
デバッグ: 更新前の値を確認...
デバッグ: 更新前 - 金:rate, 銀:29311.70790176575, プラチナ:520.7567930973925
デバッグ: 更新後の値を確認...
デバッグ: 更新後 - 金:rate, 銀:29682.86378477917, プラチナ:525.3426286878267
R30（金買取価格）を 29682.86円/g に更新しました
R31（銀買取価格）を 525.34円/g に更新しました
R32（プラチナ買取価格）を 13449.41円/g に更新しました
デバッグ: ファイルを保存中...
ストックシートの貴金属価格更新が完了しました（書式保持）。
デバッグ: 保存後の確認...
デバッグ: 保存後確認 - 金:rate, 銀:29682.86378477917, プラチナ:525.3426286878267
H14に実行日 2026/03/04 を更新しました
H16に実行日 2026/03/04 を更新しました
家計資産シートの実行日更新が完了しました（書式保持）。
[2026/03/04  3:30:11.04] Price update completed successfully 
[2026/03/05  3:30:02.75] Starting price update with correct Python path... 
[2026/03/05  3:30:02.82] Using Python from Anaconda maki2 environment 
2026-03-05 03:30:08,987 - INFO - === 価格データの自動更新を開始 ===
2026-03-05 03:30:08,998 - INFO - --- 仮想通貨価格の更新 ---
2026-03-05 03:30:09,507 - INFO - 仮想通貨価格の更新が完了しました
2026-03-05 03:30:09,508 - INFO - --- 貴金属価格の更新 ---
2026-03-05 03:30:10,908 - INFO - 貴金属価格の更新が完了しました
2026-03-05 03:30:10,909 - INFO - --- 実行日の更新 ---
2026-03-05 03:30:11,061 - INFO - 実行日の更新が完了しました
2026-03-05 03:30:11,061 - INFO - === 更新完了: 3/3 タスクが成功 ===
2026-03-05 03:30:11,061 - INFO - 全ての更新が正常に完了しました
指定されたファイルが見つかりません: MyWork/datasets/maki_250630.xlsx
代替パスを検索中...
ファイルを発見: .\datasets\maki_250630.xlsx
J29（ビットコイン価格）を 1153.43万円 に更新しました
J30（イーサリウム価格）を 33.86万円 に更新しました
ファイル '.\datasets\maki_250630.xlsx' の更新が完了しました（書式保持）。
デバッグ: Excelファイルパス = .\datasets\maki_250630.xlsx
デバッグ: 貴金属価格を取得中...
デバッグ: 取得した価格 = {'gold': 29723.308751322576, 'silver': 500.273854571073, 'platinum': 12820.315029418876}
デバッグ: Excelファイルを読み込み中...
デバッグ: 利用可能なシート名 = ['ストック', '家計資産', 'calc', '口座', 'フロー', '2nd2', 'Tips', '給与', '損益通算']
デバッグ: 'ストック'シートを取得しました
デバッグ: 更新前の値を確認...
デバッグ: 更新前 - 金:rate, 銀:29682.86378477917, プラチナ:525.3426286878267
デバッグ: 更新後の値を確認...
デバッグ: 更新後 - 金:rate, 銀:29723.308751322576, プラチナ:500.273854571073
R30（金買取価格）を 29723.31円/g に更新しました
R31（銀買取価格）を 500.27円/g に更新しました
R32（プラチナ買取価格）を 12820.32円/g に更新しました
デバッグ: ファイルを保存中...
ストックシートの貴金属価格更新が完了しました（書式保持）。
デバッグ: 保存後の確認...
デバッグ: 保存後確認 - 金:rate, 銀:29723.30875132258, プラチナ:500.273854571073
H14に実行日 2026/03/05 を更新しました
H16に実行日 2026/03/05 を更新しました
家計資産シートの実行日更新が完了しました（書式保持）。
[2026/03/05  3:30:11.16] Price update completed successfully 
[2026/03/06  3:30:02.50] Starting price update with correct Python path... 
[2026/03/06  3:30:02.55] Using Python from Anaconda maki2 environment 
2026-03-06 03:30:09,392 - INFO - === 価格データの自動更新を開始 ===
2026-03-06 03:30:09,406 - INFO - --- 仮想通貨価格の更新 ---
2026-03-06 03:30:10,013 - INFO - 仮想通貨価格の更新が完了しました
2026-03-06 03:30:10,013 - INFO - --- 貴金属価格の更新 ---
2026-03-06 03:30:11,571 - INFO - 貴金属価格の更新が完了しました
2026-03-06 03:30:11,571 - INFO - --- 実行日の更新 ---
2026-03-06 03:30:11,729 - INFO - 実行日の更新が完了しました
2026-03-06 03:30:11,729 - INFO - === 更新完了: 3/3 タスクが成功 ===
2026-03-06 03:30:11,729 - INFO - 全ての更新が正常に完了しました
指定されたファイルが見つかりません: MyWork/datasets/maki_250630.xlsx
代替パスを検索中...
ファイルを発見: .\datasets\maki_250630.xlsx
J29（ビットコイン価格）を 1117.86万円 に更新しました
J30（イーサリウム価格）を 32.62万円 に更新しました
ファイル '.\datasets\maki_250630.xlsx' の更新が完了しました（書式保持）。
デバッグ: Excelファイルパス = .\datasets\maki_250630.xlsx
デバッグ: 貴金属価格を取得中...
デバッグ: 取得した価格 = {'gold': 28727.12921127413, 'silver': 466.5042141224158, 'platinum': 11875.214773598436}
デバッグ: Excelファイルを読み込み中...
デバッグ: 利用可能なシート名 = ['ストック', '家計資産', 'calc', '口座', 'フロー', '2nd2', 'Tips', '給与', '損益通算']
デバッグ: 'ストック'シートを取得しました
デバッグ: 更新前の値を確認...
デバッグ: 更新前 - 金:rate, 銀:29723.30875132258, プラチナ:500.273854571073
デバッグ: 更新後の値を確認...
デバッグ: 更新後 - 金:rate, 銀:28727.12921127413, プラチナ:466.5042141224158
R30（金買取価格）を 28727.13円/g に更新しました
R31（銀買取価格）を 466.50円/g に更新しました
R32（プラチナ買取価格）を 11875.21円/g に更新しました
デバッグ: ファイルを保存中...
ストックシートの貴金属価格更新が完了しました（書式保持）。
デバッグ: 保存後の確認...
デバッグ: 保存後確認 - 金:rate, 銀:28727.12921127413, プラチナ:466.5042141224158
H14に実行日 2026/03/06 を更新しました
H16に実行日 2026/03/06 を更新しました
家計資産シートの実行日更新が完了しました（書式保持）。
[2026/03/06  3:30:11.84] Price update completed successfully 
[2026/03/07  3:30:04.00] Starting price update with correct Python path... 
[2026/03/07  3:30:04.06] Using Python from Anaconda maki2 environment 
2026-03-07 03:30:12,025 - INFO - === 価格データの自動更新を開始 ===
2026-03-07 03:30:12,039 - INFO - --- 仮想通貨価格の更新 ---
2026-03-07 03:30:12,787 - INFO - 仮想通貨価格の更新が完了しました
2026-03-07 03:30:12,787 - INFO - --- 貴金属価格の更新 ---
2026-03-07 03:30:14,641 - INFO - 貴金属価格の更新が完了しました
2026-03-07 03:30:14,641 - INFO - --- 実行日の更新 ---
2026-03-07 03:30:14,809 - INFO - 実行日の更新が完了しました
2026-03-07 03:30:14,809 - INFO - === 更新完了: 3/3 タスクが成功 ===
2026-03-07 03:30:14,810 - INFO - 全ての更新が正常に完了しました
指定されたファイルが見つかりません: MyWork/datasets/maki_250630.xlsx
代替パスを検索中...
ファイルを発見: .\datasets\maki_250630.xlsx
J29（ビットコイン価格）を 1077.14万円 に更新しました
J30（イーサリウム価格）を 31.18万円 に更新しました
ファイル '.\datasets\maki_250630.xlsx' の更新が完了しました（書式保持）。
デバッグ: Excelファイルパス = .\datasets\maki_250630.xlsx
デバッグ: 貴金属価格を取得中...
デバッグ: 取得した価格 = {'gold': 28827.183474797628, 'silver': 472.91352722552426, 'platinum': 12228.599129673954}
デバッグ: Excelファイルを読み込み中...
デバッグ: 利用可能なシート名 = ['ストック', '家計資産', 'calc', '口座', 'フロー', '2nd2', 'Tips', '給与', '損益通算']
デバッグ: 'ストック'シートを取得しました
デバッグ: 更新前の値を確認...
デバッグ: 更新前 - 金:rate, 銀:28727.12921127413, プラチナ:466.5042141224158
デバッグ: 更新後の値を確認...
デバッグ: 更新後 - 金:rate, 銀:28827.183474797628, プラチナ:472.91352722552426
R30（金買取価格）を 28827.18円/g に更新しました
R31（銀買取価格）を 472.91円/g に更新しました
R32（プラチナ買取価格）を 12228.60円/g に更新しました
デバッグ: ファイルを保存中...
ストックシートの貴金属価格更新が完了しました（書式保持）。
デバッグ: 保存後の確認...
デバッグ: 保存後確認 - 金:rate, 銀:28827.18347479763, プラチナ:472.9135272255243
H14に実行日 2026/03/07 を更新しました
H16に実行日 2026/03/07 を更新しました
家計資産シートの実行日更新が完了しました（書式保持）。
[2026/03/07  3:30:14.92] Price update completed successfully 
[2026/03/08  3:30:04.21] Starting price update with correct Python path... 
[2026/03/08  3:30:04.29] Using Python from Anaconda maki2 environment 
2026-03-08 03:30:10,393 - INFO - === 価格データの自動更新を開始 ===
2026-03-08 03:30:10,402 - INFO - --- 仮想通貨価格の更新 ---
2026-03-08 03:30:13,898 - INFO - 仮想通貨価格の更新が完了しました
2026-03-08 03:30:13,898 - INFO - --- 貴金属価格の更新 ---
2026-03-08 03:30:15,654 - INFO - 貴金属価格の更新が完了しました
2026-03-08 03:30:15,655 - INFO - --- 実行日の更新 ---
2026-03-08 03:30:15,814 - INFO - 実行日の更新が完了しました
2026-03-08 03:30:15,814 - INFO - === 更新完了: 3/3 タスクが成功 ===
2026-03-08 03:30:15,816 - INFO - 全ての更新が正常に完了しました
指定されたファイルが見つかりません: MyWork/datasets/maki_250630.xlsx
代替パスを検索中...
ファイルを発見: .\datasets\maki_250630.xlsx
J29（ビットコイン価格）を 1066.64万円 に更新しました
J30（イーサリウム価格）を 31.14万円 に更新しました
ファイル '.\datasets\maki_250630.xlsx' の更新が完了しました（書式保持）。
デバッグ: Excelファイルパス = .\datasets\maki_250630.xlsx
デバッグ: 貴金属価格を取得中...
デバッグ: 取得した価格 = {'gold': 28287.310168335247, 'silver': 458.3293528424765, 'platinum': 11824.147046477341}
デバッグ: Excelファイルを読み込み中...
デバッグ: 利用可能なシート名 = ['ストック', '家計資産', 'calc', '口座', 'フロー', '2nd2', 'Tips', '給与', '損益通算']
デバッグ: 'ストック'シートを取得しました
デバッグ: 更新前の値を確認...
デバッグ: 更新前 - 金:rate, 銀:28827.18347479763, プラチナ:472.9135272255243
デバッグ: 更新後の値を確認...
デバッグ: 更新後 - 金:rate, 銀:28287.310168335247, プラチナ:458.3293528424765
R30（金買取価格）を 28287.31円/g に更新しました
R31（銀買取価格）を 458.33円/g に更新しました
R32（プラチナ買取価格）を 11824.15円/g に更新しました
デバッグ: ファイルを保存中...
ストックシートの貴金属価格更新が完了しました（書式保持）。
デバッグ: 保存後の確認...
デバッグ: 保存後確認 - 金:rate, 銀:28287.31016833525, プラチナ:458.3293528424765
H14に実行日 2026/03/08 を更新しました
H16に実行日 2026/03/08 を更新しました
家計資産シートの実行日更新が完了しました（書式保持）。
[2026/03/08  3:30:15.90] Price update completed successfully 
[2026/03/09  3:30:02.64] Starting price update with correct Python path... 
[2026/03/09  3:30:02.69] Using Python from Anaconda maki2 environment 
2026-03-09 03:30:11,348 - INFO - === 価格データの自動更新を開始 ===
2026-03-09 03:30:11,356 - INFO - --- 仮想通貨価格の更新 ---
2026-03-09 03:30:11,927 - INFO - 仮想通貨価格の更新が完了しました
2026-03-09 03:30:11,927 - INFO - --- 貴金属価格の更新 ---
2026-03-09 03:30:13,271 - INFO - 貴金属価格の更新が完了しました
2026-03-09 03:30:13,271 - INFO - --- 実行日の更新 ---
2026-03-09 03:30:13,423 - INFO - 実行日の更新が完了しました
2026-03-09 03:30:13,423 - INFO - === 更新完了: 3/3 タスクが成功 ===
2026-03-09 03:30:13,427 - INFO - 全ての更新が正常に完了しました
指定されたファイルが見つかりません: MyWork/datasets/maki_250630.xlsx
代替パスを検索中...
ファイルを発見: .\datasets\maki_250630.xlsx
J29（ビットコイン価格）を 1056.66万円 に更新しました
J30（イーサリウム価格）を 30.54万円 に更新しました
ファイル '.\datasets\maki_250630.xlsx' の更新が完了しました（書式保持）。
デバッグ: Excelファイルパス = .\datasets\maki_250630.xlsx
デバッグ: 貴金属価格を取得中...
デバッグ: 取得した価格 = {'gold': 28782.14407664874, 'silver': 471.09180364585933, 'platinum': 11946.032106525392}
デバッグ: Excelファイルを読み込み中...
デバッグ: 利用可能なシート名 = ['ストック', '家計資産', 'calc', '口座', 'フロー', '2nd2', 'Tips', '給与', '損益通算']
デバッグ: 'ストック'シートを取得しました
デバッグ: 更新前の値を確認...
デバッグ: 更新前 - 金:rate, 銀:28287.31016833525, プラチナ:458.3293528424765
デバッグ: 更新後の値を確認...
デバッグ: 更新後 - 金:rate, 銀:28782.14407664874, プラチナ:471.09180364585933
R30（金買取価格）を 28782.14円/g に更新しました
R31（銀買取価格）を 471.09円/g に更新しました
R32（プラチナ買取価格）を 11946.03円/g に更新しました
デバッグ: ファイルを保存中...
ストックシートの貴金属価格更新が完了しました（書式保持）。
デバッグ: 保存後の確認...
デバッグ: 保存後確認 - 金:rate, 銀:28782.14407664874, プラチナ:471.0918036458593
H14に実行日 2026/03/09 を更新しました
H16に実行日 2026/03/09 を更新しました
家計資産シートの実行日更新が完了しました（書式保持）。
[2026/03/09  3:30:13.51] Price update completed successfully 
[2026/03/10  3:54:53.26] Starting price update (PowerShell version)... 
[2026/03/10  3:55:03.04] PowerShell execution completed 
[2026/03/11  3:30:02.58] Starting price update with correct Python path... 
[2026/03/11  3:30:02.61] Using Python from Anaconda maki2 environment 
2026-03-11 03:30:09,083 - INFO - === 価格データの自動更新を開始 ===
2026-03-11 03:30:09,091 - INFO - --- 仮想通貨価格の更新 ---
2026-03-11 03:30:09,652 - INFO - 仮想通貨価格の更新が完了しました
2026-03-11 03:30:09,652 - INFO - --- 貴金属価格の更新 ---
2026-03-11 03:30:10,848 - INFO - 貴金属価格の更新が完了しました
2026-03-11 03:30:10,849 - INFO - --- 実行日の更新 ---
2026-03-11 03:30:11,029 - INFO - 実行日の更新が完了しました
2026-03-11 03:30:11,031 - INFO - === 更新完了: 3/3 タスクが成功 ===
2026-03-11 03:30:11,031 - INFO - 全ての更新が正常に完了しました
指定されたファイルが見つかりません: MyWork/datasets/maki_250630.xlsx
代替パスを検索中...
ファイルを発見: .\datasets\maki_250630.xlsx
J29（ビットコイン価格）を 1111.94万円 に更新しました
J30（イーサリウム価格）を 32.37万円 に更新しました
ファイル '.\datasets\maki_250630.xlsx' の更新が完了しました（書式保持）。
デバッグ: Excelファイルパス = .\datasets\maki_250630.xlsx
デバッグ: 貴金属価格を取得中...
デバッグ: 取得した価格 = {'gold': 28194.757120335245, 'silver': 448.68655174646864, 'platinum': 11328.692200052854}
デバッグ: Excelファイルを読み込み中...
デバッグ: 利用可能なシート名 = ['ストック', '家計資産', 'calc', '口座', 'フロー', '2nd2', 'Tips', '給与', '損益通算']
デバッグ: 'ストック'シートを取得しました
デバッグ: 更新前の値を確認...
デバッグ: 更新前 - 金:rate, 銀:28891.34867609503, プラチナ:472.4641268308873
デバッグ: 更新後の値を確認...
デバッグ: 更新後 - 金:rate, 銀:28194.757120335245, プラチナ:448.68655174646864
R30（金買取価格）を 28194.76円/g に更新しました
R31（銀買取価格）を 448.69円/g に更新しました
R32（プラチナ買取価格）を 11328.69円/g に更新しました
デバッグ: ファイルを保存中...
ストックシートの貴金属価格更新が完了しました（書式保持）。
デバッグ: 保存後の確認...
デバッグ: 保存後確認 - 金:rate, 銀:28194.75712033525, プラチナ:448.6865517464686
H14に実行日 2026/03/11 を更新しました
H16に実行日 2026/03/11 を更新しました
家計資産シートの実行日更新が完了しました（書式保持）。
[2026/03/11  3:30:11.12] Price update completed successfully 
[2026/03/12  4:11:42.99] Starting price update (PowerShell version)... 
[2026/03/12  4:11:52.04] PowerShell execution completed 
[2026/03/13  3:46:30.67] Starting price update (PowerShell version)... 
[2026/03/13  3:46:39.72] PowerShell execution completed 
[2026/03/14  3:30:02.76] Starting price update with correct Python path... 
[2026/03/14  3:30:02.81] Using Python from Anaconda maki2 environment 
2026-03-14 03:30:09,829 - INFO - === 価格データの自動更新を開始 ===
2026-03-14 03:30:09,839 - INFO - --- 仮想通貨価格の更新 ---
2026-03-14 03:30:10,441 - INFO - 仮想通貨価格の更新が完了しました
2026-03-14 03:30:10,445 - INFO - --- 貴金属価格の更新 ---
2026-03-14 03:30:11,983 - INFO - 貴金属価格の更新が完了しました
2026-03-14 03:30:11,985 - INFO - --- 実行日の更新 ---
2026-03-14 03:30:12,195 - INFO - 実行日の更新が完了しました
2026-03-14 03:30:12,195 - INFO - === 更新完了: 3/3 タスクが成功 ===
2026-03-14 03:30:12,195 - INFO - 全ての更新が正常に完了しました
指定されたファイルが見つかりません: MyWork/datasets/maki_250630.xlsx
代替パスを検索中...
ファイルを発見: .\datasets\maki_250630.xlsx
J29（ビットコイン価格）を 1135.39万円 に更新しました
J30（イーサリウム価格）を 33.53万円 に更新しました
ファイル '.\datasets\maki_250630.xlsx' の更新が完了しました（書式保持）。
デバッグ: Excelファイルパス = .\datasets\maki_250630.xlsx
デバッグ: 貴金属価格を取得中...
デバッグ: 取得した価格 = {'gold': 29038.56978463476, 'silver': 481.66140169946283, 'platinum': 12225.982538864373}
デバッグ: Excelファイルを読み込み中...
デバッグ: 利用可能なシート名 = ['ストック', '家計資産', 'calc', '口座', 'フロー', '2nd2', 'Tips', '給与', '損益通算']
デバッグ: 'ストック'シートを取得しました
デバッグ: 更新前の値を確認...
デバッグ: 更新前 - 金:rate, 銀:29333.90980843015, プラチナ:500.3613701779244
デバッグ: 更新後の値を確認...
デバッグ: 更新後 - 金:rate, 銀:29038.56978463476, プラチナ:481.66140169946283
R30（金買取価格）を 29038.57円/g に更新しました
R31（銀買取価格）を 481.66円/g に更新しました
R32（プラチナ買取価格）を 12225.98円/g に更新しました
デバッグ: ファイルを保存中...
ストックシートの貴金属価格更新が完了しました（書式保持）。
デバッグ: 保存後の確認...
デバッグ: 保存後確認 - 金:rate, 銀:29038.56978463476, プラチナ:481.6614016994628
H14に実行日 2026/03/14 を更新しました
H16に実行日 2026/03/14 を更新しました
家計資産シートの実行日更新が完了しました（書式保持）。
[2026/03/14  3:30:12.31] Price update completed successfully 
[2026/03/15  3:42:35.89] Starting price update (PowerShell version)... 
[2026/03/15  3:42:43.58] PowerShell execution completed 
[2026/03/16  3:30:02.24] Starting price update with correct Python path... 
[2026/03/16  3:30:02.28] Using Python from Anaconda maki2 environment 
2026-03-16 03:30:11,376 - INFO - === 価格データの自動更新を開始 ===
2026-03-16 03:30:11,401 - INFO - --- 仮想通貨価格の更新 ---
2026-03-16 03:30:11,997 - INFO - 仮想通貨価格の更新が完了しました
2026-03-16 03:30:11,997 - INFO - --- 貴金属価格の更新 ---
2026-03-16 03:30:13,513 - INFO - 貴金属価格の更新が完了しました
2026-03-16 03:30:13,515 - INFO - --- 実行日の更新 ---
2026-03-16 03:30:13,701 - INFO - 実行日の更新が完了しました
2026-03-16 03:30:13,701 - INFO - === 更新完了: 3/3 タスクが成功 ===
2026-03-16 03:30:13,701 - INFO - 全ての更新が正常に完了しました
指定されたファイルが見つかりません: MyWork/datasets/maki_250630.xlsx
代替パスを検索中...
ファイルを発見: .\datasets\maki_250630.xlsx
J29（ビットコイン価格）を 1145.02万円 に更新しました
J30（イーサリウム価格）を 33.66万円 に更新しました
ファイル '.\datasets\maki_250630.xlsx' の更新が完了しました（書式保持）。
デバッグ: Excelファイルパス = .\datasets\maki_250630.xlsx
デバッグ: 貴金属価格を取得中...
デバッグ: 取得した価格 = {'gold': 28262.76816291755, 'silver': 453.9691397724335, 'platinum': 11395.616177407048}
デバッグ: Excelファイルを読み込み中...
デバッグ: 利用可能なシート名 = ['ストック', '家計資産', 'calc', '口座', 'フロー', '2nd2', 'Tips', '給与', '損益通算']
デバッグ: 'ストック'シートを取得しました
デバッグ: 更新前の値を確認...
デバッグ: 更新前 - 金:rate, 銀:28844.24704463092, プラチナ:480.5037270408978
デバッグ: 更新後の値を確認...
デバッグ: 更新後 - 金:rate, 銀:28262.76816291755, プラチナ:453.9691397724335
R30（金買取価格）を 28262.77円/g に更新しました
R31（銀買取価格）を 453.97円/g に更新しました
R32（プラチナ買取価格）を 11395.62円/g に更新しました
デバッグ: ファイルを保存中...
ストックシートの貴金属価格更新が完了しました（書式保持）。
デバッグ: 保存後の確認...
デバッグ: 保存後確認 - 金:rate, 銀:28262.76816291755, プラチナ:453.9691397724335
H14に実行日 2026/03/16 を更新しました
H16に実行日 2026/03/16 を更新しました
家計資産シートの実行日更新が完了しました（書式保持）。
[2026/03/16  3:30:13.78] Price update completed successfully 
[2026/03/17  3:30:03.21] Starting price update with correct Python path... 
[2026/03/17  3:30:03.27] Using Python from Anaconda maki2 environment 
2026-03-17 03:30:16,944 - INFO - === 価格データの自動更新を開始 ===
2026-03-17 03:30:16,970 - INFO - --- 仮想通貨価格の更新 ---
2026-03-17 03:30:17,773 - INFO - 仮想通貨価格の更新が完了しました
2026-03-17 03:30:17,777 - INFO - --- 貴金属価格の更新 ---
2026-03-17 03:30:19,544 - ERROR - 貴金属価格更新エラー: Bad magic number for central directory
2026-03-17 03:30:19,557 - ERROR - 詳細エラー情報: Traceback (most recent call last):
  File "G:\マイドライブ\MyWork\My_rule.py", line 493, in update_all_prices_with_logging
    update_precious_metal_prices_in_excel(file_path)
  File "G:\マイドライブ\MyWork\My_rule.py", line 393, in update_precious_metal_prices_in_excel
    verify_workbook = load_workbook(file_path)
                      ^^^^^^^^^^^^^^^^^^^^^^^^
  File "C:\Users\maki_\anaconda3\envs\maki2\Lib\site-packages\openpyxl\reader\excel.py", line 346, in load_workbook
    reader = ExcelReader(filename, read_only, keep_vba,
             ^^^^^^^^^^^^^^^^^^^^^^^^^^^^^^^^^^^^^^^^^^
  File "C:\Users\maki_\anaconda3\envs\maki2\Lib\site-packages\openpyxl\reader\excel.py", line 123, in __init__
    self.archive = _validate_archive(fn)
                   ^^^^^^^^^^^^^^^^^^^^^
  File "C:\Users\maki_\anaconda3\envs\maki2\Lib\site-packages\openpyxl\reader\excel.py", line 95, in _validate_archive
    archive = ZipFile(filename, 'r')
              ^^^^^^^^^^^^^^^^^^^^^^
  File "C:\Users\maki_\anaconda3\envs\maki2\Lib\zipfile\__init__.py", line 1349, in __init__
    self._RealGetContents()
  File "C:\Users\maki_\anaconda3\envs\maki2\Lib\zipfile\__init__.py", line 1446, in _RealGetContents
    raise BadZipFile("Bad magic number for central directory")
zipfile.BadZipFile: Bad magic number for central directory

2026-03-17 03:30:19,557 - INFO - --- 実行日の更新 ---
2026-03-17 03:30:19,806 - INFO - 実行日の更新が完了しました
2026-03-17 03:30:19,811 - INFO - === 更新完了: 2/3 タスクが成功 ===
2026-03-17 03:30:19,815 - WARNING - 1 個のタスクが失敗しました
指定されたファイルが見つかりません: MyWork/datasets/maki_250630.xlsx
代替パスを検索中...
ファイルを発見: .\datasets\maki_250630.xlsx
J29（ビットコイン価格）を 1180.85万円 に更新しました
J30（イーサリウム価格）を 37.16万円 に更新しました
ファイル '.\datasets\maki_250630.xlsx' の更新が完了しました（書式保持）。
デバッグ: Excelファイルパス = .\datasets\maki_250630.xlsx
デバッグ: 貴金属価格を取得中...
デバッグ: 取得した価格 = {'gold': 28150.40726303825, 'silver': 451.97110802078726, 'platinum': 11344.637975733867}
デバッグ: Excelファイルを読み込み中...
デバッグ: 利用可能なシート名 = ['ストック', '家計資産', 'calc', '口座', 'フロー', '2nd2', 'Tips', '給与', '損益通算']
デバッグ: 'ストック'シートを取得しました
デバッグ: 更新前の値を確認...
デバッグ: 更新前 - 金:rate, 銀:28262.76816291755, プラチナ:453.9691397724335
デバッグ: 更新後の値を確認...
デバッグ: 更新後 - 金:rate, 銀:28150.40726303825, プラチナ:451.97110802078726
R30（金買取価格）を 28150.41円/g に更新しました
R31（銀買取価格）を 451.97円/g に更新しました
R32（プラチナ買取価格）を 11344.64円/g に更新しました
デバッグ: ファイルを保存中...
ストックシートの貴金属価格更新が完了しました（書式保持）。
デバッグ: 保存後の確認...
貴金属価格Excel更新エラー: Bad magic number for central directory
詳細エラー情報: Traceback (most recent call last):
  File "G:\マイドライブ\MyWork\My_rule.py", line 393, in update_precious_metal_prices_in_excel
    verify_workbook = load_workbook(file_path)
                      ^^^^^^^^^^^^^^^^^^^^^^^^
  File "C:\Users\maki_\anaconda3\envs\maki2\Lib\site-packages\openpyxl\reader\excel.py", line 346, in load_workbook
    reader = ExcelReader(filename, read_only, keep_vba,
             ^^^^^^^^^^^^^^^^^^^^^^^^^^^^^^^^^^^^^^^^^^
  File "C:\Users\maki_\anaconda3\envs\maki2\Lib\site-packages\openpyxl\reader\excel.py", line 123, in __init__
    self.archive = _validate_archive(fn)
                   ^^^^^^^^^^^^^^^^^^^^^
  File "C:\Users\maki_\anaconda3\envs\maki2\Lib\site-packages\openpyxl\reader\excel.py", line 95, in _validate_archive
    archive = ZipFile(filename, 'r')
              ^^^^^^^^^^^^^^^^^^^^^^
  File "C:\Users\maki_\anaconda3\envs\maki2\Lib\zipfile\__init__.py", line 1349, in __init__
    self._RealGetContents()
  File "C:\Users\maki_\anaconda3\envs\maki2\Lib\zipfile\__init__.py", line 1446, in _RealGetContents
    raise BadZipFile("Bad magic number for central directory")
zipfile.BadZipFile: Bad magic number for central directory

H14に実行日 2026/03/17 を更新しました
H16に実行日 2026/03/17 を更新しました
家計資産シートの実行日更新が完了しました（書式保持）。
[2026/03/17  3:30:19.91] Price update completed successfully 
[2026/03/18  3:30:02.27] Starting price update with correct Python path... 
[2026/03/18  3:30:02.32] Using Python from Anaconda maki2 environment 
2026-03-18 03:30:11,328 - INFO - === 価格データの自動更新を開始 ===
2026-03-18 03:30:11,394 - INFO - --- 仮想通貨価格の更新 ---
2026-03-18 03:30:12,245 - INFO - 仮想通貨価格の更新が完了しました
2026-03-18 03:30:12,253 - INFO - --- 貴金属価格の更新 ---
2026-03-18 03:30:14,253 - INFO - 貴金属価格の更新が完了しました
2026-03-18 03:30:14,257 - INFO - --- 実行日の更新 ---
2026-03-18 03:30:14,853 - INFO - 実行日の更新が完了しました
2026-03-18 03:30:14,853 - INFO - === 更新完了: 3/3 タスクが成功 ===
2026-03-18 03:30:14,853 - INFO - 全ての更新が正常に完了しました
指定されたファイルが見つかりません: MyWork/datasets/maki_250630.xlsx
代替パスを検索中...
ファイルを発見: .\datasets\maki_250630.xlsx
J29（ビットコイン価格）を 1183.34万円 に更新しました
J30（イーサリウム価格）を 37.10万円 に更新しました
ファイル '.\datasets\maki_250630.xlsx' の更新が完了しました（書式保持）。
デバッグ: Excelファイルパス = .\datasets\maki_250630.xlsx
デバッグ: 貴金属価格を取得中...
デバッグ: 取得した価格 = {'gold': 28037.370799556385, 'silver': 444.9532361834197, 'platinum': 11286.55106264447}
デバッグ: Excelファイルを読み込み中...
デバッグ: 利用可能なシート名 = ['ストック', '家計資産', 'calc', '口座', 'フロー', '2nd2', 'Tips', '給与', '損益通算']
デバッグ: 'ストック'シートを取得しました
デバッグ: 更新前の値を確認...
デバッグ: 更新前 - 金:rate, 銀:28150.40726303825, プラチナ:451.9711080207873
デバッグ: 更新後の値を確認...
デバッグ: 更新後 - 金:rate, 銀:28037.370799556385, プラチナ:444.9532361834197
R30（金買取価格）を 28037.37円/g に更新しました
R31（銀買取価格）を 444.95円/g に更新しました
R32（プラチナ買取価格）を 11286.55円/g に更新しました
デバッグ: ファイルを保存中...
ストックシートの貴金属価格更新が完了しました（書式保持）。
デバッグ: 保存後の確認...
デバッグ: 保存後確認 - 金:rate, 銀:28037.37079955639, プラチナ:444.9532361834197
H14に実行日 2026/03/18 を更新しました
H16に実行日 2026/03/18 を更新しました
家計資産シートの実行日更新が完了しました（書式保持）。
[2026/03/18  3:30:14.98] Price update completed successfully 
[2026/03/19  3:30:02.29] Starting price update with correct Python path... 
[2026/03/19  3:30:02.36] Using Python from Anaconda maki2 environment 
2026-03-19 03:30:10,108 - INFO - === 価格データの自動更新を開始 ===
2026-03-19 03:30:10,141 - INFO - --- 仮想通貨価格の更新 ---
2026-03-19 03:30:10,974 - INFO - 仮想通貨価格の更新が完了しました
2026-03-19 03:30:10,974 - INFO - --- 貴金属価格の更新 ---
2026-03-19 03:30:12,678 - INFO - 貴金属価格の更新が完了しました
2026-03-19 03:30:12,678 - INFO - --- 実行日の更新 ---
2026-03-19 03:30:13,065 - INFO - 実行日の更新が完了しました
2026-03-19 03:30:13,070 - INFO - === 更新完了: 3/3 タスクが成功 ===
2026-03-19 03:30:13,074 - INFO - 全ての更新が正常に完了しました
指定されたファイルが見つかりません: MyWork/datasets/maki_250630.xlsx
代替パスを検索中...
ファイルを発見: .\datasets\maki_250630.xlsx
J29（ビットコイン価格）を 1142.12万円 に更新しました
J30（イーサリウム価格）を 34.99万円 に更新しました
ファイル '.\datasets\maki_250630.xlsx' の更新が完了しました（書式保持）。
デバッグ: Excelファイルパス = .\datasets\maki_250630.xlsx
デバッグ: 貴金属価格を取得中...
デバッグ: 取得した価格 = {'gold': 28171.313207435247, 'silver': 453.7586422774288, 'platinum': 11858.38880821178}
デバッグ: Excelファイルを読み込み中...
デバッグ: 利用可能なシート名 = ['ストック', '家計資産', 'calc', '口座', 'フロー', '2nd2', 'Tips', '給与', '損益通算']
デバッグ: 'ストック'シートを取得しました
デバッグ: 更新前の値を確認...
デバッグ: 更新前 - 金:rate, 銀:28037.37079955639, プラチナ:444.9532361834197
デバッグ: 更新後の値を確認...
デバッグ: 更新後 - 金:rate, 銀:28171.313207435247, プラチナ:453.7586422774288
R30（金買取価格）を 28171.31円/g に更新しました
R31（銀買取価格）を 453.76円/g に更新しました
R32（プラチナ買取価格）を 11858.39円/g に更新しました
デバッグ: ファイルを保存中...
ストックシートの貴金属価格更新が完了しました（書式保持）。
デバッグ: 保存後の確認...
デバッグ: 保存後確認 - 金:rate, 銀:28171.31320743525, プラチナ:453.7586422774288
H14に実行日 2026/03/19 を更新しました
H16に実行日 2026/03/19 を更新しました
家計資産シートの実行日更新が完了しました（書式保持）。
[2026/03/19  3:30:13.20] Price update completed successfully 
[2026/03/20  3:30:03.47] Starting price update with correct Python path... 
[2026/03/20  3:30:03.63] Using Python from Anaconda maki2 environment 
2026-03-20 03:30:16,864 - INFO - === 価格データの自動更新を開始 ===
2026-03-20 03:30:16,906 - INFO - --- 仮想通貨価格の更新 ---
2026-03-20 03:30:18,125 - INFO - 仮想通貨価格の更新が完了しました
2026-03-20 03:30:18,144 - INFO - --- 貴金属価格の更新 ---
2026-03-20 03:30:20,130 - INFO - 貴金属価格の更新が完了しました
2026-03-20 03:30:20,135 - INFO - --- 実行日の更新 ---
2026-03-20 03:30:20,805 - INFO - 実行日の更新が完了しました
2026-03-20 03:30:20,811 - INFO - === 更新完了: 3/3 タスクが成功 ===
2026-03-20 03:30:20,813 - INFO - 全ての更新が正常に完了しました
指定されたファイルが見つかりません: MyWork/datasets/maki_250630.xlsx
代替パスを検索中...
ファイルを発見: .\datasets\maki_250630.xlsx
J29（ビットコイン価格）を 1099.64万円 に更新しました
J30（イーサリウム価格）を 33.44万円 に更新しました
ファイル '.\datasets\maki_250630.xlsx' の更新が完了しました（書式保持）。
デバッグ: Excelファイルパス = .\datasets\maki_250630.xlsx
デバッグ: 貴金属価格を取得中...
デバッグ: 取得した価格 = {'gold': 27895.706483579044, 'silver': 444.845578383961, 'platinum': 11821.21208522772}
デバッグ: Excelファイルを読み込み中...
デバッグ: 利用可能なシート名 = ['ストック', '家計資産', 'calc', '口座', 'フロー', '2nd2', 'Tips', '給与', '損益通算']
デバッグ: 'ストック'シートを取得しました
デバッグ: 更新前の値を確認...
デバッグ: 更新前 - 金:rate, 銀:28171.31320743525, プラチナ:453.7586422774288
デバッグ: 更新後の値を確認...
デバッグ: 更新後 - 金:rate, 銀:27895.706483579044, プラチナ:444.845578383961
R30（金買取価格）を 27895.71円/g に更新しました
R31（銀買取価格）を 444.85円/g に更新しました
R32（プラチナ買取価格）を 11821.21円/g に更新しました
デバッグ: ファイルを保存中...
ストックシートの貴金属価格更新が完了しました（書式保持）。
デバッグ: 保存後の確認...
デバッグ: 保存後確認 - 金:rate, 銀:27895.70648357904, プラチナ:444.845578383961
H14に実行日 2026/03/20 を更新しました
H16に実行日 2026/03/20 を更新しました
家計資産シートの実行日更新が完了しました（書式保持）。
[2026/03/20  3:30:20.93] Price update completed successfully 
[2026/03/21  3:30:02.67] Starting price update with correct Python path... 
[2026/03/21  3:30:02.74] Using Python from Anaconda maki2 environment 
2026-03-21 03:30:10,032 - INFO - === 価格データの自動更新を開始 ===
2026-03-21 03:30:10,056 - INFO - --- 仮想通貨価格の更新 ---
2026-03-21 03:30:10,764 - INFO - 仮想通貨価格の更新が完了しました
2026-03-21 03:30:10,766 - INFO - --- 貴金属価格の更新 ---
2026-03-21 03:30:12,200 - INFO - 貴金属価格の更新が完了しました
2026-03-21 03:30:12,201 - INFO - --- 実行日の更新 ---
2026-03-21 03:30:12,714 - INFO - 実行日の更新が完了しました
2026-03-21 03:30:12,718 - INFO - === 更新完了: 3/3 タスクが成功 ===
2026-03-21 03:30:12,720 - INFO - 全ての更新が正常に完了しました
指定されたファイルが見つかりません: MyWork/datasets/maki_250630.xlsx
代替パスを検索中...
ファイルを発見: .\datasets\maki_250630.xlsx
J29（ビットコイン価格）を 1110.29万円 に更新しました
J30（イーサリウム価格）を 33.86万円 に更新しました
ファイル '.\datasets\maki_250630.xlsx' の更新が完了しました（書式保持）。
デバッグ: Excelファイルパス = .\datasets\maki_250630.xlsx
デバッグ: 貴金属価格を取得中...
デバッグ: 取得した価格 = {'gold': 27174.70554443772, 'silver': 425.2810730241047, 'platinum': 11452.256948844923}
デバッグ: Excelファイルを読み込み中...
デバッグ: 利用可能なシート名 = ['ストック', '家計資産', 'calc', '口座', 'フロー', '2nd2', 'Tips', '給与', '損益通算']
デバッグ: 'ストック'シートを取得しました
デバッグ: 更新前の値を確認...
デバッグ: 更新前 - 金:rate, 銀:27895.70648357904, プラチナ:444.845578383961
デバッグ: 更新後の値を確認...
デバッグ: 更新後 - 金:rate, 銀:27174.70554443772, プラチナ:425.2810730241047
R30（金買取価格）を 27174.71円/g に更新しました
R31（銀買取価格）を 425.28円/g に更新しました
R32（プラチナ買取価格）を 11452.26円/g に更新しました
デバッグ: ファイルを保存中...
ストックシートの貴金属価格更新が完了しました（書式保持）。
デバッグ: 保存後の確認...
デバッグ: 保存後確認 - 金:rate, 銀:27174.70554443772, プラチナ:425.2810730241047
H14に実行日 2026/03/21 を更新しました
H16に実行日 2026/03/21 を更新しました
家計資産シートの実行日更新が完了しました（書式保持）。
[2026/03/21  3:30:12.85] Price update completed successfully 
[2026/03/22  3:47:01.29] Starting price update (PowerShell version)... 
[2026/03/22  3:47:10.40] PowerShell execution completed 
[2026/03/23  3:30:02.03] Starting price update with correct Python path... 
[2026/03/23  3:30:02.08] Using Python from Anaconda maki2 environment 
2026-03-23 03:30:08,166 - INFO - === 価格データの自動更新を開始 ===
2026-03-23 03:30:08,183 - INFO - --- 仮想通貨価格の更新 ---
2026-03-23 03:30:08,819 - INFO - 仮想通貨価格の更新が完了しました
2026-03-23 03:30:08,819 - INFO - --- 貴金属価格の更新 ---
2026-03-23 03:30:10,119 - INFO - 貴金属価格の更新が完了しました
2026-03-23 03:30:10,124 - INFO - --- 実行日の更新 ---
2026-03-23 03:30:10,307 - INFO - 実行日の更新が完了しました
2026-03-23 03:30:10,310 - INFO - === 更新完了: 3/3 タスクが成功 ===
2026-03-23 03:30:10,310 - INFO - 全ての更新が正常に完了しました
指定されたファイルが見つかりません: MyWork/datasets/maki_250630.xlsx
代替パスを検索中...
ファイルを発見: .\datasets\maki_250630.xlsx
J29（ビットコイン価格）を 1093.10万円 に更新しました
J30（イーサリウム価格）を 33.07万円 に更新しました
ファイル '.\datasets\maki_250630.xlsx' の更新が完了しました（書式保持）。
デバッグ: Excelファイルパス = .\datasets\maki_250630.xlsx
デバッグ: 貴金属価格を取得中...
デバッグ: 取得した価格 = {'gold': 25223.62937492779, 'silver': 381.4311551981903, 'platinum': 10809.619039707435}
デバッグ: Excelファイルを読み込み中...
デバッグ: 利用可能なシート名 = ['ストック', '家計資産', 'calc', '口座', 'フロー', '2nd2', 'Tips', '給与', '損益通算']
デバッグ: 'ストック'シートを取得しました
デバッグ: 更新前の値を確認...
デバッグ: 更新前 - 金:rate, 銀:26155.43146015526, プラチナ:410.3246857056559
デバッグ: 更新後の値を確認...
デバッグ: 更新後 - 金:rate, 銀:25223.62937492779, プラチナ:381.4311551981903
R30（金買取価格）を 25223.63円/g に更新しました
R31（銀買取価格）を 381.43円/g に更新しました
R32（プラチナ買取価格）を 10809.62円/g に更新しました
デバッグ: ファイルを保存中...
ストックシートの貴金属価格更新が完了しました（書式保持）。
デバッグ: 保存後の確認...
デバッグ: 保存後確認 - 金:rate, 銀:25223.62937492779, プラチナ:381.4311551981903
H14に実行日 2026/03/23 を更新しました
H16に実行日 2026/03/23 を更新しました
家計資産シートの実行日更新が完了しました（書式保持）。
[2026/03/23  3:30:10.44] Price update completed successfully 
[2026/03/24  3:30:02.48] Starting price update with correct Python path... 
[2026/03/24  3:30:02.54] Using Python from Anaconda maki2 environment 
2026-03-24 03:30:10,601 - INFO - === 価格データの自動更新を開始 ===
2026-03-24 03:30:10,612 - INFO - --- 仮想通貨価格の更新 ---
2026-03-24 03:30:11,151 - INFO - 仮想通貨価格の更新が完了しました
2026-03-24 03:30:11,151 - INFO - --- 貴金属価格の更新 ---
2026-03-24 03:30:12,268 - INFO - 貴金属価格の更新が完了しました
2026-03-24 03:30:12,269 - INFO - --- 実行日の更新 ---
2026-03-24 03:30:12,463 - INFO - 実行日の更新が完了しました
2026-03-24 03:30:12,463 - INFO - === 更新完了: 3/3 タスクが成功 ===
2026-03-24 03:30:12,464 - INFO - 全ての更新が正常に完了しました
指定されたファイルが見つかりません: MyWork/datasets/maki_250630.xlsx
代替パスを検索中...
ファイルを発見: .\datasets\maki_250630.xlsx
J29（ビットコイン価格）を 1122.18万円 に更新しました
J30（イーサリウム価格）を 33.97万円 に更新しました
ファイル '.\datasets\maki_250630.xlsx' の更新が完了しました（書式保持）。
デバッグ: Excelファイルパス = .\datasets\maki_250630.xlsx
デバッグ: 貴金属価格を取得中...
デバッグ: 取得した価格 = {'gold': 25087.48734162345, 'silver': 379.1252750926529, 'platinum': 10748.49786652319}
デバッグ: Excelファイルを読み込み中...
デバッグ: 利用可能なシート名 = ['ストック', '家計資産', 'calc', '口座', 'フロー', '2nd2', 'Tips', '給与', '損益通算']
デバッグ: 'ストック'シートを取得しました
デバッグ: 更新前の値を確認...
デバッグ: 更新前 - 金:rate, 銀:25223.62937492779, プラチナ:381.4311551981903
デバッグ: 更新後の値を確認...
デバッグ: 更新後 - 金:rate, 銀:25087.48734162345, プラチナ:379.1252750926529
R30（金買取価格）を 25087.49円/g に更新しました
R31（銀買取価格）を 379.13円/g に更新しました
R32（プラチナ買取価格）を 10748.50円/g に更新しました
デバッグ: ファイルを保存中...
ストックシートの貴金属価格更新が完了しました（書式保持）。
デバッグ: 保存後の確認...
デバッグ: 保存後確認 - 金:rate, 銀:25087.48734162345, プラチナ:379.1252750926529
H14に実行日 2026/03/24 を更新しました
H16に実行日 2026/03/24 を更新しました
家計資産シートの実行日更新が完了しました（書式保持）。
[2026/03/24  3:30:12.58] Price update completed successfully 
[2026/03/25  3:30:02.56] Starting price update with correct Python path... 
[2026/03/25  3:30:02.58] Using Python from Anaconda maki2 environment 
2026-03-25 03:30:09,943 - INFO - === 価格データの自動更新を開始 ===
2026-03-25 03:30:09,946 - INFO - --- 仮想通貨価格の更新 ---
2026-03-25 03:30:10,460 - INFO - 仮想通貨価格の更新が完了しました
2026-03-25 03:30:10,460 - INFO - --- 貴金属価格の更新 ---
2026-03-25 03:30:11,694 - INFO - 貴金属価格の更新が完了しました
2026-03-25 03:30:11,694 - INFO - --- 実行日の更新 ---
2026-03-25 03:30:11,810 - INFO - 実行日の更新が完了しました
2026-03-25 03:30:11,810 - INFO - === 更新完了: 3/3 タスクが成功 ===
2026-03-25 03:30:11,810 - INFO - 全ての更新が正常に完了しました
指定されたファイルが見つかりません: MyWork/datasets/maki_250630.xlsx
代替パスを検索中...
ファイルを発見: .\datasets\maki_250630.xlsx
J29（ビットコイン価格）を 1103.43万円 に更新しました
J30（イーサリウム価格）を 33.65万円 に更新しました
ファイル '.\datasets\maki_250630.xlsx' の更新が完了しました（書式保持）。
デバッグ: Excelファイルパス = .\datasets\maki_250630.xlsx
デバッグ: 貴金属価格を取得中...
デバッグ: 取得した価格 = {'gold': 24740.637055022653, 'silver': 376.70483882645897, 'platinum': 10543.133646829747}
デバッグ: Excelファイルを読み込み中...
デバッグ: 利用可能なシート名 = ['ストック', '家計資産', 'calc', '口座', 'フロー', '2nd2', 'Tips', '給与', '損益通算']
デバッグ: 'ストック'シートを取得しました
デバッグ: 更新前の値を確認...
デバッグ: 更新前 - 金:rate, 銀:25087.48734162345, プラチナ:379.1252750926529
デバッグ: 更新後の値を確認...
デバッグ: 更新後 - 金:rate, 銀:24740.637055022653, プラチナ:376.70483882645897
R30（金買取価格）を 24740.64円/g に更新しました
R31（銀買取価格）を 376.70円/g に更新しました
R32（プラチナ買取価格）を 10543.13円/g に更新しました
デバッグ: ファイルを保存中...
ストックシートの貴金属価格更新が完了しました（書式保持）。
デバッグ: 保存後の確認...
デバッグ: 保存後確認 - 金:rate, 銀:24740.63705502265, プラチナ:376.704838826459
H14に実行日 2026/03/25 を更新しました
H16に実行日 2026/03/25 を更新しました
家計資産シートの実行日更新が完了しました（書式保持）。
[2026/03/25  3:30:11.90] Price update completed successfully 
[2026/03/26  3:30:02.28] Starting price update with correct Python path... 
[2026/03/26  3:30:02.30] Using Python from Anaconda maki2 environment 
2026-03-26 03:30:11,482 - INFO - === 価格データの自動更新を開始 ===
2026-03-26 03:30:11,489 - INFO - --- 仮想通貨価格の更新 ---
2026-03-26 03:30:12,080 - INFO - 仮想通貨価格の更新が完了しました
2026-03-26 03:30:12,080 - INFO - --- 貴金属価格の更新 ---
2026-03-26 03:30:13,622 - INFO - 貴金属価格の更新が完了しました
2026-03-26 03:30:13,623 - INFO - --- 実行日の更新 ---
2026-03-26 03:30:13,765 - INFO - 実行日の更新が完了しました
2026-03-26 03:30:13,765 - INFO - === 更新完了: 3/3 タスクが成功 ===
2026-03-26 03:30:13,766 - INFO - 全ての更新が正常に完了しました
指定されたファイルが見つかりません: MyWork/datasets/maki_250630.xlsx
代替パスを検索中...
ファイルを発見: .\datasets\maki_250630.xlsx
J29（ビットコイン価格）を 1130.59万円 に更新しました
J30（イーサリウム価格）を 34.55万円 に更新しました
ファイル '.\datasets\maki_250630.xlsx' の更新が完了しました（書式保持）。
デバッグ: Excelファイルパス = .\datasets\maki_250630.xlsx
デバッグ: 貴金属価格を取得中...
デバッグ: 取得した価格 = {'gold': 24427.97816518511, 'silver': 377.2963765998789, 'platinum': 10304.543538493475}
デバッグ: Excelファイルを読み込み中...
デバッグ: 利用可能なシート名 = ['ストック', '家計資産', 'calc', '口座', 'フロー', '2nd2', 'Tips', '給与', '損益通算']
デバッグ: 'ストック'シートを取得しました
デバッグ: 更新前の値を確認...
デバッグ: 更新前 - 金:rate, 銀:24740.63705502265, プラチナ:376.704838826459
デバッグ: 更新後の値を確認...
デバッグ: 更新後 - 金:rate, 銀:24427.97816518511, プラチナ:377.2963765998789
R30（金買取価格）を 24427.98円/g に更新しました
R31（銀買取価格）を 377.30円/g に更新しました
R32（プラチナ買取価格）を 10304.54円/g に更新しました
デバッグ: ファイルを保存中...
ストックシートの貴金属価格更新が完了しました（書式保持）。
デバッグ: 保存後の確認...
デバッグ: 保存後確認 - 金:rate, 銀:24427.97816518511, プラチナ:377.2963765998789
H14に実行日 2026/03/26 を更新しました
H16に実行日 2026/03/26 を更新しました
家計資産シートの実行日更新が完了しました（書式保持）。
[2026/03/26  3:30:13.84] Price update completed successfully 
[2026/03/27  3:30:02.36] Starting price update with correct Python path... 
[2026/03/27  3:30:02.38] Using Python from Anaconda maki2 environment 
2026-03-27 03:30:11,880 - INFO - === 価格データの自動更新を開始 ===
2026-03-27 03:30:11,888 - INFO - --- 仮想通貨価格の更新 ---
2026-03-27 03:30:12,520 - INFO - 仮想通貨価格の更新が完了しました
2026-03-27 03:30:12,521 - INFO - --- 貴金属価格の更新 ---
2026-03-27 03:30:13,806 - INFO - 貴金属価格の更新が完了しました
2026-03-27 03:30:13,807 - INFO - --- 実行日の更新 ---
2026-03-27 03:30:13,957 - INFO - 実行日の更新が完了しました
2026-03-27 03:30:13,957 - INFO - === 更新完了: 3/3 タスクが成功 ===
2026-03-27 03:30:13,957 - INFO - 全ての更新が正常に完了しました
指定されたファイルが見つかりません: MyWork/datasets/maki_250630.xlsx
代替パスを検索中...
ファイルを発見: .\datasets\maki_250630.xlsx
J29（ビットコイン価格）を 1088.96万円 に更新しました
J30（イーサリウム価格）を 32.55万円 に更新しました
ファイル '.\datasets\maki_250630.xlsx' の更新が完了しました（書式保持）。
デバッグ: Excelファイルパス = .\datasets\maki_250630.xlsx
デバッグ: 貴金属価格を取得中...
デバッグ: 取得した価格 = {'gold': 25774.782850922784, 'silver': 418.358331086468, 'platinum': 11204.325715923234}
デバッグ: Excelファイルを読み込み中...
デバッグ: 利用可能なシート名 = ['ストック', '家計資産', 'calc', '口座', 'フロー', '2nd2', 'Tips', '給与', '損益通算']
デバッグ: 'ストック'シートを取得しました
デバッグ: 更新前の値を確認...
デバッグ: 更新前 - 金:rate, 銀:24427.97816518511, プラチナ:377.2963765998789
デバッグ: 更新後の値を確認...
デバッグ: 更新後 - 金:rate, 銀:25774.782850922784, プラチナ:418.358331086468
R30（金買取価格）を 25774.78円/g に更新しました
R31（銀買取価格）を 418.36円/g に更新しました
R32（プラチナ買取価格）を 11204.33円/g に更新しました
デバッグ: ファイルを保存中...
ストックシートの貴金属価格更新が完了しました（書式保持）。
デバッグ: 保存後の確認...
デバッグ: 保存後確認 - 金:rate, 銀:25774.78285092278, プラチナ:418.358331086468
H14に実行日 2026/03/27 を更新しました
H16に実行日 2026/03/27 を更新しました
家計資産シートの実行日更新が完了しました（書式保持）。
[2026/03/27  3:30:14.05] Price update completed successfully 
[2026/03/28  3:30:02.55] Starting price update with correct Python path... 
[2026/03/28  3:30:02.57] Using Python from Anaconda maki2 environment 
2026-03-28 03:30:13,983 - INFO - === 価格データの自動更新を開始 ===
2026-03-28 03:30:14,002 - INFO - --- 仮想通貨価格の更新 ---
2026-03-28 03:30:14,610 - INFO - 仮想通貨価格の更新が完了しました
2026-03-28 03:30:14,611 - INFO - --- 貴金属価格の更新 ---
2026-03-28 03:30:16,275 - INFO - 貴金属価格の更新が完了しました
2026-03-28 03:30:16,275 - INFO - --- 実行日の更新 ---
2026-03-28 03:30:16,434 - INFO - 実行日の更新が完了しました
2026-03-28 03:30:16,434 - INFO - === 更新完了: 3/3 タスクが成功 ===
2026-03-28 03:30:16,436 - INFO - 全ての更新が正常に完了しました
指定されたファイルが見つかりません: MyWork/datasets/maki_250630.xlsx
代替パスを検索中...
ファイルを発見: .\datasets\maki_250630.xlsx
J29（ビットコイン価格）を 1053.44万円 に更新しました
J30（イーサリウム価格）を 31.72万円 に更新しました
ファイル '.\datasets\maki_250630.xlsx' の更新が完了しました（書式保持）。
デバッグ: Excelファイルパス = .\datasets\maki_250630.xlsx
デバッグ: 貴金属価格を取得中...
デバッグ: 取得した価格 = {'gold': 25672.465322706415, 'silver': 405.37540616684856, 'platinum': 10884.474908512075}
デバッグ: Excelファイルを読み込み中...
デバッグ: 利用可能なシート名 = ['ストック', '家計資産', 'calc', '口座', 'フロー', '2nd2', 'Tips', '給与', '損益通算']
デバッグ: 'ストック'シートを取得しました
デバッグ: 更新前の値を確認...
デバッグ: 更新前 - 金:rate, 銀:25774.78285092278, プラチナ:418.358331086468
デバッグ: 更新後の値を確認...
デバッグ: 更新後 - 金:rate, 銀:25672.465322706415, プラチナ:405.37540616684856
R30（金買取価格）を 25672.47円/g に更新しました
R31（銀買取価格）を 405.38円/g に更新しました
R32（プラチナ買取価格）を 10884.47円/g に更新しました
デバッグ: ファイルを保存中...
ストックシートの貴金属価格更新が完了しました（書式保持）。
デバッグ: 保存後の確認...
デバッグ: 保存後確認 - 金:rate, 銀:25672.46532270642, プラチナ:405.3754061668486
H14に実行日 2026/03/28 を更新しました
H16に実行日 2026/03/28 を更新しました
家計資産シートの実行日更新が完了しました（書式保持）。
[2026/03/28  3:30:16.54] Price update completed successfully 
[2026/03/29  3:30:03.43] Starting price update with correct Python path... 
[2026/03/29  3:30:03.63] Using Python from Anaconda maki2 environment 
2026-03-29 03:30:17,367 - INFO - === 価格データの自動更新を開始 ===
2026-03-29 03:30:17,415 - INFO - --- 仮想通貨価格の更新 ---
2026-03-29 03:30:18,740 - INFO - 仮想通貨価格の更新が完了しました
2026-03-29 03:30:18,742 - INFO - --- 貴金属価格の更新 ---
2026-03-29 03:30:21,293 - INFO - 貴金属価格の更新が完了しました
2026-03-29 03:30:21,294 - INFO - --- 実行日の更新 ---
2026-03-29 03:30:21,771 - INFO - 実行日の更新が完了しました
2026-03-29 03:30:21,779 - INFO - === 更新完了: 3/3 タスクが成功 ===
2026-03-29 03:30:21,780 - INFO - 全ての更新が正常に完了しました
指定されたファイルが見つかりません: MyWork/datasets/maki_250630.xlsx
代替パスを検索中...
ファイルを発見: .\datasets\maki_250630.xlsx
J29（ビットコイン価格）を 1071.87万円 に更新しました
J30（イーサリウム価格）を 32.40万円 に更新しました
ファイル '.\datasets\maki_250630.xlsx' の更新が完了しました（書式保持）。
デバッグ: Excelファイルパス = .\datasets\maki_250630.xlsx
デバッグ: 貴金属価格を取得中...
デバッグ: 取得した価格 = {'gold': 24860.79264763755, 'silver': 385.4513544446562, 'platinum': 10352.877359770935}
デバッグ: Excelファイルを読み込み中...
デバッグ: 利用可能なシート名 = ['ストック', '家計資産', 'calc', '口座', 'フロー', '2nd2', 'Tips', '給与', '損益通算']
デバッグ: 'ストック'シートを取得しました
デバッグ: 更新前の値を確認...
デバッグ: 更新前 - 金:rate, 銀:25672.46532270642, プラチナ:405.3754061668486
デバッグ: 更新後の値を確認...
デバッグ: 更新後 - 金:rate, 銀:24860.79264763755, プラチナ:385.4513544446562
R30（金買取価格）を 24860.79円/g に更新しました
R31（銀買取価格）を 385.45円/g に更新しました
R32（プラチナ買取価格）を 10352.88円/g に更新しました
デバッグ: ファイルを保存中...
ストックシートの貴金属価格更新が完了しました（書式保持）。
デバッグ: 保存後の確認...
デバッグ: 保存後確認 - 金:rate, 銀:24860.79264763755, プラチナ:385.4513544446562
H14に実行日 2026/03/29 を更新しました
H16に実行日 2026/03/29 を更新しました
家計資産シートの実行日更新が完了しました（書式保持）。
[2026/03/29  3:30:21.93] Price update completed successfully 
[2026/03/30  3:30:02.76] Starting price update with correct Python path... 
[2026/03/30  3:30:02.80] Using Python from Anaconda maki2 environment 
2026-03-30 03:30:15,676 - INFO - === 価格データの自動更新を開始 ===
2026-03-30 03:30:15,700 - INFO - --- 仮想通貨価格の更新 ---
2026-03-30 03:30:16,408 - INFO - 仮想通貨価格の更新が完了しました
2026-03-30 03:30:16,408 - INFO - --- 貴金属価格の更新 ---
2026-03-30 03:30:18,206 - INFO - 貴金属価格の更新が完了しました
2026-03-30 03:30:18,208 - INFO - --- 実行日の更新 ---
2026-03-30 03:30:18,562 - INFO - 実行日の更新が完了しました
2026-03-30 03:30:18,563 - INFO - === 更新完了: 3/3 タスクが成功 ===
2026-03-30 03:30:18,564 - INFO - 全ての更新が正常に完了しました
指定されたファイルが見つかりません: MyWork/datasets/maki_250630.xlsx
代替パスを検索中...
ファイルを発見: .\datasets\maki_250630.xlsx
J29（ビットコイン価格）を 1061.99万円 に更新しました
J30（イーサリウム価格）を 31.89万円 に更新しました
ファイル '.\datasets\maki_250630.xlsx' の更新が完了しました（書式保持）。
デバッグ: Excelファイルパス = .\datasets\maki_250630.xlsx
デバッグ: 貴金属価格を取得中...
デバッグ: 取得した価格 = {'gold': 25368.564270939685, 'silver': 393.72434922205093, 'platinum': 10524.012776533164}
デバッグ: Excelファイルを読み込み中...
デバッグ: 利用可能なシート名 = ['ストック', '家計資産', 'calc', '口座', 'フロー', '2nd2', 'Tips', '給与', '損益通算']
デバッグ: 'ストック'シートを取得しました
デバッグ: 更新前の値を確認...
デバッグ: 更新前 - 金:rate, 銀:24860.79264763755, プラチナ:385.4513544446562
デバッグ: 更新後の値を確認...
デバッグ: 更新後 - 金:rate, 銀:25368.564270939685, プラチナ:393.72434922205093
R30（金買取価格）を 25368.56円/g に更新しました
R31（銀買取価格）を 393.72円/g に更新しました
R32（プラチナ買取価格）を 10524.01円/g に更新しました
デバッグ: ファイルを保存中...
ストックシートの貴金属価格更新が完了しました（書式保持）。
デバッグ: 保存後の確認...
デバッグ: 保存後確認 - 金:rate, 銀:25368.56427093969, プラチナ:393.7243492220509
H14に実行日 2026/03/30 を更新しました
H16に実行日 2026/03/30 を更新しました
家計資産シートの実行日更新が完了しました（書式保持）。
[2026/03/30  3:30:18.67] Price update completed successfully 
[2026/03/31  3:30:01.98] Starting price update with correct Python path... 
[2026/03/31  3:30:02.01] Using Python from Anaconda maki2 environment 
2026-03-31 03:30:08,739 - INFO - === 価格データの自動更新を開始 ===
2026-03-31 03:30:08,756 - INFO - --- 仮想通貨価格の更新 ---
2026-03-31 03:30:09,368 - INFO - 仮想通貨価格の更新が完了しました
2026-03-31 03:30:09,368 - INFO - --- 貴金属価格の更新 ---
2026-03-31 03:30:11,035 - INFO - 貴金属価格の更新が完了しました
2026-03-31 03:30:11,039 - INFO - --- 実行日の更新 ---
2026-03-31 03:30:11,210 - INFO - 実行日の更新が完了しました
2026-03-31 03:30:11,214 - INFO - === 更新完了: 3/3 タスクが成功 ===
2026-03-31 03:30:11,214 - INFO - 全ての更新が正常に完了しました
指定されたファイルが見つかりません: MyWork/datasets/maki_250630.xlsx
代替パスを検索中...
ファイルを発見: .\datasets\maki_250630.xlsx
J29（ビットコイン価格）を 1062.99万円 に更新しました
J30（イーサリウム価格）を 32.45万円 に更新しました
ファイル '.\datasets\maki_250630.xlsx' の更新が完了しました（書式保持）。
デバッグ: Excelファイルパス = .\datasets\maki_250630.xlsx
デバッグ: 貴金属価格を取得中...
デバッグ: 取得した価格 = {'gold': 25286.06886449742, 'silver': 392.44506490815775, 'platinum': 10490.672938305348}
デバッグ: Excelファイルを読み込み中...
デバッグ: 利用可能なシート名 = ['ストック', '家計資産', 'calc', '口座', 'フロー', '2nd2', 'Tips', '給与', '損益通算']
デバッグ: 'ストック'シートを取得しました
デバッグ: 更新前の値を確認...
デバッグ: 更新前 - 金:rate, 銀:25368.56427093969, プラチナ:393.7243492220509
デバッグ: 更新後の値を確認...
デバッグ: 更新後 - 金:rate, 銀:25286.06886449742, プラチナ:392.44506490815775
R30（金買取価格）を 25286.07円/g に更新しました
R31（銀買取価格）を 392.45円/g に更新しました
R32（プラチナ買取価格）を 10490.67円/g に更新しました
デバッグ: ファイルを保存中...
ストックシートの貴金属価格更新が完了しました（書式保持）。
デバッグ: 保存後の確認...
デバッグ: 保存後確認 - 金:rate, 銀:25286.06886449742, プラチナ:392.4450649081577
H14に実行日 2026/03/31 を更新しました
H16に実行日 2026/03/31 を更新しました
家計資産シートの実行日更新が完了しました（書式保持）。
[2026/03/31  3:30:11.31] Price update completed successfully 
[2026/04/01  3:30:02.13] Starting price update with correct Python path... 
[2026/04/01  3:30:02.18] Using Python from Anaconda maki2 environment 
2026-04-01 03:30:08,395 - INFO - === 価格データの自動更新を開始 ===
2026-04-01 03:30:08,408 - INFO - --- 仮想通貨価格の更新 ---
2026-04-01 03:30:08,928 - INFO - 仮想通貨価格の更新が完了しました
2026-04-01 03:30:08,928 - INFO - --- 貴金属価格の更新 ---
2026-04-01 03:30:09,970 - INFO - 貴金属価格の更新が完了しました
2026-04-01 03:30:09,971 - INFO - --- 実行日の更新 ---
2026-04-01 03:30:10,136 - INFO - 実行日の更新が完了しました
2026-04-01 03:30:10,136 - INFO - === 更新完了: 3/3 タスクが成功 ===
2026-04-01 03:30:10,136 - INFO - 全ての更新が正常に完了しました
指定されたファイルが見つかりません: MyWork/datasets/maki_250630.xlsx
代替パスを検索中...
ファイルを発見: .\datasets\maki_250630.xlsx
J29（ビットコイン価格）を 1075.57万円 に更新しました
J30（イーサリウム価格）を 33.37万円 に更新しました
ファイル '.\datasets\maki_250630.xlsx' の更新が完了しました（書式保持）。
デバッグ: Excelファイルパス = .\datasets\maki_250630.xlsx
デバッグ: 貴金属価格を取得中...
デバッグ: 取得した価格 = {'gold': 24796.280496727286, 'silver': 380.88511783459734, 'platinum': 10284.437886154812}
デバッグ: Excelファイルを読み込み中...
デバッグ: 利用可能なシート名 = ['ストック', '家計資産', 'calc', '口座', 'フロー', '2nd2', 'Tips', '給与', '損益通算']
デバッグ: 'ストック'シートを取得しました
デバッグ: 更新前の値を確認...
デバッグ: 更新前 - 金:rate, 銀:25286.06886449742, プラチナ:392.4450649081577
デバッグ: 更新後の値を確認...
デバッグ: 更新後 - 金:rate, 銀:24796.280496727286, プラチナ:380.88511783459734
R30（金買取価格）を 24796.28円/g に更新しました
R31（銀買取価格）を 380.89円/g に更新しました
R32（プラチナ買取価格）を 10284.44円/g に更新しました
デバッグ: ファイルを保存中...
ストックシートの貴金属価格更新が完了しました（書式保持）。
デバッグ: 保存後の確認...
デバッグ: 保存後確認 - 金:rate, 銀:24796.28049672729, プラチナ:380.8851178345973
H14に実行日 2026/04/01 を更新しました
H16に実行日 2026/04/01 を更新しました
家計資産シートの実行日更新が完了しました（書式保持）。
[2026/04/01  3:30:10.22] Price update completed successfully 
[2026/04/02  3:30:01.92] Starting price update with correct Python path... 
[2026/04/02  3:30:01.97] Using Python from Anaconda maki2 environment 
2026-04-02 03:30:09,225 - INFO - === 価格データの自動更新を開始 ===
2026-04-02 03:30:09,250 - INFO - --- 仮想通貨価格の更新 ---
2026-04-02 03:30:09,900 - INFO - 仮想通貨価格の更新が完了しました
2026-04-02 03:30:09,900 - INFO - --- 貴金属価格の更新 ---
2026-04-02 03:30:11,896 - INFO - 貴金属価格の更新が完了しました
2026-04-02 03:30:11,896 - INFO - --- 実行日の更新 ---
2026-04-02 03:30:12,108 - INFO - 実行日の更新が完了しました
2026-04-02 03:30:12,108 - INFO - === 更新完了: 3/3 タスクが成功 ===
2026-04-02 03:30:12,108 - INFO - 全ての更新が正常に完了しました
指定されたファイルが見つかりません: MyWork/datasets/maki_250630.xlsx
代替パスを検索中...
ファイルを発見: .\datasets\maki_250630.xlsx
J29（ビットコイン価格）を 1081.09万円 に更新しました
J30（イーサリウム価格）を 33.78万円 に更新しました
ファイル '.\datasets\maki_250630.xlsx' の更新が完了しました（書式保持）。
デバッグ: Excelファイルパス = .\datasets\maki_250630.xlsx
デバッグ: 貴金属価格を取得中...
デバッグ: 取得した価格 = {'gold': 25306.762775242405, 'silver': 391.3615956291995, 'platinum': 10557.498541216835}
デバッグ: Excelファイルを読み込み中...
デバッグ: 利用可能なシート名 = ['ストック', '家計資産', 'calc', '口座', 'フロー', '2nd2', 'Tips', '給与', '損益通算']
デバッグ: 'ストック'シートを取得しました
デバッグ: 更新前の値を確認...
デバッグ: 更新前 - 金:rate, 銀:24796.28049672729, プラチナ:380.8851178345973
デバッグ: 更新後の値を確認...
デバッグ: 更新後 - 金:rate, 銀:25306.762775242405, プラチナ:391.3615956291995
R30（金買取価格）を 25306.76円/g に更新しました
R31（銀買取価格）を 391.36円/g に更新しました
R32（プラチナ買取価格）を 10557.50円/g に更新しました
デバッグ: ファイルを保存中...
ストックシートの貴金属価格更新が完了しました（書式保持）。
デバッグ: 保存後の確認...
デバッグ: 保存後確認 - 金:rate, 銀:25306.76277524241, プラチナ:391.3615956291995
H14に実行日 2026/04/02 を更新しました
H16に実行日 2026/04/02 を更新しました
家計資産シートの実行日更新が完了しました（書式保持）。
[2026/04/02  3:30:12.20] Price update completed successfully 
[2026/04/03  3:30:02.07] Starting price update with correct Python path... 
[2026/04/03  3:30:02.18] Using Python from Anaconda maki2 environment 
2026-04-03 03:30:09,396 - INFO - === 価格データの自動更新を開始 ===
2026-04-03 03:30:09,429 - INFO - --- 仮想通貨価格の更新 ---
2026-04-03 03:30:10,000 - INFO - 仮想通貨価格の更新が完了しました
2026-04-03 03:30:10,000 - INFO - --- 貴金属価格の更新 ---
2026-04-03 03:30:11,420 - INFO - 貴金属価格の更新が完了しました
2026-04-03 03:30:11,425 - INFO - --- 実行日の更新 ---
2026-04-03 03:30:11,625 - INFO - 実行日の更新が完了しました
2026-04-03 03:30:11,625 - INFO - === 更新完了: 3/3 タスクが成功 ===
2026-04-03 03:30:11,625 - INFO - 全ての更新が正常に完了しました
指定されたファイルが見つかりません: MyWork/datasets/maki_250630.xlsx
代替パスを検索中...
ファイルを発見: .\datasets\maki_250630.xlsx
J29（ビットコイン価格）を 1064.21万円 に更新しました
J30（イーサリウム価格）を 32.66万円 に更新しました
ファイル '.\datasets\maki_250630.xlsx' の更新が完了しました（書式保持）。
デバッグ: Excelファイルパス = .\datasets\maki_250630.xlsx
デバッグ: 貴金属価格を取得中...
デバッグ: 取得した価格 = {'gold': 26453.986623116587, 'silver': 421.78435912573764, 'platinum': 11147.341542253467}
デバッグ: Excelファイルを読み込み中...
デバッグ: 利用可能なシート名 = ['ストック', '家計資産', 'calc', '口座', 'フロー', '2nd2', 'Tips', '給与', '損益通算']
デバッグ: 'ストック'シートを取得しました
デバッグ: 更新前の値を確認...
デバッグ: 更新前 - 金:rate, 銀:25306.76277524241, プラチナ:391.3615956291995
デバッグ: 更新後の値を確認...
デバッグ: 更新後 - 金:rate, 銀:26453.986623116587, プラチナ:421.78435912573764
R30（金買取価格）を 26453.99円/g に更新しました
R31（銀買取価格）を 421.78円/g に更新しました
R32（プラチナ買取価格）を 11147.34円/g に更新しました
デバッグ: ファイルを保存中...
ストックシートの貴金属価格更新が完了しました（書式保持）。
デバッグ: 保存後の確認...
デバッグ: 保存後確認 - 金:rate, 銀:26453.98662311659, プラチナ:421.7843591257376
H14に実行日 2026/04/03 を更新しました
H16に実行日 2026/04/03 を更新しました
家計資産シートの実行日更新が完了しました（書式保持）。
[2026/04/03  3:30:11.72] Price update completed successfully 
[2026/04/04  3:34:22.85] Starting price update with correct Python path... 
[2026/04/04  3:34:22.87] Using Python from Anaconda maki2 environment 
2026-04-04 03:34:34,944 - INFO - === 価格データの自動更新を開始 ===
2026-04-04 03:34:34,965 - INFO - --- 仮想通貨価格の更新 ---
2026-04-04 03:34:35,765 - INFO - 仮想通貨価格の更新が完了しました
2026-04-04 03:34:35,769 - INFO - --- 貴金属価格の更新 ---
2026-04-04 03:34:37,486 - INFO - 貴金属価格の更新が完了しました
2026-04-04 03:34:37,486 - INFO - --- 実行日の更新 ---
2026-04-04 03:34:37,740 - INFO - 実行日の更新が完了しました
2026-04-04 03:34:37,740 - INFO - === 更新完了: 3/3 タスクが成功 ===
2026-04-04 03:34:37,740 - INFO - 全ての更新が正常に完了しました
指定されたファイルが見つかりません: MyWork/datasets/maki_250630.xlsx
代替パスを検索中...
ファイルを発見: .\datasets\maki_250630.xlsx
J29（ビットコイン価格）を 1067.61万円 に更新しました
J30（イーサリウム価格）を 32.75万円 に更新しました
ファイル '.\datasets\maki_250630.xlsx' の更新が完了しました（書式保持）。
デバッグ: Excelファイルパス = .\datasets\maki_250630.xlsx
デバッグ: 貴金属価格を取得中...
デバッグ: 取得した価格 = {'gold': 26982.208919754652, 'silver': 426.43263318006655, 'platinum': 11087.468714587543}
デバッグ: Excelファイルを読み込み中...
デバッグ: 利用可能なシート名 = ['ストック', '家計資産', 'calc', '口座', 'フロー', '2nd2', 'Tips', '給与', '損益通算']
デバッグ: 'ストック'シートを取得しました
デバッグ: 更新前の値を確認...
デバッグ: 更新前 - 金:rate, 銀:26453.98662311659, プラチナ:421.7843591257376
デバッグ: 更新後の値を確認...
デバッグ: 更新後 - 金:rate, 銀:26982.208919754652, プラチナ:426.43263318006655
R30（金買取価格）を 26982.21円/g に更新しました
R31（銀買取価格）を 426.43円/g に更新しました
R32（プラチナ買取価格）を 11087.47円/g に更新しました
デバッグ: ファイルを保存中...
ストックシートの貴金属価格更新が完了しました（書式保持）。
デバッグ: 保存後の確認...
デバッグ: 保存後確認 - 金:rate, 銀:26982.20891975465, プラチナ:426.4326331800665
H14に実行日 2026/04/04 を更新しました
H16に実行日 2026/04/04 を更新しました
家計資産シートの実行日更新が完了しました（書式保持）。
[2026/04/04  3:34:37.86] Price update completed successfully 
[2026/04/05  3:30:02.37] Starting price update with correct Python path... 
[2026/04/05  3:30:02.39] Using Python from Anaconda maki2 environment 
2026-04-05 03:30:09,255 - INFO - === 価格データの自動更新を開始 ===
2026-04-05 03:30:09,262 - INFO - --- 仮想通貨価格の更新 ---
2026-04-05 03:30:09,671 - INFO - 仮想通貨価格の更新が完了しました
2026-04-05 03:30:09,671 - INFO - --- 貴金属価格の更新 ---
2026-04-05 03:30:11,149 - ERROR - 貴金属価格更新エラー: [Errno 13] Permission denied: '.\\datasets\\maki_250630.xlsx'
2026-04-05 03:30:11,152 - ERROR - 詳細エラー情報: Traceback (most recent call last):
  File "G:\マイドライブ\MyWork\My_rule.py", line 493, in update_all_prices_with_logging
    update_precious_metal_prices_in_excel(file_path)
  File "G:\マイドライブ\MyWork\My_rule.py", line 384, in update_precious_metal_prices_in_excel
    workbook.save(file_path)
  File "C:\Users\maki_\anaconda3\envs\maki2\Lib\site-packages\openpyxl\workbook\workbook.py", line 386, in save
    save_workbook(self, filename)
  File "C:\Users\maki_\anaconda3\envs\maki2\Lib\site-packages\openpyxl\writer\excel.py", line 291, in save_workbook
    archive = ZipFile(filename, 'w', ZIP_DEFLATED, allowZip64=True)
              ^^^^^^^^^^^^^^^^^^^^^^^^^^^^^^^^^^^^^^^^^^^^^^^^^^^^^
  File "C:\Users\maki_\anaconda3\envs\maki2\Lib\zipfile\__init__.py", line 1331, in __init__
    self.fp = io.open(file, filemode)
              ^^^^^^^^^^^^^^^^^^^^^^^
PermissionError: [Errno 13] Permission denied: '.\\datasets\\maki_250630.xlsx'

2026-04-05 03:30:11,152 - INFO - --- 実行日の更新 ---
2026-04-05 03:30:11,241 - INFO - 実行日の更新が完了しました
2026-04-05 03:30:11,241 - INFO - === 更新完了: 2/3 タスクが成功 ===
2026-04-05 03:30:11,241 - WARNING - 1 個のタスクが失敗しました
指定されたファイルが見つかりません: MyWork/datasets/maki_250630.xlsx
代替パスを検索中...
ファイルを発見: .\datasets\maki_250630.xlsx
J29（ビットコイン価格）を 1075.13万円 に更新しました
J30（イーサリウム価格）を 32.84万円 に更新しました
Excel更新エラー: [Errno 13] Permission denied: '.\\datasets\\maki_250630.xlsx'
デバッグ: Excelファイルパス = .\datasets\maki_250630.xlsx
デバッグ: 貴金属価格を取得中...
デバッグ: 取得した価格 = {'gold': 26323.237057987015, 'silver': 410.90187715240285, 'platinum': 11099.258130094047}
デバッグ: Excelファイルを読み込み中...
デバッグ: 利用可能なシート名 = ['ストック', '家計資産', 'calc', '口座', 'フロー', '2nd2', 'Tips', '給与', '損益通算']
デバッグ: 'ストック'シートを取得しました
デバッグ: 更新前の値を確認...
デバッグ: 更新前 - 金:rate, 銀:26982.20891975465, プラチナ:426.4326331800665
デバッグ: 更新後の値を確認...
デバッグ: 更新後 - 金:rate, 銀:26323.237057987015, プラチナ:410.90187715240285
R30（金買取価格）を 26323.24円/g に更新しました
R31（銀買取価格）を 410.90円/g に更新しました
R32（プラチナ買取価格）を 11099.26円/g に更新しました
デバッグ: ファイルを保存中...
貴金属価格Excel更新エラー: [Errno 13] Permission denied: '.\\datasets\\maki_250630.xlsx'
詳細エラー情報: Traceback (most recent call last):
  File "G:\マイドライブ\MyWork\My_rule.py", line 384, in update_precious_metal_prices_in_excel
    workbook.save(file_path)
  File "C:\Users\maki_\anaconda3\envs\maki2\Lib\site-packages\openpyxl\workbook\workbook.py", line 386, in save
    save_workbook(self, filename)
  File "C:\Users\maki_\anaconda3\envs\maki2\Lib\site-packages\openpyxl\writer\excel.py", line 291, in save_workbook
    archive = ZipFile(filename, 'w', ZIP_DEFLATED, allowZip64=True)
              ^^^^^^^^^^^^^^^^^^^^^^^^^^^^^^^^^^^^^^^^^^^^^^^^^^^^^
  File "C:\Users\maki_\anaconda3\envs\maki2\Lib\zipfile\__init__.py", line 1331, in __init__
    self.fp = io.open(file, filemode)
              ^^^^^^^^^^^^^^^^^^^^^^^
PermissionError: [Errno 13] Permission denied: '.\\datasets\\maki_250630.xlsx'

H14に実行日 2026/04/05 を更新しました
H16に実行日 2026/04/05 を更新しました
実行日Excel更新エラー: [Errno 13] Permission denied: '.\\datasets\\maki_250630.xlsx'
[2026/04/05  3:30:11.32] Price update completed successfully 
[2026/04/05  5:20:16.98] Starting price update (PowerShell version)... 
[2026/04/05  5:20:22.13] PowerShell execution completed 
[2026/04/06  3:30:02.25] Starting price update with correct Python path... 
[2026/04/06  3:30:02.28] Using Python from Anaconda maki2 environment 
2026-04-06 03:30:11,434 - INFO - === 価格データの自動更新を開始 ===
2026-04-06 03:30:11,453 - INFO - --- 仮想通貨価格の更新 ---
2026-04-06 03:30:12,497 - INFO - 仮想通貨価格の更新が完了しました
2026-04-06 03:30:12,498 - INFO - --- 貴金属価格の更新 ---
2026-04-06 03:30:13,820 - INFO - 貴金属価格の更新が完了しました
2026-04-06 03:30:13,821 - INFO - --- 実行日の更新 ---
2026-04-06 03:30:13,971 - INFO - 実行日の更新が完了しました
2026-04-06 03:30:13,971 - INFO - === 更新完了: 3/3 タスクが成功 ===
2026-04-06 03:30:13,971 - INFO - 全ての更新が正常に完了しました
指定されたファイルが見つかりません: MyWork/datasets/maki_250630.xlsx
代替パスを検索中...
ファイルを発見: .\datasets\maki_250630.xlsx
J29（ビットコイン価格）を 1074.05万円 に更新しました
J30（イーサリウム価格）を 32.84万円 に更新しました
ファイル '.\datasets\maki_250630.xlsx' の更新が完了しました（書式保持）。
デバッグ: Excelファイルパス = .\datasets\maki_250630.xlsx
デバッグ: 貴金属価格を取得中...
デバッグ: 取得した価格 = {'gold': 26336.59426312972, 'silver': 411.1304070103259, 'platinum': 11179.357288547166}
デバッグ: Excelファイルを読み込み中...
デバッグ: 利用可能なシート名 = ['ストック', '家計資産', 'calc', '口座', 'フロー', '2nd2', 'Tips', '給与', '損益通算']
デバッグ: 'ストック'シートを取得しました
デバッグ: 更新前の値を確認...
デバッグ: 更新前 - 金:rate, 銀:26982.20891975465, プラチナ:426.4326331800665
デバッグ: 更新後の値を確認...
デバッグ: 更新後 - 金:rate, 銀:26336.59426312972, プラチナ:411.1304070103259
R30（金買取価格）を 26336.59円/g に更新しました
R31（銀買取価格）を 411.13円/g に更新しました
R32（プラチナ買取価格）を 11179.36円/g に更新しました
デバッグ: ファイルを保存中...
ストックシートの貴金属価格更新が完了しました（書式保持）。
デバッグ: 保存後の確認...
デバッグ: 保存後確認 - 金:rate, 銀:26336.59426312972, プラチナ:411.1304070103259
H14に実行日 2026/04/06 を更新しました
H16に実行日 2026/04/06 を更新しました
家計資産シートの実行日更新が完了しました（書式保持）。
[2026/04/06  3:30:14.06] Price update completed successfully 
[2026/04/07  3:30:02.85] Starting price update with correct Python path... 
[2026/04/07  3:30:02.89] Using Python from Anaconda maki2 environment 
2026-04-07 03:30:09,375 - INFO - === 価格データの自動更新を開始 ===
2026-04-07 03:30:09,395 - INFO - --- 仮想通貨価格の更新 ---
2026-04-07 03:30:10,061 - INFO - 仮想通貨価格の更新が完了しました
2026-04-07 03:30:10,066 - INFO - --- 貴金属価格の更新 ---
2026-04-07 03:30:11,495 - INFO - 貴金属価格の更新が完了しました
2026-04-07 03:30:11,507 - INFO - --- 実行日の更新 ---
2026-04-07 03:30:11,828 - INFO - 実行日の更新が完了しました
2026-04-07 03:30:11,828 - INFO - === 更新完了: 3/3 タスクが成功 ===
2026-04-07 03:30:11,828 - INFO - 全ての更新が正常に完了しました
指定されたファイルが見つかりません: MyWork/datasets/maki_250630.xlsx
代替パスを検索中...
ファイルを発見: .\datasets\maki_250630.xlsx
J29（ビットコイン価格）を 1115.37万円 に更新しました
J30（イーサリウム価格）を 34.26万円 に更新しました
ファイル '.\datasets\maki_250630.xlsx' の更新が完了しました（書式保持）。
デバッグ: Excelファイルパス = .\datasets\maki_250630.xlsx
デバッグ: 貴金属価格を取得中...
デバッグ: 取得した価格 = {'gold': 26331.06655050726, 'silver': 411.0531510616237, 'platinum': 11211.244302372252}
デバッグ: Excelファイルを読み込み中...
デバッグ: 利用可能なシート名 = ['ストック', '家計資産', 'calc', '口座', 'フロー', '2nd2', 'Tips', '給与', '損益通算']
デバッグ: 'ストック'シートを取得しました
デバッグ: 更新前の値を確認...
デバッグ: 更新前 - 金:rate, 銀:26336.59426312972, プラチナ:411.1304070103259
デバッグ: 更新後の値を確認...
デバッグ: 更新後 - 金:rate, 銀:26331.06655050726, プラチナ:411.0531510616237
R30（金買取価格）を 26331.07円/g に更新しました
R31（銀買取価格）を 411.05円/g に更新しました
R32（プラチナ買取価格）を 11211.24円/g に更新しました
デバッグ: ファイルを保存中...
ストックシートの貴金属価格更新が完了しました（書式保持）。
デバッグ: 保存後の確認...
デバッグ: 保存後確認 - 金:rate, 銀:26331.06655050726, プラチナ:411.0531510616237
H14に実行日 2026/04/07 を更新しました
H16に実行日 2026/04/07 を更新しました
家計資産シートの実行日更新が完了しました（書式保持）。
[2026/04/07  3:30:11.93] Price update completed successfully 
[2026/04/08  3:30:02.89] Starting price update with correct Python path... 
[2026/04/08  3:30:02.94] Using Python from Anaconda maki2 environment 
2026-04-08 03:30:13,901 - INFO - === 価格データの自動更新を開始 ===
2026-04-08 03:30:13,939 - INFO - --- 仮想通貨価格の更新 ---
2026-04-08 03:30:14,661 - INFO - 仮想通貨価格の更新が完了しました
2026-04-08 03:30:14,661 - INFO - --- 貴金属価格の更新 ---
2026-04-08 03:30:16,417 - INFO - 貴金属価格の更新が完了しました
2026-04-08 03:30:16,421 - INFO - --- 実行日の更新 ---
2026-04-08 03:30:16,700 - INFO - 実行日の更新が完了しました
2026-04-08 03:30:16,700 - INFO - === 更新完了: 3/3 タスクが成功 ===
2026-04-08 03:30:16,700 - INFO - 全ての更新が正常に完了しました
指定されたファイルが見つかりません: MyWork/datasets/maki_250630.xlsx
代替パスを検索中...
ファイルを発見: .\datasets\maki_250630.xlsx
J29（ビットコイン価格）を 1095.96万円 に更新しました
J30（イーサリウム価格）を 33.46万円 に更新しました
ファイル '.\datasets\maki_250630.xlsx' の更新が完了しました（書式保持）。
デバッグ: Excelファイルパス = .\datasets\maki_250630.xlsx
デバッグ: 貴金属価格を取得中...
デバッグ: 取得した価格 = {'gold': 26055.133499341937, 'silver': 408.06542344158265, 'platinum': 11145.13727382242}
デバッグ: Excelファイルを読み込み中...
デバッグ: 利用可能なシート名 = ['ストック', '家計資産', 'calc', '口座', 'フロー', '2nd2', 'Tips', '給与', '損益通算']
デバッグ: 'ストック'シートを取得しました
デバッグ: 更新前の値を確認...
デバッグ: 更新前 - 金:rate, 銀:26331.06655050726, プラチナ:411.0531510616237
デバッグ: 更新後の値を確認...
デバッグ: 更新後 - 金:rate, 銀:26055.133499341937, プラチナ:408.06542344158265
R30（金買取価格）を 26055.13円/g に更新しました
R31（銀買取価格）を 408.07円/g に更新しました
R32（プラチナ買取価格）を 11145.14円/g に更新しました
デバッグ: ファイルを保存中...
ストックシートの貴金属価格更新が完了しました（書式保持）。
デバッグ: 保存後の確認...
デバッグ: 保存後確認 - 金:rate, 銀:26055.13349934194, プラチナ:408.0654234415827
H14に実行日 2026/04/08 を更新しました
H16に実行日 2026/04/08 を更新しました
家計資産シートの実行日更新が完了しました（書式保持）。
[2026/04/08  3:30:16.80] Price update completed successfully 
[2026/04/09  3:30:02.91] Starting price update with correct Python path... 
[2026/04/09  3:30:03.05] Using Python from Anaconda maki2 environment 
2026-04-09 03:30:11,113 - INFO - === 価格データの自動更新を開始 ===
2026-04-09 03:30:11,136 - INFO - --- 仮想通貨価格の更新 ---
2026-04-09 03:30:12,081 - INFO - 仮想通貨価格の更新が完了しました
2026-04-09 03:30:12,083 - INFO - --- 貴金属価格の更新 ---
2026-04-09 03:30:14,078 - INFO - 貴金属価格の更新が完了しました
2026-04-09 03:30:14,082 - INFO - --- 実行日の更新 ---
2026-04-09 03:30:14,603 - INFO - 実行日の更新が完了しました
2026-04-09 03:30:14,608 - INFO - === 更新完了: 3/3 タスクが成功 ===
2026-04-09 03:30:14,608 - INFO - 全ての更新が正常に完了しました
指定されたファイルが見つかりません: MyWork/datasets/maki_250630.xlsx
代替パスを検索中...
ファイルを発見: .\datasets\maki_250630.xlsx
J29（ビットコイン価格）を 1132.06万円 に更新しました
J30（イーサリウム価格）を 35.10万円 に更新しました
ファイル '.\datasets\maki_250630.xlsx' の更新が完了しました（書式保持）。
デバッグ: Excelファイルパス = .\datasets\maki_250630.xlsx
デバッグ: 貴金属価格を取得中...
デバッグ: 取得した価格 = {'gold': 26065.680826226348, 'silver': 408.06272221118604, 'platinum': 11098.572936106437}
デバッグ: Excelファイルを読み込み中...
デバッグ: 利用可能なシート名 = ['ストック', '家計資産', 'calc', '口座', 'フロー', '2nd2', 'Tips', '給与', '損益通算']
デバッグ: 'ストック'シートを取得しました
デバッグ: 更新前の値を確認...
デバッグ: 更新前 - 金:rate, 銀:26055.13349934194, プラチナ:408.0654234415827
デバッグ: 更新後の値を確認...
デバッグ: 更新後 - 金:rate, 銀:26065.680826226348, プラチナ:408.06272221118604
R30（金買取価格）を 26065.68円/g に更新しました
R31（銀買取価格）を 408.06円/g に更新しました
R32（プラチナ買取価格）を 11098.57円/g に更新しました
デバッグ: ファイルを保存中...
ストックシートの貴金属価格更新が完了しました（書式保持）。
デバッグ: 保存後の確認...
デバッグ: 保存後確認 - 金:rate, 銀:26065.68082622635, プラチナ:408.062722211186
H14に実行日 2026/04/09 を更新しました
H16に実行日 2026/04/09 を更新しました
家計資産シートの実行日更新が完了しました（書式保持）。
[2026/04/09  3:30:14.73] Price update completed successfully 
[2026/04/10  3:30:03.38] Starting price update with correct Python path... 
[2026/04/10  3:30:03.47] Using Python from Anaconda maki2 environment 
2026-04-10 03:30:14,950 - INFO - === 価格データの自動更新を開始 ===
2026-04-10 03:30:14,978 - INFO - --- 仮想通貨価格の更新 ---
2026-04-10 03:30:16,142 - INFO - 仮想通貨価格の更新が完了しました
2026-04-10 03:30:16,143 - INFO - --- 貴金属価格の更新 ---
2026-04-10 03:30:18,080 - INFO - 貴金属価格の更新が完了しました
2026-04-10 03:30:18,081 - INFO - --- 実行日の更新 ---
2026-04-10 03:30:18,753 - INFO - 実行日の更新が完了しました
2026-04-10 03:30:18,755 - INFO - === 更新完了: 3/3 タスクが成功 ===
2026-04-10 03:30:18,756 - INFO - 全ての更新が正常に完了しました
指定されたファイルが見つかりません: MyWork/datasets/maki_250630.xlsx
代替パスを検索中...
ファイルを発見: .\datasets\maki_250630.xlsx
J29（ビットコイン価格）を 1142.72万円 に更新しました
J30（イーサリウム価格）を 35.10万円 に更新しました
ファイル '.\datasets\maki_250630.xlsx' の更新が完了しました（書式保持）。
デバッグ: Excelファイルパス = .\datasets\maki_250630.xlsx
デバッグ: 貴金属価格を取得中...
デバッグ: 取得した価格 = {'gold': 27133.57059167827, 'silver': 429.9461726119459, 'platinum': 11406.185535301762}
デバッグ: Excelファイルを読み込み中...
デバッグ: 利用可能なシート名 = ['ストック', '家計資産', 'calc', '口座', 'フロー', '2nd2', 'Tips', '給与', '損益通算']
デバッグ: 'ストック'シートを取得しました
デバッグ: 更新前の値を確認...
デバッグ: 更新前 - 金:rate, 銀:26065.68082622635, プラチナ:408.062722211186
デバッグ: 更新後の値を確認...
デバッグ: 更新後 - 金:rate, 銀:27133.57059167827, プラチナ:429.9461726119459
R30（金買取価格）を 27133.57円/g に更新しました
R31（銀買取価格）を 429.95円/g に更新しました
R32（プラチナ買取価格）を 11406.19円/g に更新しました
デバッグ: ファイルを保存中...
ストックシートの貴金属価格更新が完了しました（書式保持）。
デバッグ: 保存後の確認...
デバッグ: 保存後確認 - 金:rate, 銀:27133.57059167827, プラチナ:429.9461726119459
H14に実行日 2026/04/10 を更新しました
H16に実行日 2026/04/10 を更新しました
家計資産シートの実行日更新が完了しました（書式保持）。
[2026/04/10  3:30:18.92] Price update completed successfully 
[2026/04/11  3:30:03.13] Starting price update with correct Python path... 
[2026/04/11  3:30:03.25] Using Python from Anaconda maki2 environment 
2026-04-11 03:30:15,201 - INFO - === 価格データの自動更新を開始 ===
2026-04-11 03:30:15,233 - INFO - --- 仮想通貨価格の更新 ---
2026-04-11 03:30:16,237 - INFO - 仮想通貨価格の更新が完了しました
2026-04-11 03:30:16,237 - INFO - --- 貴金属価格の更新 ---
2026-04-11 03:30:18,536 - INFO - 貴金属価格の更新が完了しました
2026-04-11 03:30:18,549 - INFO - --- 実行日の更新 ---
2026-04-11 03:30:19,108 - INFO - 実行日の更新が完了しました
2026-04-11 03:30:19,112 - INFO - === 更新完了: 3/3 タスクが成功 ===
2026-04-11 03:30:19,112 - INFO - 全ての更新が正常に完了しました
指定されたファイルが見つかりません: MyWork/datasets/maki_250630.xlsx
代替パスを検索中...
ファイルを発見: .\datasets\maki_250630.xlsx
J29（ビットコイン価格）を 1162.55万円 に更新しました
J30（イーサリウム価格）を 35.80万円 に更新しました
ファイル '.\datasets\maki_250630.xlsx' の更新が完了しました（書式保持）。
デバッグ: Excelファイルパス = .\datasets\maki_250630.xlsx
デバッグ: 貴金属価格を取得中...
デバッグ: 取得した価格 = {'gold': 26406.62480941451, 'silver': 413.20728878516206, 'platinum': 11377.591219569123}
デバッグ: Excelファイルを読み込み中...
デバッグ: 利用可能なシート名 = ['ストック', '家計資産', 'calc', '口座', 'フロー', '2nd2', 'Tips', '給与', '損益通算']
デバッグ: 'ストック'シートを取得しました
デバッグ: 更新前の値を確認...
デバッグ: 更新前 - 金:rate, 銀:27133.57059167827, プラチナ:429.9461726119459
デバッグ: 更新後の値を確認...
デバッグ: 更新後 - 金:rate, 銀:26406.62480941451, プラチナ:413.20728878516206
R30（金買取価格）を 26406.62円/g に更新しました
R31（銀買取価格）を 413.21円/g に更新しました
R32（プラチナ買取価格）を 11377.59円/g に更新しました
デバッグ: ファイルを保存中...
ストックシートの貴金属価格更新が完了しました（書式保持）。
デバッグ: 保存後の確認...
デバッグ: 保存後確認 - 金:rate, 銀:26406.62480941451, プラチナ:413.2072887851621
H14に実行日 2026/04/11 を更新しました
H16に実行日 2026/04/11 を更新しました
家計資産シートの実行日更新が完了しました（書式保持）。
[2026/04/11  3:30:19.29] Price update completed successfully 
[2026/04/12  3:30:02.91] Starting price update with correct Python path... 
[2026/04/12  3:30:02.99] Using Python from Anaconda maki2 environment 
2026-04-12 03:30:28,096 - INFO - === 価格データの自動更新を開始 ===
2026-04-12 03:30:28,144 - INFO - --- 仮想通貨価格の更新 ---
2026-04-12 03:30:29,790 - INFO - 仮想通貨価格の更新が完了しました
2026-04-12 03:30:29,795 - INFO - --- 貴金属価格の更新 ---
2026-04-12 03:30:32,249 - ERROR - 貴金属価格更新エラー: Bad magic number for central directory
2026-04-12 03:30:32,275 - ERROR - 詳細エラー情報: Traceback (most recent call last):
  File "G:\マイドライブ\MyWork\My_rule.py", line 493, in update_all_prices_with_logging
    update_precious_metal_prices_in_excel(file_path)
  File "G:\マイドライブ\MyWork\My_rule.py", line 393, in update_precious_metal_prices_in_excel
    verify_workbook = load_workbook(file_path)
                      ^^^^^^^^^^^^^^^^^^^^^^^^
  File "C:\Users\maki_\anaconda3\envs\maki2\Lib\site-packages\openpyxl\reader\excel.py", line 346, in load_workbook
    reader = ExcelReader(filename, read_only, keep_vba,
             ^^^^^^^^^^^^^^^^^^^^^^^^^^^^^^^^^^^^^^^^^^
  File "C:\Users\maki_\anaconda3\envs\maki2\Lib\site-packages\openpyxl\reader\excel.py", line 123, in __init__
    self.archive = _validate_archive(fn)
                   ^^^^^^^^^^^^^^^^^^^^^
  File "C:\Users\maki_\anaconda3\envs\maki2\Lib\site-packages\openpyxl\reader\excel.py", line 95, in _validate_archive
    archive = ZipFile(filename, 'r')
              ^^^^^^^^^^^^^^^^^^^^^^
  File "C:\Users\maki_\anaconda3\envs\maki2\Lib\zipfile\__init__.py", line 1349, in __init__
    self._RealGetContents()
  File "C:\Users\maki_\anaconda3\envs\maki2\Lib\zipfile\__init__.py", line 1446, in _RealGetContents
    raise BadZipFile("Bad magic number for central directory")
zipfile.BadZipFile: Bad magic number for central directory

2026-04-12 03:30:32,282 - INFO - --- 実行日の更新 ---
2026-04-12 03:30:32,914 - INFO - 実行日の更新が完了しました
2026-04-12 03:30:32,915 - INFO - === 更新完了: 2/3 タスクが成功 ===
2026-04-12 03:30:32,917 - WARNING - 1 個のタスクが失敗しました
指定されたファイルが見つかりません: MyWork/datasets/maki_250630.xlsx
代替パスを検索中...
ファイルを発見: .\datasets\maki_250630.xlsx
J29（ビットコイン価格）を 1165.97万円 に更新しました
J30（イーサリウム価格）を 36.05万円 に更新しました
ファイル '.\datasets\maki_250630.xlsx' の更新が完了しました（書式保持）。
デバッグ: Excelファイルパス = .\datasets\maki_250630.xlsx
デバッグ: 貴金属価格を取得中...
デバッグ: 取得した価格 = {'gold': 26696.85986962342, 'silver': 421.97157366708484, 'platinum': 11675.76443088977}
デバッグ: Excelファイルを読み込み中...
デバッグ: 利用可能なシート名 = ['ストック', '家計資産', 'calc', '口座', 'フロー', '2nd2', 'Tips', '給与', '損益通算']
デバッグ: 'ストック'シートを取得しました
デバッグ: 更新前の値を確認...
デバッグ: 更新前 - 金:rate, 銀:26406.62480941451, プラチナ:413.2072887851621
デバッグ: 更新後の値を確認...
デバッグ: 更新後 - 金:rate, 銀:26696.85986962342, プラチナ:421.97157366708484
R30（金買取価格）を 26696.86円/g に更新しました
R31（銀買取価格）を 421.97円/g に更新しました
R32（プラチナ買取価格）を 11675.76円/g に更新しました
デバッグ: ファイルを保存中...
ストックシートの貴金属価格更新が完了しました（書式保持）。
デバッグ: 保存後の確認...
貴金属価格Excel更新エラー: Bad magic number for central directory
詳細エラー情報: Traceback (most recent call last):
  File "G:\マイドライブ\MyWork\My_rule.py", line 393, in update_precious_metal_prices_in_excel
    verify_workbook = load_workbook(file_path)
                      ^^^^^^^^^^^^^^^^^^^^^^^^
  File "C:\Users\maki_\anaconda3\envs\maki2\Lib\site-packages\openpyxl\reader\excel.py", line 346, in load_workbook
    reader = ExcelReader(filename, read_only, keep_vba,
             ^^^^^^^^^^^^^^^^^^^^^^^^^^^^^^^^^^^^^^^^^^
  File "C:\Users\maki_\anaconda3\envs\maki2\Lib\site-packages\openpyxl\reader\excel.py", line 123, in __init__
    self.archive = _validate_archive(fn)
                   ^^^^^^^^^^^^^^^^^^^^^
  File "C:\Users\maki_\anaconda3\envs\maki2\Lib\site-packages\openpyxl\reader\excel.py", line 95, in _validate_archive
    archive = ZipFile(filename, 'r')
              ^^^^^^^^^^^^^^^^^^^^^^
  File "C:\Users\maki_\anaconda3\envs\maki2\Lib\zipfile\__init__.py", line 1349, in __init__
    self._RealGetContents()
  File "C:\Users\maki_\anaconda3\envs\maki2\Lib\zipfile\__init__.py", line 1446, in _RealGetContents
    raise BadZipFile("Bad magic number for central directory")
zipfile.BadZipFile: Bad magic number for central directory

H14に実行日 2026/04/12 を更新しました
H16に実行日 2026/04/12 を更新しました
家計資産シートの実行日更新が完了しました（書式保持）。
[2026/04/12  3:30:33.07] Price update completed successfully 
[2026/04/13  3:30:04.86] Starting price update with correct Python path... 
[2026/04/13  3:30:05.01] Using Python from Anaconda maki2 environment 
2026-04-13 03:30:20,925 - INFO - === 価格データの自動更新を開始 ===
2026-04-13 03:30:20,975 - INFO - --- 仮想通貨価格の更新 ---
2026-04-13 03:30:25,774 - INFO - 仮想通貨価格の更新が完了しました
2026-04-13 03:30:25,775 - INFO - --- 貴金属価格の更新 ---
2026-04-13 03:30:27,389 - INFO - 貴金属価格の更新が完了しました
2026-04-13 03:30:27,389 - INFO - --- 実行日の更新 ---
2026-04-13 03:30:27,542 - INFO - 実行日の更新が完了しました
2026-04-13 03:30:27,542 - INFO - === 更新完了: 3/3 タスクが成功 ===
2026-04-13 03:30:27,542 - INFO - 全ての更新が正常に完了しました
指定されたファイルが見つかりません: MyWork/datasets/maki_250630.xlsx
代替パスを検索中...
ファイルを発見: .\datasets\maki_250630.xlsx
J29（ビットコイン価格）を 1131.94万円 に更新しました
J30（イーサリウム価格）を 35.04万円 に更新しました
ファイル '.\datasets\maki_250630.xlsx' の更新が完了しました（書式保持）。
デバッグ: Excelファイルパス = .\datasets\maki_250630.xlsx
デバッグ: 貴金属価格を取得中...
デバッグ: 取得した価格 = {'gold': 26662.120235759226, 'silver': 426.397082686517, 'platinum': 11509.37193437261}
デバッグ: Excelファイルを読み込み中...
デバッグ: 利用可能なシート名 = ['ストック', '家計資産', 'calc', '口座', 'フロー', '2nd2', 'Tips', '給与', '損益通算']
デバッグ: 'ストック'シートを取得しました
デバッグ: 更新前の値を確認...
デバッグ: 更新前 - 金:rate, 銀:26696.85986962342, プラチナ:421.9715736670848
デバッグ: 更新後の値を確認...
デバッグ: 更新後 - 金:rate, 銀:26662.120235759226, プラチナ:426.397082686517
R30（金買取価格）を 26662.12円/g に更新しました
R31（銀買取価格）を 426.40円/g に更新しました
R32（プラチナ買取価格）を 11509.37円/g に更新しました
デバッグ: ファイルを保存中...
ストックシートの貴金属価格更新が完了しました（書式保持）。
デバッグ: 保存後の確認...
デバッグ: 保存後確認 - 金:rate, 銀:26662.12023575923, プラチナ:426.397082686517
H14に実行日 2026/04/13 を更新しました
H16に実行日 2026/04/13 を更新しました
家計資産シートの実行日更新が完了しました（書式保持）。
[2026/04/13  3:30:27.66] Price update completed successfully 
[2026/04/14  3:30:04.46] Starting price update with correct Python path... 
[2026/04/14  3:30:04.49] Using Python from Anaconda maki2 environment 
2026-04-14 03:30:21,937 - INFO - === 価格データの自動更新を開始 ===
2026-04-14 03:30:21,953 - INFO - --- 仮想通貨価格の更新 ---
2026-04-14 03:30:26,068 - INFO - 仮想通貨価格の更新が完了しました
2026-04-14 03:30:26,069 - INFO - --- 貴金属価格の更新 ---
2026-04-14 03:30:27,722 - INFO - 貴金属価格の更新が完了しました
2026-04-14 03:30:27,723 - INFO - --- 実行日の更新 ---
2026-04-14 03:30:27,883 - INFO - 実行日の更新が完了しました
2026-04-14 03:30:27,884 - INFO - === 更新完了: 3/3 タスクが成功 ===
2026-04-14 03:30:27,884 - INFO - 全ての更新が正常に完了しました
指定されたファイルが見つかりません: MyWork/datasets/maki_250630.xlsx
代替パスを検索中...
ファイルを発見: .\datasets\maki_250630.xlsx
J29（ビットコイン価格）を 1150.26万円 に更新しました
J30（イーサリウム価格）を 35.43万円 に更新しました
ファイル '.\datasets\maki_250630.xlsx' の更新が完了しました（書式保持）。
デバッグ: Excelファイルパス = .\datasets\maki_250630.xlsx
デバッグ: 貴金属価格を取得中...
デバッグ: 取得した価格 = {'gold': 26698.517673272323, 'silver': 426.90639552734444, 'platinum': 11519.480788711693}
デバッグ: Excelファイルを読み込み中...
デバッグ: 利用可能なシート名 = ['ストック', '家計資産', 'calc', '口座', 'フロー', '2nd2', 'Tips', '給与', '損益通算']
デバッグ: 'ストック'シートを取得しました
デバッグ: 更新前の値を確認...
デバッグ: 更新前 - 金:rate, 銀:26662.12023575923, プラチナ:426.397082686517
デバッグ: 更新後の値を確認...
デバッグ: 更新後 - 金:rate, 銀:26698.517673272323, プラチナ:426.90639552734444
R30（金買取価格）を 26698.52円/g に更新しました
R31（銀買取価格）を 426.91円/g に更新しました
R32（プラチナ買取価格）を 11519.48円/g に更新しました
デバッグ: ファイルを保存中...
ストックシートの貴金属価格更新が完了しました（書式保持）。
デバッグ: 保存後の確認...
デバッグ: 保存後確認 - 金:rate, 銀:26698.51767327232, プラチナ:426.9063955273444
H14に実行日 2026/04/14 を更新しました
H16に実行日 2026/04/14 を更新しました
家計資産シートの実行日更新が完了しました（書式保持）。
[2026/04/14  3:30:27.98] Price update completed successfully 
[2026/04/15  3:30:03.14] Starting price update with correct Python path... 
[2026/04/15  3:30:03.19] Using Python from Anaconda maki2 environment 
2026-04-15 03:30:10,851 - INFO - === 価格データの自動更新を開始 ===
2026-04-15 03:30:10,872 - INFO - --- 仮想通貨価格の更新 ---
2026-04-15 03:30:11,568 - INFO - 仮想通貨価格の更新が完了しました
2026-04-15 03:30:11,572 - INFO - --- 貴金属価格の更新 ---
2026-04-15 03:30:12,730 - INFO - 貴金属価格の更新が完了しました
2026-04-15 03:30:12,730 - INFO - --- 実行日の更新 ---
2026-04-15 03:30:12,951 - INFO - 実行日の更新が完了しました
2026-04-15 03:30:12,951 - INFO - === 更新完了: 3/3 タスクが成功 ===
2026-04-15 03:30:12,955 - INFO - 全ての更新が正常に完了しました
指定されたファイルが見つかりません: MyWork/datasets/maki_250630.xlsx
代替パスを検索中...
ファイルを発見: .\datasets\maki_250630.xlsx
J29（ビットコイン価格）を 1184.12万円 に更新しました
J30（イーサリウム価格）を 37.10万円 に更新しました
ファイル '.\datasets\maki_250630.xlsx' の更新が完了しました（書式保持）。
デバッグ: Excelファイルパス = .\datasets\maki_250630.xlsx
デバッグ: 貴金属価格を取得中...
デバッグ: 取得した価格 = {'gold': 26158.71044167226, 'silver': 413.6889987701912, 'platinum': 11226.664193180583}
デバッグ: Excelファイルを読み込み中...
デバッグ: 利用可能なシート名 = ['ストック', '家計資産', 'calc', '口座', 'フロー', '2nd2', 'Tips', '給与', '損益通算']
デバッグ: 'ストック'シートを取得しました
デバッグ: 更新前の値を確認...
デバッグ: 更新前 - 金:rate, 銀:26698.51767327232, プラチナ:426.9063955273444
デバッグ: 更新後の値を確認...
デバッグ: 更新後 - 金:rate, 銀:26158.71044167226, プラチナ:413.6889987701912
R30（金買取価格）を 26158.71円/g に更新しました
R31（銀買取価格）を 413.69円/g に更新しました
R32（プラチナ買取価格）を 11226.66円/g に更新しました
デバッグ: ファイルを保存中...
ストックシートの貴金属価格更新が完了しました（書式保持）。
デバッグ: 保存後の確認...
デバッグ: 保存後確認 - 金:rate, 銀:26158.71044167226, プラチナ:413.6889987701912
H14に実行日 2026/04/15 を更新しました
H16に実行日 2026/04/15 を更新しました
家計資産シートの実行日更新が完了しました（書式保持）。
[2026/04/15  3:30:13.07] Price update completed successfully 
[2026/04/16  3:30:02.24] Starting price update with correct Python path... 
[2026/04/16  3:30:02.29] Using Python from Anaconda maki2 environment 
2026-04-16 03:30:09,260 - INFO - === 価格データの自動更新を開始 ===
2026-04-16 03:30:09,277 - INFO - --- 仮想通貨価格の更新 ---
2026-04-16 03:30:09,931 - INFO - 仮想通貨価格の更新が完了しました
2026-04-16 03:30:09,935 - INFO - --- 貴金属価格の更新 ---
2026-04-16 03:30:11,277 - INFO - 貴金属価格の更新が完了しました
2026-04-16 03:30:11,277 - INFO - --- 実行日の更新 ---
2026-04-16 03:30:11,515 - INFO - 実行日の更新が完了しました
2026-04-16 03:30:11,518 - INFO - === 更新完了: 3/3 タスクが成功 ===
2026-04-16 03:30:11,518 - INFO - 全ての更新が正常に完了しました
指定されたファイルが見つかりません: MyWork/datasets/maki_250630.xlsx
代替パスを検索中...
ファイルを発見: .\datasets\maki_250630.xlsx
J29（ビットコイン価格）を 1180.85万円 に更新しました
J30（イーサリウム価格）を 37.38万円 に更新しました
ファイル '.\datasets\maki_250630.xlsx' の更新が完了しました（書式保持）。
デバッグ: Excelファイルパス = .\datasets\maki_250630.xlsx
デバッグ: 貴金属価格を取得中...
デバッグ: 取得した価格 = {'gold': 26689.47189147761, 'silver': 423.71773259265905, 'platinum': 11677.7496242898}
デバッグ: Excelファイルを読み込み中...
デバッグ: 利用可能なシート名 = ['ストック', '家計資産', 'calc', '口座', 'フロー', '2nd2', 'Tips', '給与', '損益通算']
デバッグ: 'ストック'シートを取得しました
デバッグ: 更新前の値を確認...
デバッグ: 更新前 - 金:rate, 銀:26158.71044167226, プラチナ:413.6889987701912
デバッグ: 更新後の値を確認...
デバッグ: 更新後 - 金:rate, 銀:26689.47189147761, プラチナ:423.71773259265905
R30（金買取価格）を 26689.47円/g に更新しました
R31（銀買取価格）を 423.72円/g に更新しました
R32（プラチナ買取価格）を 11677.75円/g に更新しました
デバッグ: ファイルを保存中...
ストックシートの貴金属価格更新が完了しました（書式保持）。
デバッグ: 保存後の確認...
デバッグ: 保存後確認 - 金:rate, 銀:26689.47189147761, プラチナ:423.717732592659
H14に実行日 2026/04/16 を更新しました
H16に実行日 2026/04/16 を更新しました
家計資産シートの実行日更新が完了しました（書式保持）。
[2026/04/16  3:30:11.65] Price update completed successfully 
[2026/04/17  3:30:01.78] Starting price update with correct Python path... 
[2026/04/17  3:30:01.83] Using Python from Anaconda maki2 environment 
2026-04-17 03:30:08,085 - INFO - === 価格データの自動更新を開始 ===
2026-04-17 03:30:08,096 - INFO - --- 仮想通貨価格の更新 ---
2026-04-17 03:30:08,773 - INFO - 仮想通貨価格の更新が完了しました
2026-04-17 03:30:08,773 - INFO - --- 貴金属価格の更新 ---
2026-04-17 03:30:10,458 - INFO - 貴金属価格の更新が完了しました
2026-04-17 03:30:10,461 - INFO - --- 実行日の更新 ---
2026-04-17 03:30:10,650 - INFO - 実行日の更新が完了しました
2026-04-17 03:30:10,650 - INFO - === 更新完了: 3/3 タスクが成功 ===
2026-04-17 03:30:10,650 - INFO - 全ての更新が正常に完了しました
指定されたファイルが見つかりません: MyWork/datasets/maki_250630.xlsx
代替パスを検索中...
ファイルを発見: .\datasets\maki_250630.xlsx
J29（ビットコイン価格）を 1184.18万円 に更新しました
J30（イーサリウム価格）を 37.01万円 に更新しました
ファイル '.\datasets\maki_250630.xlsx' の更新が完了しました（書式保持）。
デバッグ: Excelファイルパス = .\datasets\maki_250630.xlsx
デバッグ: 貴金属価格を取得中...
デバッグ: 取得した価格 = {'gold': 27140.270558480126, 'silver': 445.6567625593725, 'platinum': 11774.601238545667}
デバッグ: Excelファイルを読み込み中...
デバッグ: 利用可能なシート名 = ['ストック', '家計資産', 'calc', '口座', 'フロー', '2nd2', 'Tips', '給与', '損益通算']
デバッグ: 'ストック'シートを取得しました
デバッグ: 更新前の値を確認...
デバッグ: 更新前 - 金:rate, 銀:26689.47189147761, プラチナ:423.717732592659
デバッグ: 更新後の値を確認...
デバッグ: 更新後 - 金:rate, 銀:27140.270558480126, プラチナ:445.6567625593725
R30（金買取価格）を 27140.27円/g に更新しました
R31（銀買取価格）を 445.66円/g に更新しました
R32（プラチナ買取価格）を 11774.60円/g に更新しました
デバッグ: ファイルを保存中...
ストックシートの貴金属価格更新が完了しました（書式保持）。
デバッグ: 保存後の確認...
デバッグ: 保存後確認 - 金:rate, 銀:27140.27055848013, プラチナ:445.6567625593725
H14に実行日 2026/04/17 を更新しました
H16に実行日 2026/04/17 を更新しました
家計資産シートの実行日更新が完了しました（書式保持）。
[2026/04/17  3:30:10.72] Price update completed successfully 
[2026/04/18  3:30:01.91] Starting price update with correct Python path... 
[2026/04/18  3:30:01.94] Using Python from Anaconda maki2 environment 
2026-04-18 03:30:07,556 - INFO - === 価格データの自動更新を開始 ===
2026-04-18 03:30:07,565 - INFO - --- 仮想通貨価格の更新 ---
2026-04-18 03:30:08,134 - INFO - 仮想通貨価格の更新が完了しました
2026-04-18 03:30:08,135 - INFO - --- 貴金属価格の更新 ---
2026-04-18 03:30:09,419 - INFO - 貴金属価格の更新が完了しました
2026-04-18 03:30:09,420 - INFO - --- 実行日の更新 ---
2026-04-18 03:30:09,584 - INFO - 実行日の更新が完了しました
2026-04-18 03:30:09,585 - INFO - === 更新完了: 3/3 タスクが成功 ===
2026-04-18 03:30:09,585 - INFO - 全ての更新が正常に完了しました
指定されたファイルが見つかりません: MyWork/datasets/maki_250630.xlsx
代替パスを検索中...
ファイルを発見: .\datasets\maki_250630.xlsx
J29（ビットコイン価格）を 1221.86万円 に更新しました
J30（イーサリウム価格）を 38.32万円 に更新しました
ファイル '.\datasets\maki_250630.xlsx' の更新が完了しました（書式保持）。
デバッグ: Excelファイルパス = .\datasets\maki_250630.xlsx
デバッグ: 貴金属価格を取得中...
デバッグ: 取得した価格 = {'gold': 26954.302950932062, 'silver': 445.892273228637, 'platinum': 11890.967874669193}
デバッグ: Excelファイルを読み込み中...
デバッグ: 利用可能なシート名 = ['ストック', '家計資産', 'calc', '口座', 'フロー', '2nd2', 'Tips', '給与', '損益通算']
デバッグ: 'ストック'シートを取得しました
デバッグ: 更新前の値を確認...
デバッグ: 更新前 - 金:rate, 銀:27140.27055848013, プラチナ:445.6567625593725
デバッグ: 更新後の値を確認...
デバッグ: 更新後 - 金:rate, 銀:26954.302950932062, プラチナ:445.892273228637
R30（金買取価格）を 26954.30円/g に更新しました
R31（銀買取価格）を 445.89円/g に更新しました
R32（プラチナ買取価格）を 11890.97円/g に更新しました
デバッグ: ファイルを保存中...
ストックシートの貴金属価格更新が完了しました（書式保持）。
デバッグ: 保存後の確認...
デバッグ: 保存後確認 - 金:rate, 銀:26954.30295093206, プラチナ:445.892273228637
H14に実行日 2026/04/18 を更新しました
H16に実行日 2026/04/18 を更新しました
家計資産シートの実行日更新が完了しました（書式保持）。
[2026/04/18  3:30:09.67] Price update completed successfully 
[2026/04/19  3:30:01.99] Starting price update with correct Python path... 
[2026/04/19  3:30:02.00] Using Python from Anaconda maki2 environment 
2026-04-19 03:30:09,924 - INFO - === 価格データの自動更新を開始 ===
2026-04-19 03:30:09,934 - INFO - --- 仮想通貨価格の更新 ---
2026-04-19 03:30:10,471 - INFO - 仮想通貨価格の更新が完了しました
2026-04-19 03:30:10,471 - INFO - --- 貴金属価格の更新 ---
2026-04-19 03:30:11,977 - INFO - 貴金属価格の更新が完了しました
2026-04-19 03:30:11,980 - INFO - --- 実行日の更新 ---
2026-04-19 03:30:12,153 - INFO - 実行日の更新が完了しました
2026-04-19 03:30:12,154 - INFO - === 更新完了: 3/3 タスクが成功 ===
2026-04-19 03:30:12,154 - INFO - 全ての更新が正常に完了しました
指定されたファイルが見つかりません: MyWork/datasets/maki_250630.xlsx
代替パスを検索中...
ファイルを発見: .\datasets\maki_250630.xlsx
J29（ビットコイン価格）を 1200.67万円 に更新しました
J30（イーサリウム価格）を 37.39万円 に更新しました
ファイル '.\datasets\maki_250630.xlsx' の更新が完了しました（書式保持）。
デバッグ: Excelファイルパス = .\datasets\maki_250630.xlsx
デバッグ: 貴金属価格を取得中...
デバッグ: 取得した価格 = {'gold': 26800.939865354623, 'silver': 439.6619935733998, 'platinum': 11712.55533135294}
デバッグ: Excelファイルを読み込み中...
デバッグ: 利用可能なシート名 = ['ストック', '家計資産', 'calc', '口座', 'フロー', '2nd2', 'Tips', '給与', '損益通算']
デバッグ: 'ストック'シートを取得しました
デバッグ: 更新前の値を確認...
デバッグ: 更新前 - 金:rate, 銀:26954.30295093206, プラチナ:445.892273228637
デバッグ: 更新後の値を確認...
デバッグ: 更新後 - 金:rate, 銀:26800.939865354623, プラチナ:439.6619935733998
R30（金買取価格）を 26800.94円/g に更新しました
R31（銀買取価格）を 439.66円/g に更新しました
R32（プラチナ買取価格）を 11712.56円/g に更新しました
デバッグ: ファイルを保存中...
ストックシートの貴金属価格更新が完了しました（書式保持）。
デバッグ: 保存後の確認...
デバッグ: 保存後確認 - 金:rate, 銀:26800.93986535462, プラチナ:439.6619935733998
H14に実行日 2026/04/19 を更新しました
H16に実行日 2026/04/19 を更新しました
家計資産シートの実行日更新が完了しました（書式保持）。
[2026/04/19  3:30:12.24] Price update completed successfully 
[2026/04/20  3:30:03.53] Starting price update with correct Python path... 
[2026/04/20  3:30:03.57] Using Python from Anaconda maki2 environment 
2026-04-20 03:30:15,665 - INFO - === 価格データの自動更新を開始 ===
2026-04-20 03:30:15,685 - INFO - --- 仮想通貨価格の更新 ---
2026-04-20 03:30:16,806 - INFO - 仮想通貨価格の更新が完了しました
2026-04-20 03:30:16,806 - INFO - --- 貴金属価格の更新 ---
2026-04-20 03:30:18,248 - INFO - 貴金属価格の更新が完了しました
2026-04-20 03:30:18,252 - INFO - --- 実行日の更新 ---
2026-04-20 03:30:18,610 - INFO - 実行日の更新が完了しました
2026-04-20 03:30:18,614 - INFO - === 更新完了: 3/3 タスクが成功 ===
2026-04-20 03:30:18,614 - INFO - 全ての更新が正常に完了しました
指定されたファイルが見つかりません: MyWork/datasets/maki_250630.xlsx
代替パスを検索中...
ファイルを発見: .\datasets\maki_250630.xlsx
J29（ビットコイン価格）を 1187.43万円 に更新しました
J30（イーサリウム価格）を 36.46万円 に更新しました
ファイル '.\datasets\maki_250630.xlsx' の更新が完了しました（書式保持）。
デバッグ: Excelファイルパス = .\datasets\maki_250630.xlsx
デバッグ: 貴金属価格を取得中...
デバッグ: 取得した価格 = {'gold': 27030.119335344338, 'silver': 452.2182742966865, 'platinum': 11740.422630348494}
デバッグ: Excelファイルを読み込み中...
デバッグ: 利用可能なシート名 = ['ストック', '家計資産', 'calc', '口座', 'フロー', '2nd2', 'Tips', '給与', '損益通算']
デバッグ: 'ストック'シートを取得しました
デバッグ: 更新前の値を確認...
デバッグ: 更新前 - 金:rate, 銀:26800.93986535462, プラチナ:439.6619935733998
デバッグ: 更新後の値を確認...
デバッグ: 更新後 - 金:rate, 銀:27030.119335344338, プラチナ:452.2182742966865
R30（金買取価格）を 27030.12円/g に更新しました
R31（銀買取価格）を 452.22円/g に更新しました
R32（プラチナ買取価格）を 11740.42円/g に更新しました
デバッグ: ファイルを保存中...
ストックシートの貴金属価格更新が完了しました（書式保持）。
デバッグ: 保存後の確認...
デバッグ: 保存後確認 - 金:rate, 銀:27030.11933534434, プラチナ:452.2182742966865
H14に実行日 2026/04/20 を更新しました
H16に実行日 2026/04/20 を更新しました
家計資産シートの実行日更新が完了しました（書式保持）。
[2026/04/20  3:30:18.71] Price update completed successfully 
[2026/04/21  3:30:03.03] Starting price update with correct Python path... 
[2026/04/21  3:30:03.10] Using Python from Anaconda maki2 environment 
2026-04-21 03:30:13,121 - INFO - === 価格データの自動更新を開始 ===
2026-04-21 03:30:13,146 - INFO - --- 仮想通貨価格の更新 ---
2026-04-21 03:30:13,982 - INFO - 仮想通貨価格の更新が完了しました
2026-04-21 03:30:13,986 - INFO - --- 貴金属価格の更新 ---
2026-04-21 03:30:15,841 - INFO - 貴金属価格の更新が完了しました
2026-04-21 03:30:15,859 - INFO - --- 実行日の更新 ---
2026-04-21 03:30:16,277 - INFO - 実行日の更新が完了しました
2026-04-21 03:30:16,277 - INFO - === 更新完了: 3/3 タスクが成功 ===
2026-04-21 03:30:16,281 - INFO - 全ての更新が正常に完了しました
指定されたファイルが見つかりません: MyWork/datasets/maki_250630.xlsx
代替パスを検索中...
ファイルを発見: .\datasets\maki_250630.xlsx
J29（ビットコイン価格）を 1208.89万円 に更新しました
J30（イーサリウム価格）を 36.98万円 に更新しました
ファイル '.\datasets\maki_250630.xlsx' の更新が完了しました（書式保持）。
デバッグ: Excelファイルパス = .\datasets\maki_250630.xlsx
デバッグ: 貴金属価格を取得中...
デバッグ: 取得した価格 = {'gold': 27047.761307391604, 'silver': 452.4463218379355, 'platinum': 11766.030402374958}
デバッグ: Excelファイルを読み込み中...
デバッグ: 利用可能なシート名 = ['ストック', '家計資産', 'calc', '口座', 'フロー', '2nd2', 'Tips', '給与', '損益通算']
デバッグ: 'ストック'シートを取得しました
デバッグ: 更新前の値を確認...
デバッグ: 更新前 - 金:rate, 銀:27030.11933534434, プラチナ:452.2182742966865
デバッグ: 更新後の値を確認...
デバッグ: 更新後 - 金:rate, 銀:27047.761307391604, プラチナ:452.4463218379355
R30（金買取価格）を 27047.76円/g に更新しました
R31（銀買取価格）を 452.45円/g に更新しました
R32（プラチナ買取価格）を 11766.03円/g に更新しました
デバッグ: ファイルを保存中...
ストックシートの貴金属価格更新が完了しました（書式保持）。
デバッグ: 保存後の確認...
デバッグ: 保存後確認 - 金:rate, 銀:27047.7613073916, プラチナ:452.4463218379355
H14に実行日 2026/04/21 を更新しました
H16に実行日 2026/04/21 を更新しました
家計資産シートの実行日更新が完了しました（書式保持）。
[2026/04/21  3:30:16.41] Price update completed successfully 
[2026/04/22  3:30:01.77] Starting price update with correct Python path... 
[2026/04/22  3:30:01.85] Using Python from Anaconda maki2 environment 
2026-04-22 03:30:08,677 - INFO - === 価格データの自動更新を開始 ===
2026-04-22 03:30:08,685 - INFO - --- 仮想通貨価格の更新 ---
2026-04-22 03:30:09,248 - INFO - 仮想通貨価格の更新が完了しました
2026-04-22 03:30:09,248 - INFO - --- 貴金属価格の更新 ---
2026-04-22 03:30:10,906 - INFO - 貴金属価格の更新が完了しました
2026-04-22 03:30:10,906 - INFO - --- 実行日の更新 ---
2026-04-22 03:30:11,085 - INFO - 実行日の更新が完了しました
2026-04-22 03:30:11,085 - INFO - === 更新完了: 3/3 タスクが成功 ===
2026-04-22 03:30:11,085 - INFO - 全ての更新が正常に完了しました
指定されたファイルが見つかりません: MyWork/datasets/maki_250630.xlsx
代替パスを検索中...
ファイルを発見: .\datasets\maki_250630.xlsx
J29（ビットコイン価格）を 1202.71万円 に更新しました
J30（イーサリウム価格）を 36.74万円 に更新しました
ファイル '.\datasets\maki_250630.xlsx' の更新が完了しました（書式保持）。
デバッグ: Excelファイルパス = .\datasets\maki_250630.xlsx
デバッグ: 貴金属価格を取得中...
デバッグ: 取得した価格 = {'gold': 26726.654707682595, 'silver': 445.20289032373586, 'platinum': 11721.757644945043}
デバッグ: Excelファイルを読み込み中...
デバッグ: 利用可能なシート名 = ['ストック', '家計資産', 'calc', '口座', 'フロー', '2nd2', 'Tips', '給与', '損益通算']
デバッグ: 'ストック'シートを取得しました
デバッグ: 更新前の値を確認...
デバッグ: 更新前 - 金:rate, 銀:27047.7613073916, プラチナ:452.4463218379355
デバッグ: 更新後の値を確認...
デバッグ: 更新後 - 金:rate, 銀:26726.654707682595, プラチナ:445.20289032373586
R30（金買取価格）を 26726.65円/g に更新しました
R31（銀買取価格）を 445.20円/g に更新しました
R32（プラチナ買取価格）を 11721.76円/g に更新しました
デバッグ: ファイルを保存中...
ストックシートの貴金属価格更新が完了しました（書式保持）。
デバッグ: 保存後の確認...
デバッグ: 保存後確認 - 金:rate, 銀:26726.6547076826, プラチナ:445.2028903237359
H14に実行日 2026/04/22 を更新しました
H16に実行日 2026/04/22 を更新しました
家計資産シートの実行日更新が完了しました（書式保持）。
[2026/04/22  3:30:11.19] Price update completed successfully 
[2026/04/23  3:30:02.37] Starting price update with correct Python path... 
[2026/04/23  3:30:02.41] Using Python from Anaconda maki2 environment 
2026-04-23 03:30:10,698 - INFO - === 価格データの自動更新を開始 ===
2026-04-23 03:30:10,731 - INFO - --- 仮想通貨価格の更新 ---
2026-04-23 03:30:11,414 - INFO - 仮想通貨価格の更新が完了しました
2026-04-23 03:30:11,414 - INFO - --- 貴金属価格の更新 ---
2026-04-23 03:30:13,376 - INFO - 貴金属価格の更新が完了しました
2026-04-23 03:30:13,376 - INFO - --- 実行日の更新 ---
2026-04-23 03:30:13,626 - INFO - 実行日の更新が完了しました
2026-04-23 03:30:13,634 - INFO - === 更新完了: 3/3 タスクが成功 ===
2026-04-23 03:30:13,643 - INFO - 全ての更新が正常に完了しました
指定されたファイルが見つかりません: MyWork/datasets/maki_250630.xlsx
代替パスを検索中...
ファイルを発見: .\datasets\maki_250630.xlsx
J29（ビットコイン価格）を 1258.96万円 に更新しました
J30（イーサリウム価格）を 38.25万円 に更新しました
ファイル '.\datasets\maki_250630.xlsx' の更新が完了しました（書式保持）。
デバッグ: Excelファイルパス = .\datasets\maki_250630.xlsx
デバッグ: 貴金属価格を取得中...
Google Financeから価格を抽出できませんでした。デフォルトレートを使用します。
デバッグ: 取得した価格 = {'gold': 25552.289615210582, 'silver': 423.1572269777777, 'platinum': 11088.012010091006}
デバッグ: Excelファイルを読み込み中...
デバッグ: 利用可能なシート名 = ['ストック', '家計資産', 'calc', '口座', 'フロー', '2nd2', 'Tips', '給与', '損益通算']
デバッグ: 'ストック'シートを取得しました
デバッグ: 更新前の値を確認...
デバッグ: 更新前 - 金:rate, 銀:26726.6547076826, プラチナ:445.2028903237359
デバッグ: 更新後の値を確認...
デバッグ: 更新後 - 金:rate, 銀:25552.289615210582, プラチナ:423.1572269777777
R30（金買取価格）を 25552.29円/g に更新しました
R31（銀買取価格）を 423.16円/g に更新しました
R32（プラチナ買取価格）を 11088.01円/g に更新しました
デバッグ: ファイルを保存中...
ストックシートの貴金属価格更新が完了しました（書式保持）。
デバッグ: 保存後の確認...
デバッグ: 保存後確認 - 金:rate, 銀:25552.28961521058, プラチナ:423.1572269777777
H14に実行日 2026/04/23 を更新しました
H16に実行日 2026/04/23 を更新しました
家計資産シートの実行日更新が完了しました（書式保持）。
[2026/04/23  3:30:13.74] Price update completed successfully 
[2026/04/24  3:30:02.85] Starting price update with correct Python path... 
[2026/04/24  3:30:02.95] Using Python from Anaconda maki2 environment 
2026-04-24 03:30:09,610 - INFO - === 価格データの自動更新を開始 ===
2026-04-24 03:30:09,634 - INFO - --- 仮想通貨価格の更新 ---
2026-04-24 03:30:10,177 - INFO - 仮想通貨価格の更新が完了しました
2026-04-24 03:30:10,182 - INFO - --- 貴金属価格の更新 ---
2026-04-24 03:30:11,462 - INFO - 貴金属価格の更新が完了しました
2026-04-24 03:30:11,462 - INFO - --- 実行日の更新 ---
2026-04-24 03:30:11,632 - INFO - 実行日の更新が完了しました
2026-04-24 03:30:11,633 - INFO - === 更新完了: 3/3 タスクが成功 ===
2026-04-24 03:30:11,633 - INFO - 全ての更新が正常に完了しました
指定されたファイルが見つかりません: MyWork/datasets/maki_250630.xlsx
代替パスを検索中...
ファイルを発見: .\datasets\maki_250630.xlsx
J29（ビットコイン価格）を 1243.00万円 に更新しました
J30（イーサリウム価格）を 36.86万円 に更新しました
ファイル '.\datasets\maki_250630.xlsx' の更新が完了しました（書式保持）。
デバッグ: Excelファイルパス = .\datasets\maki_250630.xlsx
デバッグ: 貴金属価格を取得中...
デバッグ: 取得した価格 = {'gold': 26703.469651658794, 'silver': 436.03050288758794, 'platinum': 11564.20234319287}
デバッグ: Excelファイルを読み込み中...
デバッグ: 利用可能なシート名 = ['ストック', '家計資産', 'calc', '口座', 'フロー', '2nd2', 'Tips', '給与', '損益通算']
デバッグ: 'ストック'シートを取得しました
デバッグ: 更新前の値を確認...
デバッグ: 更新前 - 金:rate, 銀:25552.28961521058, プラチナ:423.1572269777777
デバッグ: 更新後の値を確認...
デバッグ: 更新後 - 金:rate, 銀:26703.469651658794, プラチナ:436.03050288758794
R30（金買取価格）を 26703.47円/g に更新しました
R31（銀買取価格）を 436.03円/g に更新しました
R32（プラチナ買取価格）を 11564.20円/g に更新しました
デバッグ: ファイルを保存中...
ストックシートの貴金属価格更新が完了しました（書式保持）。
デバッグ: 保存後の確認...
デバッグ: 保存後確認 - 金:rate, 銀:26703.46965165879, プラチナ:436.0305028875879
H14に実行日 2026/04/24 を更新しました
H16に実行日 2026/04/24 を更新しました
家計資産シートの実行日更新が完了しました（書式保持）。
[2026/04/24  3:30:11.74] Price update completed successfully 
[2026/04/25  3:30:02.68] Starting price update with correct Python path... 
[2026/04/25  3:30:02.87] Using Python from Anaconda maki2 environment 
2026-04-25 03:30:10,536 - INFO - === 価格データの自動更新を開始 ===
2026-04-25 03:30:10,549 - INFO - --- 仮想通貨価格の更新 ---
2026-04-25 03:30:11,107 - INFO - 仮想通貨価格の更新が完了しました
2026-04-25 03:30:11,111 - INFO - --- 貴金属価格の更新 ---
2026-04-25 03:30:12,402 - INFO - 貴金属価格の更新が完了しました
2026-04-25 03:30:12,402 - INFO - --- 実行日の更新 ---
2026-04-25 03:30:12,557 - INFO - 実行日の更新が完了しました
2026-04-25 03:30:12,557 - INFO - === 更新完了: 3/3 タスクが成功 ===
2026-04-25 03:30:12,557 - INFO - 全ての更新が正常に完了しました
指定されたファイルが見つかりません: MyWork/datasets/maki_250630.xlsx
代替パスを検索中...
ファイルを発見: .\datasets\maki_250630.xlsx
J29（ビットコイン価格）を 1235.91万円 に更新しました
J30（イーサリウム価格）を 36.92万円 に更新しました
ファイル '.\datasets\maki_250630.xlsx' の更新が完了しました（書式保持）。
デバッグ: Excelファイルパス = .\datasets\maki_250630.xlsx
デバッグ: 貴金属価格を取得中...
デバッグ: 取得した価格 = {'gold': 26465.086574499594, 'silver': 432.2840757073544, 'platinum': 11562.00470862559}
デバッグ: Excelファイルを読み込み中...
デバッグ: 利用可能なシート名 = ['ストック', '家計資産', 'calc', '口座', 'フロー', '2nd2', 'Tips', '給与', '損益通算']
デバッグ: 'ストック'シートを取得しました
デバッグ: 更新前の値を確認...
デバッグ: 更新前 - 金:rate, 銀:26703.46965165879, プラチナ:436.0305028875879
デバッグ: 更新後の値を確認...
デバッグ: 更新後 - 金:rate, 銀:26465.086574499594, プラチナ:432.2840757073544
R30（金買取価格）を 26465.09円/g に更新しました
R31（銀買取価格）を 432.28円/g に更新しました
R32（プラチナ買取価格）を 11562.00円/g に更新しました
デバッグ: ファイルを保存中...
ストックシートの貴金属価格更新が完了しました（書式保持）。
デバッグ: 保存後の確認...
デバッグ: 保存後確認 - 金:rate, 銀:26465.08657449959, プラチナ:432.2840757073544
H14に実行日 2026/04/25 を更新しました
H16に実行日 2026/04/25 を更新しました
家計資産シートの実行日更新が完了しました（書式保持）。
[2026/04/25  3:30:12.63] Price update completed successfully 
[2026/04/26  3:30:03.27] Starting price update with correct Python path... 
[2026/04/26  3:30:03.39] Using Python from Anaconda maki2 environment 
2026-04-26 03:30:13,522 - INFO - === 価格データの自動更新を開始 ===
2026-04-26 03:30:13,551 - INFO - --- 仮想通貨価格の更新 ---
2026-04-26 03:30:14,730 - INFO - 仮想通貨価格の更新が完了しました
2026-04-26 03:30:14,734 - INFO - --- 貴金属価格の更新 ---
2026-04-26 03:30:16,676 - INFO - 貴金属価格の更新が完了しました
2026-04-26 03:30:16,688 - INFO - --- 実行日の更新 ---
2026-04-26 03:30:17,463 - INFO - 実行日の更新が完了しました
2026-04-26 03:30:17,463 - INFO - === 更新完了: 3/3 タスクが成功 ===
2026-04-26 03:30:17,467 - INFO - 全ての更新が正常に完了しました
指定されたファイルが見つかりません: MyWork/datasets/maki_250630.xlsx
代替パスを検索中...
ファイルを発見: .\datasets\maki_250630.xlsx
J29（ビットコイン価格）を 1232.31万円 に更新しました
J30（イーサリウム価格）を 36.84万円 に更新しました
ファイル '.\datasets\maki_250630.xlsx' の更新が完了しました（書式保持）。
デバッグ: Excelファイルパス = .\datasets\maki_250630.xlsx
デバッグ: 貴金属価格を取得中...
デバッグ: 取得した価格 = {'gold': 26400.835745399905, 'silver': 424.6926081456614, 'platinum': 11283.391946012836}
デバッグ: Excelファイルを読み込み中...
デバッグ: 利用可能なシート名 = ['ストック', '家計資産', 'calc', '口座', 'フロー', '2nd2', 'Tips', '給与', '損益通算']
デバッグ: 'ストック'シートを取得しました
デバッグ: 更新前の値を確認...
デバッグ: 更新前 - 金:rate, 銀:26465.08657449959, プラチナ:432.2840757073544
デバッグ: 更新後の値を確認...
デバッグ: 更新後 - 金:rate, 銀:26400.835745399905, プラチナ:424.6926081456614
R30（金買取価格）を 26400.84円/g に更新しました
R31（銀買取価格）を 424.69円/g に更新しました
R32（プラチナ買取価格）を 11283.39円/g に更新しました
デバッグ: ファイルを保存中...
ストックシートの貴金属価格更新が完了しました（書式保持）。
デバッグ: 保存後の確認...
デバッグ: 保存後確認 - 金:rate, 銀:26400.83574539991, プラチナ:424.6926081456614
H14に実行日 2026/04/26 を更新しました
H16に実行日 2026/04/26 を更新しました
家計資産シートの実行日更新が完了しました（書式保持）。
[2026/04/26  3:30:17.69] Price update completed successfully 
[2026/04/27  3:30:03.26] Starting price update with correct Python path... 
[2026/04/27  3:30:03.38] Using Python from Anaconda maki2 environment 
2026-04-27 03:30:13,368 - INFO - === 価格データの自動更新を開始 ===
2026-04-27 03:30:13,401 - INFO - --- 仮想通貨価格の更新 ---
2026-04-27 03:30:14,464 - INFO - 仮想通貨価格の更新が完了しました
2026-04-27 03:30:14,464 - INFO - --- 貴金属価格の更新 ---
2026-04-27 03:30:16,334 - INFO - 貴金属価格の更新が完了しました
2026-04-27 03:30:16,334 - INFO - --- 実行日の更新 ---
2026-04-27 03:30:16,792 - INFO - 実行日の更新が完了しました
2026-04-27 03:30:16,792 - INFO - === 更新完了: 3/3 タスクが成功 ===
2026-04-27 03:30:16,792 - INFO - 全ての更新が正常に完了しました
指定されたファイルが見つかりません: MyWork/datasets/maki_250630.xlsx
代替パスを検索中...
ファイルを発見: .\datasets\maki_250630.xlsx
J29（ビットコイン価格）を 1240.92万円 に更新しました
J30（イーサリウム価格）を 37.48万円 に更新しました
ファイル '.\datasets\maki_250630.xlsx' の更新が完了しました（書式保持）。
デバッグ: Excelファイルパス = .\datasets\maki_250630.xlsx
デバッグ: 貴金属価格を取得中...
デバッグ: 取得した価格 = {'gold': 26362.967868269065, 'silver': 423.7271326036899, 'platinum': 11291.437285600747}
デバッグ: Excelファイルを読み込み中...
デバッグ: 利用可能なシート名 = ['ストック', '家計資産', 'calc', '口座', 'フロー', '2nd2', 'Tips', '給与', '損益通算']
デバッグ: 'ストック'シートを取得しました
デバッグ: 更新前の値を確認...
デバッグ: 更新前 - 金:rate, 銀:26400.83574539991, プラチナ:424.6926081456614
デバッグ: 更新後の値を確認...
デバッグ: 更新後 - 金:rate, 銀:26362.967868269065, プラチナ:423.7271326036899
R30（金買取価格）を 26362.97円/g に更新しました
R31（銀買取価格）を 423.73円/g に更新しました
R32（プラチナ買取価格）を 11291.44円/g に更新しました
デバッグ: ファイルを保存中...
ストックシートの貴金属価格更新が完了しました（書式保持）。
デバッグ: 保存後の確認...
デバッグ: 保存後確認 - 金:rate, 銀:26362.96786826906, プラチナ:423.7271326036899
H14に実行日 2026/04/27 を更新しました
H16に実行日 2026/04/27 を更新しました
家計資産シートの実行日更新が完了しました（書式保持）。
[2026/04/27  3:30:16.93] Price update completed successfully 
[2026/04/28  3:30:04.31] Starting price update with correct Python path... 
[2026/04/28  3:30:04.35] Using Python from Anaconda maki2 environment 
2026-04-28 03:30:20,153 - INFO - === 価格データの自動更新を開始 ===
2026-04-28 03:30:20,198 - INFO - --- 仮想通貨価格の更新 ---
2026-04-28 03:30:21,526 - INFO - 仮想通貨価格の更新が完了しました
2026-04-28 03:30:21,530 - INFO - --- 貴金属価格の更新 ---
2026-04-28 03:30:23,180 - INFO - 貴金属価格の更新が完了しました
2026-04-28 03:30:23,181 - INFO - --- 実行日の更新 ---
2026-04-28 03:30:23,969 - INFO - 実行日の更新が完了しました
2026-04-28 03:30:23,971 - INFO - === 更新完了: 3/3 タスクが成功 ===
2026-04-28 03:30:23,973 - INFO - 全ての更新が正常に完了しました
指定されたファイルが見つかりません: MyWork/datasets/maki_250630.xlsx
代替パスを検索中...
ファイルを発見: .\datasets\maki_250630.xlsx
J29（ビットコイン価格）を 1222.30万円 に更新しました
J30（イーサリウム価格）を 36.43万円 に更新しました
ファイル '.\datasets\maki_250630.xlsx' の更新が完了しました（書式保持）。
デバッグ: Excelファイルパス = .\datasets\maki_250630.xlsx
デバッグ: 貴金属価格を取得中...
デバッグ: 取得した価格 = {'gold': 26480.338176560163, 'silver': 425.590960637337, 'platinum': 11341.953482656678}
デバッグ: Excelファイルを読み込み中...
デバッグ: 利用可能なシート名 = ['ストック', '家計資産', 'calc', '口座', 'フロー', '2nd2', 'Tips', '給与', '損益通算']
デバッグ: 'ストック'シートを取得しました
デバッグ: 更新前の値を確認...
デバッグ: 更新前 - 金:rate, 銀:26362.96786826906, プラチナ:423.7271326036899
デバッグ: 更新後の値を確認...
デバッグ: 更新後 - 金:rate, 銀:26480.338176560163, プラチナ:425.590960637337
R30（金買取価格）を 26480.34円/g に更新しました
R31（銀買取価格）を 425.59円/g に更新しました
R32（プラチナ買取価格）を 11341.95円/g に更新しました
デバッグ: ファイルを保存中...
ストックシートの貴金属価格更新が完了しました（書式保持）。
デバッグ: 保存後の確認...
デバッグ: 保存後確認 - 金:rate, 銀:26480.33817656016, プラチナ:425.590960637337
H14に実行日 2026/04/28 を更新しました
H16に実行日 2026/04/28 を更新しました
家計資産シートの実行日更新が完了しました（書式保持）。
[2026/04/28  3:30:24.11] Price update completed successfully 
[2026/04/29  3:30:03.42] Starting price update with correct Python path... 
[2026/04/29  3:30:03.47] Using Python from Anaconda maki2 environment 
2026-04-29 03:30:10,693 - INFO - === 価格データの自動更新を開始 ===
2026-04-29 03:30:10,722 - INFO - --- 仮想通貨価格の更新 ---
2026-04-29 03:30:11,688 - INFO - 仮想通貨価格の更新が完了しました
2026-04-29 03:30:11,688 - INFO - --- 貴金属価格の更新 ---
2026-04-29 03:30:20,562 - INFO - 貴金属価格の更新が完了しました
2026-04-29 03:30:20,566 - INFO - --- 実行日の更新 ---
2026-04-29 03:30:20,867 - INFO - 実行日の更新が完了しました
2026-04-29 03:30:20,867 - INFO - === 更新完了: 3/3 タスクが成功 ===
2026-04-29 03:30:20,871 - INFO - 全ての更新が正常に完了しました
指定されたファイルが見つかりません: MyWork/datasets/maki_250630.xlsx
代替パスを検索中...
ファイルを発見: .\datasets\maki_250630.xlsx
J29（ビットコイン価格）を 1215.89万円 に更新しました
J30（イーサリウム価格）を 36.59万円 に更新しました
ファイル '.\datasets\maki_250630.xlsx' の更新が完了しました（書式保持）。
デバッグ: Excelファイルパス = .\datasets\maki_250630.xlsx
デバッグ: 貴金属価格を取得中...
Google Financeから価格を抽出できませんでした。デフォルトレートを使用します。
デバッグ: 取得した価格 = {'gold': 24756.76208922963, 'silver': 397.11146699100533, 'platinum': 10573.23902291693}
デバッグ: Excelファイルを読み込み中...
デバッグ: 利用可能なシート名 = ['ストック', '家計資産', 'calc', '口座', 'フロー', '2nd2', 'Tips', '給与', '損益通算']
デバッグ: 'ストック'シートを取得しました
デバッグ: 更新前の値を確認...
デバッグ: 更新前 - 金:rate, 銀:26480.33817656016, プラチナ:425.590960637337
デバッグ: 更新後の値を確認...
デバッグ: 更新後 - 金:rate, 銀:24756.76208922963, プラチナ:397.11146699100533
R30（金買取価格）を 24756.76円/g に更新しました
R31（銀買取価格）を 397.11円/g に更新しました
R32（プラチナ買取価格）を 10573.24円/g に更新しました
デバッグ: ファイルを保存中...
ストックシートの貴金属価格更新が完了しました（書式保持）。
デバッグ: 保存後の確認...
デバッグ: 保存後確認 - 金:rate, 銀:24756.76208922963, プラチナ:397.1114669910053
H14に実行日 2026/04/29 を更新しました
H16に実行日 2026/04/29 を更新しました
家計資産シートの実行日更新が完了しました（書式保持）。
[2026/04/29  3:30:20.96] Price update completed successfully 
[2026/04/30  3:30:03.92] Starting price update with correct Python path... 
[2026/04/30  3:30:04.01] Using Python from Anaconda maki2 environment 
2026-04-30 03:30:13,412 - INFO - === 価格データの自動更新を開始 ===
2026-04-30 03:30:13,466 - INFO - --- 仮想通貨価格の更新 ---
2026-04-30 03:30:14,345 - INFO - 仮想通貨価格の更新が完了しました
2026-04-30 03:30:14,345 - INFO - --- 貴金属価格の更新 ---
2026-04-30 03:30:16,840 - INFO - 貴金属価格の更新が完了しました
2026-04-30 03:30:16,840 - INFO - --- 実行日の更新 ---
2026-04-30 03:30:17,390 - INFO - 実行日の更新が完了しました
2026-04-30 03:30:17,394 - INFO - === 更新完了: 3/3 タスクが成功 ===
2026-04-30 03:30:17,394 - INFO - 全ての更新が正常に完了しました
指定されたファイルが見つかりません: MyWork/datasets/maki_250630.xlsx
代替パスを検索中...
ファイルを発見: .\datasets\maki_250630.xlsx
J29（ビットコイン価格）を 1204.11万円 に更新しました
J30（イーサリウム価格）を 35.77万円 に更新しました
ファイル '.\datasets\maki_250630.xlsx' の更新が完了しました（書式保持）。
デバッグ: Excelファイルパス = .\datasets\maki_250630.xlsx
デバッグ: 貴金属価格を取得中...
Google Financeから価格を抽出できませんでした。デフォルトレートを使用します。
デバッグ: 取得した価格 = {'gold': 24865.17220914603, 'silver': 402.67766229576716, 'platinum': 10622.718965630687}
デバッグ: Excelファイルを読み込み中...
デバッグ: 利用可能なシート名 = ['ストック', '家計資産', 'calc', '口座', 'フロー', '2nd2', 'Tips', '給与', '損益通算']
デバッグ: 'ストック'シートを取得しました
デバッグ: 更新前の値を確認...
デバッグ: 更新前 - 金:rate, 銀:24756.76208922963, プラチナ:397.1114669910053
デバッグ: 更新後の値を確認...
デバッグ: 更新後 - 金:rate, 銀:24865.17220914603, プラチナ:402.67766229576716
R30（金買取価格）を 24865.17円/g に更新しました
R31（銀買取価格）を 402.68円/g に更新しました
R32（プラチナ買取価格）を 10622.72円/g に更新しました
デバッグ: ファイルを保存中...
ストックシートの貴金属価格更新が完了しました（書式保持）。
デバッグ: 保存後の確認...
デバッグ: 保存後確認 - 金:rate, 銀:24865.17220914603, プラチナ:402.6776622957672
H14に実行日 2026/04/30 を更新しました
H16に実行日 2026/04/30 を更新しました
家計資産シートの実行日更新が完了しました（書式保持）。
[2026/04/30  3:30:17.51] Price update completed successfully 
[2026/05/01  3:54:01.80] Starting price update with correct Python path... 
[2026/05/01  3:54:01.84] Using Python from Anaconda maki2 environment 
2026-05-01 03:54:08,169 - INFO - === 価格データの自動更新を開始 ===
2026-05-01 03:54:08,178 - INFO - --- 仮想通貨価格の更新 ---
2026-05-01 03:54:08,925 - INFO - 仮想通貨価格の更新が完了しました
2026-05-01 03:54:08,935 - INFO - --- 貴金属価格の更新 ---
2026-05-01 03:54:10,701 - INFO - 貴金属価格の更新が完了しました
2026-05-01 03:54:10,701 - INFO - --- 実行日の更新 ---
2026-05-01 03:54:10,915 - INFO - 実行日の更新が完了しました
2026-05-01 03:54:10,915 - INFO - === 更新完了: 3/3 タスクが成功 ===
2026-05-01 03:54:10,915 - INFO - 全ての更新が正常に完了しました
指定されたファイルが見つかりません: MyWork/datasets/maki_250630.xlsx
代替パスを検索中...
ファイルを発見: .\datasets\maki_250630.xlsx
J29（ビットコイン価格）を 1194.90万円 に更新しました
J30（イーサリウム価格）を 35.38万円 に更新しました
ファイル '.\datasets\maki_250630.xlsx' の更新が完了しました（書式保持）。
デバッグ: Excelファイルパス = .\datasets\maki_250630.xlsx
デバッグ: 貴金属価格を取得中...
Google Financeから価格を抽出できませんでした。デフォルトレートを使用します。
デバッグ: 取得した価格 = {'gold': 24389.132769241267, 'silver': 389.4232666328042, 'platinum': 10319.617788353438}
デバッグ: Excelファイルを読み込み中...
デバッグ: 利用可能なシート名 = ['ストック', '家計資産', 'calc', '口座', 'フロー', '2nd2', 'Tips', '給与', '損益通算']
デバッグ: 'ストック'シートを取得しました
デバッグ: 更新前の値を確認...
デバッグ: 更新前 - 金:rate, 銀:24865.17220914603, プラチナ:402.6776622957672
デバッグ: 更新後の値を確認...
デバッグ: 更新後 - 金:rate, 銀:24389.132769241267, プラチナ:389.4232666328042
R30（金買取価格）を 24389.13円/g に更新しました
R31（銀買取価格）を 389.42円/g に更新しました
R32（プラチナ買取価格）を 10319.62円/g に更新しました
デバッグ: ファイルを保存中...
ストックシートの貴金属価格更新が完了しました（書式保持）。
デバッグ: 保存後の確認...
デバッグ: 保存後確認 - 金:rate, 銀:24389.13276924127, プラチナ:389.4232666328042
H14に実行日 2026/05/01 を更新しました
H16に実行日 2026/05/01 を更新しました
家計資産シートの実行日更新が完了しました（書式保持）。
[2026/05/01  3:54:11.00] Price update completed successfully 
[2026/05/02  3:30:01.63] Starting price update with correct Python path... 
[2026/05/02  3:30:01.71] Using Python from Anaconda maki2 environment 
2026-05-02 03:30:06,790 - INFO - === 価格データの自動更新を開始 ===
2026-05-02 03:30:06,802 - INFO - --- 仮想通貨価格の更新 ---
2026-05-02 03:30:07,410 - INFO - 仮想通貨価格の更新が完了しました
2026-05-02 03:30:07,410 - INFO - --- 貴金属価格の更新 ---
2026-05-02 03:30:10,389 - INFO - 貴金属価格の更新が完了しました
2026-05-02 03:30:10,393 - INFO - --- 実行日の更新 ---
2026-05-02 03:30:10,522 - INFO - 実行日の更新が完了しました
2026-05-02 03:30:10,527 - INFO - === 更新完了: 3/3 タスクが成功 ===
2026-05-02 03:30:10,527 - INFO - 全ての更新が正常に完了しました
指定されたファイルが見つかりません: MyWork/datasets/maki_250630.xlsx
代替パスを検索中...
ファイルを発見: .\datasets\maki_250630.xlsx
J29（ビットコイン価格）を 1233.77万円 に更新しました
J30（イーサリウム価格）を 36.27万円 に更新しました
ファイル '.\datasets\maki_250630.xlsx' の更新が完了しました（書式保持）。
デバッグ: Excelファイルパス = .\datasets\maki_250630.xlsx
デバッグ: 貴金属価格を取得中...
Google Financeから価格を抽出できませんでした。デフォルトレートを使用します。
デバッグ: 取得した価格 = {'gold': 24130.730374613224, 'silver': 380.92457010687826, 'platinum': 10001.465514741798}
デバッグ: Excelファイルを読み込み中...
デバッグ: 利用可能なシート名 = ['ストック', '家計資産', 'calc', '口座', 'フロー', '2nd2', 'Tips', '給与', '損益通算']
デバッグ: 'ストック'シートを取得しました
デバッグ: 更新前の値を確認...
デバッグ: 更新前 - 金:rate, 銀:24389.13276924127, プラチナ:389.4232666328042
デバッグ: 更新後の値を確認...
デバッグ: 更新後 - 金:rate, 銀:24130.730374613224, プラチナ:380.92457010687826
R30（金買取価格）を 24130.73円/g に更新しました
R31（銀買取価格）を 380.92円/g に更新しました
R32（プラチナ買取価格）を 10001.47円/g に更新しました
デバッグ: ファイルを保存中...
ストックシートの貴金属価格更新が完了しました（書式保持）。
デバッグ: 保存後の確認...
デバッグ: 保存後確認 - 金:rate, 銀:24130.73037461322, プラチナ:380.9245701068783
H14に実行日 2026/05/02 を更新しました
H16に実行日 2026/05/02 を更新しました
家計資産シートの実行日更新が完了しました（書式保持）。
[2026/05/02  3:30:10.62] Price update completed successfully 
[2026/05/03  3:30:02.56] Starting price update with correct Python path... 
[2026/05/03  3:30:02.60] Using Python from Anaconda maki2 environment 
2026-05-03 03:30:08,769 - INFO - === 価格データの自動更新を開始 ===
2026-05-03 03:30:08,777 - INFO - --- 仮想通貨価格の更新 ---
2026-05-03 03:30:09,451 - INFO - 仮想通貨価格の更新が完了しました
2026-05-03 03:30:09,456 - INFO - --- 貴金属価格の更新 ---
2026-05-03 03:30:11,025 - INFO - 貴金属価格の更新が完了しました
2026-05-03 03:30:11,025 - INFO - --- 実行日の更新 ---
2026-05-03 03:30:11,160 - INFO - 実行日の更新が完了しました
2026-05-03 03:30:11,160 - INFO - === 更新完了: 3/3 タスクが成功 ===
2026-05-03 03:30:11,160 - INFO - 全ての更新が正常に完了しました
指定されたファイルが見つかりません: MyWork/datasets/maki_250630.xlsx
代替パスを検索中...
ファイルを発見: .\datasets\maki_250630.xlsx
J29（ビットコイン価格）を 1226.95万円 に更新しました
J30（イーサリウム価格）を 36.15万円 に更新しました
ファイル '.\datasets\maki_250630.xlsx' の更新が完了しました（書式保持）。
デバッグ: Excelファイルパス = .\datasets\maki_250630.xlsx
デバッグ: 貴金属価格を取得中...
Google Financeから価格を抽出できませんでした。デフォルトレートを使用します。
デバッグ: 取得した価格 = {'gold': 24459.125153789417, 'silver': 393.3894059026455, 'platinum': 10526.839416628041}
デバッグ: Excelファイルを読み込み中...
デバッグ: 利用可能なシート名 = ['ストック', '家計資産', 'calc', '口座', 'フロー', '2nd2', 'Tips', '給与', '損益通算']
デバッグ: 'ストック'シートを取得しました
デバッグ: 更新前の値を確認...
デバッグ: 更新前 - 金:rate, 銀:24130.73037461322, プラチナ:380.9245701068783
デバッグ: 更新後の値を確認...
デバッグ: 更新後 - 金:rate, 銀:24459.125153789417, プラチナ:393.3894059026455
R30（金買取価格）を 24459.13円/g に更新しました
R31（銀買取価格）を 393.39円/g に更新しました
R32（プラチナ買取価格）を 10526.84円/g に更新しました
デバッグ: ファイルを保存中...
ストックシートの貴金属価格更新が完了しました（書式保持）。
デバッグ: 保存後の確認...
デバッグ: 保存後確認 - 金:rate, 銀:24459.12515378942, プラチナ:393.3894059026455
H14に実行日 2026/05/03 を更新しました
H16に実行日 2026/05/03 を更新しました
家計資産シートの実行日更新が完了しました（書式保持）。
[2026/05/03  3:30:11.24] Price update completed successfully 
[2026/05/04  3:30:02.67] Starting price update with correct Python path... 
[2026/05/04  3:30:02.72] Using Python from Anaconda maki2 environment 
2026-05-04 03:30:08,604 - INFO - === 価格データの自動更新を開始 ===
2026-05-04 03:30:08,620 - INFO - --- 仮想通貨価格の更新 ---
2026-05-04 03:30:09,454 - INFO - 仮想通貨価格の更新が完了しました
2026-05-04 03:30:09,457 - INFO - --- 貴金属価格の更新 ---
2026-05-04 03:30:11,254 - INFO - 貴金属価格の更新が完了しました
2026-05-04 03:30:11,255 - INFO - --- 実行日の更新 ---
2026-05-04 03:30:11,465 - INFO - 実行日の更新が完了しました
2026-05-04 03:30:11,465 - INFO - === 更新完了: 3/3 タスクが成功 ===
2026-05-04 03:30:11,465 - INFO - 全ての更新が正常に完了しました
指定されたファイルが見つかりません: MyWork/datasets/maki_250630.xlsx
代替パスを検索中...
ファイルを発見: .\datasets\maki_250630.xlsx
J29（ビットコイン価格）を 1232.61万円 に更新しました
J30（イーサリウム価格）を 36.52万円 に更新しました
ファイル '.\datasets\maki_250630.xlsx' の更新が完了しました（書式保持）。
デバッグ: Excelファイルパス = .\datasets\maki_250630.xlsx
デバッグ: 貴金属価格を取得中...
Google Financeから価格を抽出できませんでした。デフォルトレートを使用します。
デバッグ: 取得した価格 = {'gold': 24414.56682531693, 'silver': 398.7144610867724, 'platinum': 10507.814900994706}
デバッグ: Excelファイルを読み込み中...
デバッグ: 利用可能なシート名 = ['ストック', '家計資産', 'calc', '口座', 'フロー', '2nd2', 'Tips', '給与', '損益通算']
デバッグ: 'ストック'シートを取得しました
デバッグ: 更新前の値を確認...
デバッグ: 更新前 - 金:rate, 銀:24459.12515378942, プラチナ:393.3894059026455
デバッグ: 更新後の値を確認...
デバッグ: 更新後 - 金:rate, 銀:24414.56682531693, プラチナ:398.7144610867724
R30（金買取価格）を 24414.57円/g に更新しました
R31（銀買取価格）を 398.71円/g に更新しました
R32（プラチナ買取価格）を 10507.81円/g に更新しました
デバッグ: ファイルを保存中...
ストックシートの貴金属価格更新が完了しました（書式保持）。
デバッグ: 保存後の確認...
デバッグ: 保存後確認 - 金:rate, 銀:24414.56682531693, プラチナ:398.7144610867724
H14に実行日 2026/05/04 を更新しました
H16に実行日 2026/05/04 を更新しました
家計資産シートの実行日更新が完了しました（書式保持）。
[2026/05/04  3:30:11.63] Price update completed successfully 
[2026/05/05  3:30:02.24] Starting price update with correct Python path... 
[2026/05/05  3:30:02.27] Using Python from Anaconda maki2 environment 
2026-05-05 03:30:07,847 - INFO - === 価格データの自動更新を開始 ===
2026-05-05 03:30:07,858 - INFO - --- 仮想通貨価格の更新 ---
2026-05-05 03:30:08,544 - INFO - 仮想通貨価格の更新が完了しました
2026-05-05 03:30:08,544 - INFO - --- 貴金属価格の更新 ---
2026-05-05 03:30:10,514 - INFO - 貴金属価格の更新が完了しました
2026-05-05 03:30:10,515 - INFO - --- 実行日の更新 ---
2026-05-05 03:30:10,654 - INFO - 実行日の更新が完了しました
2026-05-05 03:30:10,654 - INFO - === 更新完了: 3/3 タスクが成功 ===
2026-05-05 03:30:10,654 - INFO - 全ての更新が正常に完了しました
指定されたファイルが見つかりません: MyWork/datasets/maki_250630.xlsx
代替パスを検索中...
ファイルを発見: .\datasets\maki_250630.xlsx
J29（ビットコイン価格）を 1260.96万円 に更新しました
J30（イーサリウム価格）を 37.13万円 に更新しました
ファイル '.\datasets\maki_250630.xlsx' の更新が完了しました（書式保持）。
デバッグ: Excelファイルパス = .\datasets\maki_250630.xlsx
デバッグ: 貴金属価格を取得中...
Google Financeから価格を抽出できませんでした。デフォルトレートを使用します。
デバッグ: 取得した価格 = {'gold': 24415.208989574603, 'silver': 398.69589956984123, 'platinum': 10526.334692554497}
デバッグ: Excelファイルを読み込み中...
デバッグ: 利用可能なシート名 = ['ストック', '家計資産', 'calc', '口座', 'フロー', '2nd2', 'Tips', '給与', '損益通算']
デバッグ: 'ストック'シートを取得しました
デバッグ: 更新前の値を確認...
デバッグ: 更新前 - 金:rate, 銀:24414.56682531693, プラチナ:398.7144610867724
デバッグ: 更新後の値を確認...
デバッグ: 更新後 - 金:rate, 銀:24415.208989574603, プラチナ:398.69589956984123
R30（金買取価格）を 24415.21円/g に更新しました
R31（銀買取価格）を 398.70円/g に更新しました
R32（プラチナ買取価格）を 10526.33円/g に更新しました
デバッグ: ファイルを保存中...
ストックシートの貴金属価格更新が完了しました（書式保持）。
デバッグ: 保存後の確認...
デバッグ: 保存後確認 - 金:rate, 銀:24415.2089895746, プラチナ:398.6958995698412
H14に実行日 2026/05/05 を更新しました
H16に実行日 2026/05/05 を更新しました
家計資産シートの実行日更新が完了しました（書式保持）。
[2026/05/05  3:30:10.74] Price update completed successfully 
[2026/05/06  3:30:03.31] Starting price update with correct Python path... 
[2026/05/06  3:30:03.34] Using Python from Anaconda maki2 environment 
2026-05-06 03:30:16,484 - INFO - === 価格データの自動更新を開始 ===
2026-05-06 03:30:16,484 - INFO - --- 仮想通貨価格の更新 ---
2026-05-06 03:30:17,215 - INFO - 仮想通貨価格の更新が完了しました
2026-05-06 03:30:17,215 - INFO - --- 貴金属価格の更新 ---
2026-05-06 03:30:19,406 - INFO - 貴金属価格の更新が完了しました
2026-05-06 03:30:19,407 - INFO - --- 実行日の更新 ---
2026-05-06 03:30:19,539 - INFO - 実行日の更新が完了しました
2026-05-06 03:30:19,539 - INFO - === 更新完了: 3/3 タスクが成功 ===
2026-05-06 03:30:19,539 - INFO - 全ての更新が正常に完了しました
指定されたファイルが見つかりません: MyWork/datasets/maki_250630.xlsx
代替パスを検索中...
ファイルを発見: .\datasets\maki_250630.xlsx
J29（ビットコイン価格）を 1285.91万円 に更新しました
J30（イーサリウム価格）を 37.45万円 に更新しました
ファイル '.\datasets\maki_250630.xlsx' の更新が完了しました（書式保持）。
デバッグ: Excelファイルパス = .\datasets\maki_250630.xlsx
デバッグ: 貴金属価格を取得中...
Google Financeから価格を抽出できませんでした。デフォルトレートを使用します。
デバッグ: 取得した価格 = {'gold': 24399.62633241058, 'silver': 399.88147097301584, 'platinum': 10585.535565353968}
デバッグ: Excelファイルを読み込み中...
デバッグ: 利用可能なシート名 = ['ストック', '家計資産', 'calc', '口座', 'フロー', '2nd2', 'Tips', '給与', '損益通算']
デバッグ: 'ストック'シートを取得しました
デバッグ: 更新前の値を確認...
デバッグ: 更新前 - 金:rate, 銀:24415.2089895746, プラチナ:398.6958995698412
デバッグ: 更新後の値を確認...
デバッグ: 更新後 - 金:rate, 銀:24399.62633241058, プラチナ:399.88147097301584
R30（金買取価格）を 24399.63円/g に更新しました
R31（銀買取価格）を 399.88円/g に更新しました
R32（プラチナ買取価格）を 10585.54円/g に更新しました
デバッグ: ファイルを保存中...
ストックシートの貴金属価格更新が完了しました（書式保持）。
デバッグ: 保存後の確認...
デバッグ: 保存後確認 - 金:rate, 銀:24399.62633241058, プラチナ:399.8814709730158
H14に実行日 2026/05/06 を更新しました
H16に実行日 2026/05/06 を更新しました
家計資産シートの実行日更新が完了しました（書式保持）。
[2026/05/06  3:30:19.64] Price update completed successfully 
[2026/05/07  3:30:03.24] Starting price update with correct Python path... 
[2026/05/07  3:30:03.35] Using Python from Anaconda maki2 environment 
2026-05-07 03:30:18,802 - INFO - === 価格データの自動更新を開始 ===
2026-05-07 03:30:18,834 - INFO - --- 仮想通貨価格の更新 ---
2026-05-07 03:30:20,113 - INFO - 仮想通貨価格の更新が完了しました
2026-05-07 03:30:20,117 - INFO - --- 貴金属価格の更新 ---
2026-05-07 03:30:22,029 - INFO - 貴金属価格の更新が完了しました
2026-05-07 03:30:22,029 - INFO - --- 実行日の更新 ---
2026-05-07 03:30:22,175 - INFO - 実行日の更新が完了しました
2026-05-07 03:30:22,175 - INFO - === 更新完了: 3/3 タスクが成功 ===
2026-05-07 03:30:22,175 - INFO - 全ての更新が正常に完了しました
指定されたファイルが見つかりません: MyWork/datasets/maki_250630.xlsx
代替パスを検索中...
ファイルを発見: .\datasets\maki_250630.xlsx
J29（ビットコイン価格）を 1275.14万円 に更新しました
J30（イーサリウム価格）を 36.72万円 に更新しました
ファイル '.\datasets\maki_250630.xlsx' の更新が完了しました（書式保持）。
デバッグ: Excelファイルパス = .\datasets\maki_250630.xlsx
デバッグ: 貴金属価格を取得中...
デバッグ: 取得した価格 = {'gold': 18212.50876496936, 'silver': 293.04508219237647, 'platinum': 7841.594660969228}
デバッグ: Excelファイルを読み込み中...
デバッグ: 利用可能なシート名 = ['ストック', '家計資産', 'calc', '口座', 'フロー', '2nd2', 'Tips', '給与', '損益通算']
デバッグ: 'ストック'シートを取得しました
デバッグ: 更新前の値を確認...
デバッグ: 更新前 - 金:rate, 銀:24399.62633241058, プラチナ:399.8814709730158
デバッグ: 更新後の値を確認...
デバッグ: 更新後 - 金:rate, 銀:18212.50876496936, プラチナ:293.04508219237647
R30（金買取価格）を 18212.51円/g に更新しました
R31（銀買取価格）を 293.05円/g に更新しました
R32（プラチナ買取価格）を 7841.59円/g に更新しました
デバッグ: ファイルを保存中...
ストックシートの貴金属価格更新が完了しました（書式保持）。
デバッグ: 保存後の確認...
デバッグ: 保存後確認 - 金:rate, 銀:18212.50876496936, プラチナ:293.0450821923765
H14に実行日 2026/05/07 を更新しました
H16に実行日 2026/05/07 を更新しました
家計資産シートの実行日更新が完了しました（書式保持）。
[2026/05/07  3:30:22.28] Price update completed successfully 
[2026/05/08  3:30:02.70] Starting price update with correct Python path... 
[2026/05/08  3:30:02.73] Using Python from Anaconda maki2 environment 
2026-05-08 03:30:11,075 - INFO - === 価格データの自動更新を開始 ===
2026-05-08 03:30:11,092 - INFO - --- 仮想通貨価格の更新 ---
2026-05-08 03:30:11,725 - INFO - 仮想通貨価格の更新が完了しました
2026-05-08 03:30:11,725 - INFO - --- 貴金属価格の更新 ---
2026-05-08 03:30:13,964 - INFO - 貴金属価格の更新が完了しました
2026-05-08 03:30:13,964 - INFO - --- 実行日の更新 ---
2026-05-08 03:30:14,253 - INFO - 実行日の更新が完了しました
2026-05-08 03:30:14,253 - INFO - === 更新完了: 3/3 タスクが成功 ===
2026-05-08 03:30:14,258 - INFO - 全ての更新が正常に完了しました
指定されたファイルが見つかりません: MyWork/datasets/maki_250630.xlsx
代替パスを検索中...
ファイルを発見: .\datasets\maki_250630.xlsx
J29（ビットコイン価格）を 1256.09万円 に更新しました
J30（イーサリウム価格）を 36.04万円 に更新しました
ファイル '.\datasets\maki_250630.xlsx' の更新が完了しました（書式保持）。
デバッグ: Excelファイルパス = .\datasets\maki_250630.xlsx
デバッグ: 貴金属価格を取得中...
Google Financeから価格を抽出できませんでした。デフォルトレートを使用します。
デバッグ: 取得した価格 = {'gold': 24286.06249927831, 'silver': 389.9157073978836, 'platinum': 10451.715318168253}
デバッグ: Excelファイルを読み込み中...
デバッグ: 利用可能なシート名 = ['ストック', '家計資産', 'calc', '口座', 'フロー', '2nd2', 'Tips', '給与', '損益通算']
デバッグ: 'ストック'シートを取得しました
デバッグ: 更新前の値を確認...
デバッグ: 更新前 - 金:rate, 銀:25573, プラチナ:405.9
デバッグ: 更新後の値を確認...
デバッグ: 更新後 - 金:rate, 銀:24286.06249927831, プラチナ:389.9157073978836
R30（金買取価格）を 24286.06円/g に更新しました
R31（銀買取価格）を 389.92円/g に更新しました
R32（プラチナ買取価格）を 10451.72円/g に更新しました
デバッグ: ファイルを保存中...
ストックシートの貴金属価格更新が完了しました（書式保持）。
デバッグ: 保存後の確認...
デバッグ: 保存後確認 - 金:rate, 銀:24286.06249927831, プラチナ:389.9157073978836
H14に実行日 2026/05/08 を更新しました
H16に実行日 2026/05/08 を更新しました
家計資産シートの実行日更新が完了しました（書式保持）。
[2026/05/08  3:30:14.39] Price update completed successfully 
[2026/05/09  3:30:04.08] Starting price update with correct Python path... 
[2026/05/09  3:30:04.18] Using Python from Anaconda maki2 environment 
2026-05-09 03:30:13,047 - INFO - === 価格データの自動更新を開始 ===
2026-05-09 03:30:13,061 - INFO - --- 仮想通貨価格の更新 ---
2026-05-09 03:30:14,035 - INFO - 仮想通貨価格の更新が完了しました
2026-05-09 03:30:14,036 - INFO - --- 貴金属価格の更新 ---
2026-05-09 03:30:16,422 - INFO - 貴金属価格の更新が完了しました
2026-05-09 03:30:16,426 - INFO - --- 実行日の更新 ---
2026-05-09 03:30:16,859 - INFO - 実行日の更新が完了しました
2026-05-09 03:30:16,859 - INFO - === 更新完了: 3/3 タスクが成功 ===
2026-05-09 03:30:16,864 - INFO - 全ての更新が正常に完了しました
指定されたファイルが見つかりません: MyWork/datasets/maki_250630.xlsx
代替パスを検索中...
ファイルを発見: .\datasets\maki_250630.xlsx
J29（ビットコイン価格）を 1256.99万円 に更新しました
J30（イーサリウム価格）を 36.31万円 に更新しました
ファイル '.\datasets\maki_250630.xlsx' の更新が完了しました（書式保持）。
デバッグ: Excelファイルパス = .\datasets\maki_250630.xlsx
デバッグ: 貴金属価格を取得中...
デバッグ: 取得した価格 = {'gold': 16870.16810361797, 'silver': 278.03596342375903, 'platinum': 7445.293043278196}
デバッグ: Excelファイルを読み込み中...
デバッグ: 利用可能なシート名 = ['ストック', '家計資産', 'calc', '口座', 'フロー', '2nd2', 'Tips', '給与', '損益通算']
デバッグ: 'ストック'シートを取得しました
デバッグ: 更新前の値を確認...
デバッグ: 更新前 - 金:rate, 銀:25951, プラチナ:389.9157073978836
デバッグ: 更新後の値を確認...
デバッグ: 更新後 - 金:rate, 銀:16870.16810361797, プラチナ:278.03596342375903
R30（金買取価格）を 16870.17円/g に更新しました
R31（銀買取価格）を 278.04円/g に更新しました
R32（プラチナ買取価格）を 7445.29円/g に更新しました
デバッグ: ファイルを保存中...
ストックシートの貴金属価格更新が完了しました（書式保持）。
デバッグ: 保存後の確認...
デバッグ: 保存後確認 - 金:rate, 銀:16870.16810361797, プラチナ:278.035963423759
H14に実行日 2026/05/09 を更新しました
H16に実行日 2026/05/09 を更新しました
家計資産シートの実行日更新が完了しました（書式保持）。
[2026/05/09  3:30:17.00] Price update completed successfully 
[2026/05/10  3:30:03.30] Starting price update with correct Python path... 
[2026/05/10  3:30:03.38] Using Python from Anaconda maki2 environment 
2026-05-10 03:30:13,525 - INFO - === 価格データの自動更新を開始 ===
2026-05-10 03:30:13,562 - INFO - --- 仮想通貨価格の更新 ---
2026-05-10 03:30:14,533 - INFO - 仮想通貨価格の更新が完了しました
2026-05-10 03:30:14,533 - INFO - --- 貴金属価格の更新 ---
2026-05-10 03:30:16,650 - ERROR - 貴金属価格更新エラー: Bad magic number for central directory
2026-05-10 03:30:16,658 - ERROR - 詳細エラー情報: Traceback (most recent call last):
  File "G:\マイドライブ\MyWork\My_rule.py", line 493, in update_all_prices_with_logging
    update_precious_metal_prices_in_excel(file_path)
  File "G:\マイドライブ\MyWork\My_rule.py", line 393, in update_precious_metal_prices_in_excel
    verify_workbook = load_workbook(file_path)
                      ^^^^^^^^^^^^^^^^^^^^^^^^
  File "C:\Users\maki_\anaconda3\envs\maki2\Lib\site-packages\openpyxl\reader\excel.py", line 346, in load_workbook
    reader = ExcelReader(filename, read_only, keep_vba,
             ^^^^^^^^^^^^^^^^^^^^^^^^^^^^^^^^^^^^^^^^^^
  File "C:\Users\maki_\anaconda3\envs\maki2\Lib\site-packages\openpyxl\reader\excel.py", line 123, in __init__
    self.archive = _validate_archive(fn)
                   ^^^^^^^^^^^^^^^^^^^^^
  File "C:\Users\maki_\anaconda3\envs\maki2\Lib\site-packages\openpyxl\reader\excel.py", line 95, in _validate_archive
    archive = ZipFile(filename, 'r')
              ^^^^^^^^^^^^^^^^^^^^^^
  File "C:\Users\maki_\anaconda3\envs\maki2\Lib\zipfile\__init__.py", line 1349, in __init__
    self._RealGetContents()
  File "C:\Users\maki_\anaconda3\envs\maki2\Lib\zipfile\__init__.py", line 1446, in _RealGetContents
    raise BadZipFile("Bad magic number for central directory")
zipfile.BadZipFile: Bad magic number for central directory

2026-05-10 03:30:16,662 - INFO - --- 実行日の更新 ---
2026-05-10 03:30:17,249 - INFO - 実行日の更新が完了しました
2026-05-10 03:30:17,254 - INFO - === 更新完了: 2/3 タスクが成功 ===
2026-05-10 03:30:17,254 - WARNING - 1 個のタスクが失敗しました
指定されたファイルが見つかりません: MyWork/datasets/maki_250630.xlsx
代替パスを検索中...
ファイルを発見: .\datasets\maki_250630.xlsx
J29（ビットコイン価格）を 1269.14万円 に更新しました
J30（イーサリウム価格）を 36.61万円 に更新しました
ファイル '.\datasets\maki_250630.xlsx' の更新が完了しました（書式保持）。
デバッグ: Excelファイルパス = .\datasets\maki_250630.xlsx
デバッグ: 貴金属価格を取得中...
Google Financeから価格を抽出できませんでした。デフォルトレートを使用します。
デバッグ: 取得した価格 = {'gold': 24889.653897291002, 'silver': 419.4504680354498, 'platinum': 10728.673697185714}
デバッグ: Excelファイルを読み込み中...
デバッグ: 利用可能なシート名 = ['ストック', '家計資産', 'calc', '口座', 'フロー', '2nd2', 'Tips', '給与', '損益通算']
デバッグ: 'ストック'シートを取得しました
デバッグ: 更新前の値を確認...
デバッグ: 更新前 - 金:rate, 銀:25833, プラチナ:426
デバッグ: 更新後の値を確認...
デバッグ: 更新後 - 金:rate, 銀:24889.653897291002, プラチナ:419.4504680354498
R30（金買取価格）を 24889.65円/g に更新しました
R31（銀買取価格）を 419.45円/g に更新しました
R32（プラチナ買取価格）を 10728.67円/g に更新しました
デバッグ: ファイルを保存中...
ストックシートの貴金属価格更新が完了しました（書式保持）。
デバッグ: 保存後の確認...
貴金属価格Excel更新エラー: Bad magic number for central directory
詳細エラー情報: Traceback (most recent call last):
  File "G:\マイドライブ\MyWork\My_rule.py", line 393, in update_precious_metal_prices_in_excel
    verify_workbook = load_workbook(file_path)
                      ^^^^^^^^^^^^^^^^^^^^^^^^
  File "C:\Users\maki_\anaconda3\envs\maki2\Lib\site-packages\openpyxl\reader\excel.py", line 346, in load_workbook
    reader = ExcelReader(filename, read_only, keep_vba,
             ^^^^^^^^^^^^^^^^^^^^^^^^^^^^^^^^^^^^^^^^^^
  File "C:\Users\maki_\anaconda3\envs\maki2\Lib\site-packages\openpyxl\reader\excel.py", line 123, in __init__
    self.archive = _validate_archive(fn)
                   ^^^^^^^^^^^^^^^^^^^^^
  File "C:\Users\maki_\anaconda3\envs\maki2\Lib\site-packages\openpyxl\reader\excel.py", line 95, in _validate_archive
    archive = ZipFile(filename, 'r')
              ^^^^^^^^^^^^^^^^^^^^^^
  File "C:\Users\maki_\anaconda3\envs\maki2\Lib\zipfile\__init__.py", line 1349, in __init__
    self._RealGetContents()
  File "C:\Users\maki_\anaconda3\envs\maki2\Lib\zipfile\__init__.py", line 1446, in _RealGetContents
    raise BadZipFile("Bad magic number for central directory")
zipfile.BadZipFile: Bad magic number for central directory

H14に実行日 2026/05/10 を更新しました
H16に実行日 2026/05/10 を更新しました
家計資産シートの実行日更新が完了しました（書式保持）。
[2026/05/10  3:30:17.39] Price update completed successfully 
[2026/05/11  3:30:03.59] Starting price update with correct Python path... 
[2026/05/11  3:30:03.65] Using Python from Anaconda maki2 environment 
2026-05-11 03:30:11,225 - INFO - === 価格データの自動更新を開始 ===
2026-05-11 03:30:11,240 - INFO - --- 仮想通貨価格の更新 ---
2026-05-11 03:30:12,212 - INFO - 仮想通貨価格の更新が完了しました
2026-05-11 03:30:12,213 - INFO - --- 貴金属価格の更新 ---
2026-05-11 03:30:13,972 - INFO - 貴金属価格の更新が完了しました
2026-05-11 03:30:13,973 - INFO - --- 実行日の更新 ---
2026-05-11 03:30:14,352 - INFO - 実行日の更新が完了しました
2026-05-11 03:30:14,353 - INFO - === 更新完了: 3/3 タスクが成功 ===
2026-05-11 03:30:14,356 - INFO - 全ての更新が正常に完了しました
指定されたファイルが見つかりません: MyWork/datasets/maki_250630.xlsx
代替パスを検索中...
ファイルを発見: .\datasets\maki_250630.xlsx
J29（ビットコイン価格）を 1274.17万円 に更新しました
J30（イーサリウム価格）を 36.98万円 に更新しました
ファイル '.\datasets\maki_250630.xlsx' の更新が完了しました（書式保持）。
デバッグ: Excelファイルパス = .\datasets\maki_250630.xlsx
デバッグ: 貴金属価格を取得中...
Google Financeから価格を抽出できませんでした。デフォルトレートを使用します。
デバッグ: 取得した価格 = {'gold': 24948.592987548676, 'silver': 425.1171094428571, 'platinum': 10892.896012794708}
デバッグ: Excelファイルを読み込み中...
デバッグ: 利用可能なシート名 = ['ストック', '家計資産', 'calc', '口座', 'フロー', '2nd2', 'Tips', '給与', '損益通算']
デバッグ: 'ストック'シートを取得しました
デバッグ: 更新前の値を確認...
デバッグ: 更新前 - 金:rate, 銀:25800, プラチナ:419.4504680354498
デバッグ: 更新後の値を確認...
デバッグ: 更新後 - 金:rate, 銀:24948.592987548676, プラチナ:425.1171094428571
R30（金買取価格）を 24948.59円/g に更新しました
R31（銀買取価格）を 425.12円/g に更新しました
R32（プラチナ買取価格）を 10892.90円/g に更新しました
デバッグ: ファイルを保存中...
ストックシートの貴金属価格更新が完了しました（書式保持）。
デバッグ: 保存後の確認...
デバッグ: 保存後確認 - 金:rate, 銀:24948.59298754868, プラチナ:425.1171094428571
H14に実行日 2026/05/11 を更新しました
H16に実行日 2026/05/11 を更新しました
家計資産シートの実行日更新が完了しました（書式保持）。
[2026/05/11  3:30:14.50] Price update completed successfully 
[2026/05/12  3:30:04.21] Starting price update with correct Python path... 
[2026/05/12  3:30:04.26] Using Python from Anaconda maki2 environment 
2026-05-12 03:30:10,709 - INFO - === 価格データの自動更新を開始 ===
2026-05-12 03:30:10,722 - INFO - --- 仮想通貨価格の更新 ---
2026-05-12 03:30:11,666 - INFO - 仮想通貨価格の更新が完了しました
2026-05-12 03:30:11,668 - INFO - --- 貴金属価格の更新 ---
2026-05-12 03:30:13,359 - INFO - 貴金属価格の更新が完了しました
2026-05-12 03:30:13,361 - INFO - --- 実行日の更新 ---
2026-05-12 03:30:13,639 - INFO - 実行日の更新が完了しました
2026-05-12 03:30:13,641 - INFO - === 更新完了: 3/3 タスクが成功 ===
2026-05-12 03:30:13,641 - INFO - 全ての更新が正常に完了しました
指定されたファイルが見つかりません: MyWork/datasets/maki_250630.xlsx
代替パスを検索中...
ファイルを発見: .\datasets\maki_250630.xlsx
J29（ビットコイン価格）を 1288.50万円 に更新しました
J30（イーサリウム価格）を 36.77万円 に更新しました
ファイル '.\datasets\maki_250630.xlsx' の更新が完了しました（書式保持）。
デバッグ: Excelファイルパス = .\datasets\maki_250630.xlsx
デバッグ: 貴金属価格を取得中...
デバッグ: 取得した価格 = {'gold': 18625.627100615744, 'silver': 317.3800533795897, 'platinum': 8132.63616315253}
デバッグ: Excelファイルを読み込み中...
デバッグ: 利用可能なシート名 = ['ストック', '家計資産', 'calc', '口座', 'フロー', '2nd2', 'Tips', '給与', '損益通算']
デバッグ: 'ストック'シートを取得しました
デバッグ: 更新前の値を確認...
デバッグ: 更新前 - 金:rate, 銀:25800, プラチナ:425.1171094428571
デバッグ: 更新後の値を確認...
デバッグ: 更新後 - 金:rate, 銀:18625.627100615744, プラチナ:317.3800533795897
R30（金買取価格）を 18625.63円/g に更新しました
R31（銀買取価格）を 317.38円/g に更新しました
R32（プラチナ買取価格）を 8132.64円/g に更新しました
デバッグ: ファイルを保存中...
ストックシートの貴金属価格更新が完了しました（書式保持）。
デバッグ: 保存後の確認...
デバッグ: 保存後確認 - 金:rate, 銀:18625.62710061574, プラチナ:317.3800533795897
H14に実行日 2026/05/12 を更新しました
H16に実行日 2026/05/12 を更新しました
家計資産シートの実行日更新が完了しました（書式保持）。
[2026/05/12  3:30:13.75] Price update completed successfully 
